age,logins_last4w,logins_last2w,logins_prev2w,logins_last_week,logins_early_avg,login_trend,drop_vs_baseline,quiz_score_mean_4w,assignments_4w,video_minutes_4w,forum_posts_4w,weeks_since_active
42,15,7,8,2,3.75,0.7777777777777778,0.9090909090909091,74.92409296938389,6,448.4,4,0.0
33,9,6,3,2,3.5,1.5,0.8333333333333333,63.168498712520105,5,202.9,3,0.0
26,17,10,7,6,3.25,1.25,1.4925373134328357,56.07480943101069,7,170.3,0,0.0
41,12,5,7,2,3.25,0.625,0.7462686567164178,61.065575420996126,0,286.2,2,0.0
18,23,16,7,9,7.5,2.0,1.0526315789473684,77.45417897629466,6,388.59999999999997,3,0.0
24,7,3,4,1,2.5,0.6,0.5769230769230769,36.70451108751446,2,243.0,1,0.0
44,12,9,3,5,2.75,2.25,1.5789473684210527,77.51510822443885,2,287.8,2,0.0
23,20,13,7,9,3.5,1.625,1.8055555555555556,67.29864954663616,6,282.2,2,0.0
42,13,7,6,4,1.5,1.0,2.1875,61.85407931774851,3,234.3,1,0.0
18,28,9,19,7,5.0,0.45,0.8823529411764707,80.03520604632658,7,278.0,2,0.0
38,15,9,6,3,2.5,1.2857142857142858,1.7307692307692306,66.24299351317009,6,192.6,5,0.0
18,13,9,4,4,5.0,1.8,0.8823529411764707,53.334266299855244,6,232.9,0,0.0
43,12,7,5,2,2.5,1.1666666666666667,1.346153846153846,61.151645778211424,2,147.9,1,0.0
23,12,5,7,2,2.0,0.625,1.1904761904761905,55.38913435586969,3,228.2,1,0.0
17,26,7,19,6,6.25,0.35,0.5511811023622047,69.99361226528248,8,375.8,6,0.0
37,27,8,19,3,7.0,0.4,0.5633802816901409,76.83486270539885,8,235.9,4,0.0
41,15,9,6,6,6.75,1.2857142857142858,0.6569343065693432,74.88412232532907,6,321.2,2,0.0
17,20,9,11,4,5.25,0.75,0.8411214953271029,82.24207939493539,4,375.7,2,0.0
30,4,2,2,1,1.25,0.6666666666666666,0.7407407407407407,45.96148305096372,1,116.4,0,0.0
27,13,8,5,3,5.0,1.3333333333333333,0.7843137254901962,64.95917024809293,4,358.0,2,0.0
25,10,8,2,3,1.5,2.6666666666666665,2.5,59.06068056259775,3,179.6,2,0.0
44,15,9,6,1,5.75,1.2857142857142858,0.7692307692307693,69.95456659812619,4,234.6,1,0.0
17,3,2,1,1,1.75,1.0,0.5405405405405405,48.710897738565414,3,114.8,0,0.0
42,17,7,10,4,2.75,0.6363636363636364,1.2280701754385965,60.67875345140021,3,160.70000000000002,2,0.0
31,14,10,4,6,3.0,2.0,1.6129032258064515,57.07455373721846,4,350.7,1,0.0
43,2,1,1,0,1.25,0.5,0.37037037037037035,35.2089552912048,0,60.5,0,1.0
22,12,6,6,2,4.25,0.8571428571428571,0.6896551724137931,75.43330895313993,3,440.5,0,0.0
44,7,4,3,2,2.5,1.0,0.7692307692307692,65.07075850432662,4,261.6,0,0.0
24,19,10,9,4,5.25,1.0,0.9345794392523366,71.86779384446083,6,319.5,2,0.0
29,9,5,4,4,3.0,1.0,0.8064516129032258,68.51725988328421,6,380.0,2,0.0
39,12,5,7,1,4.75,0.625,0.5154639175257733,52.06181320635729,5,223.70000000000002,3,0.0
16,18,5,13,4,4.25,0.35714285714285715,0.574712643678161,70.48995834415345,7,251.79999999999998,5,0.0
35,18,9,9,7,3.75,0.9,1.1688311688311688,76.19021078643914,4,267.0,8,0.0
35,16,6,10,4,4.5,0.5454545454545454,0.6521739130434783,60.70174702536811,5,426.9,3,0.0
31,20,5,15,4,4.75,0.3125,0.5154639175257733,76.8521062617167,6,400.6,1,0.0
37,24,13,11,9,6.0,1.0833333333333333,1.0655737704918034,81.02665513789951,7,193.0,1,0.0
42,14,7,7,2,3.25,0.875,1.044776119402985,62.853936203523006,3,254.4,2,0.0
22,18,8,10,5,2.75,0.7272727272727273,1.4035087719298245,54.7579615467044,1,543.7,3,0.0
29,14,9,5,6,2.0,1.5,2.142857142857143,60.31590424684408,5,265.6,1,0.0
32,9,3,6,2,3.0,0.42857142857142855,0.48387096774193544,60.77511023177647,2,127.7,2,0.0
25,18,11,7,5,4.5,1.375,1.1956521739130437,77.54400271988692,5,464.0,5,0.0
44,17,11,6,6,3.75,1.5714285714285714,1.4285714285714286,68.19530291541989,5,199.8,4,0.0
33,16,14,2,8,7.0,4.666666666666667,0.9859154929577465,68.04719514434723,4,412.9,4,0.0
21,17,8,9,3,2.5,0.8,1.5384615384615383,67.23028130927072,3,517.8,3,0.0
28,30,13,17,9,7.25,0.7222222222222222,0.8843537414965987,74.7238624860939,6,503.6,2,0.0
34,19,7,12,4,2.75,0.5384615384615384,1.2280701754385965,56.2973877427727,3,398.3,1,0.0
28,23,8,15,4,2.75,0.5,1.4035087719298245,69.10622065367625,7,372.3,1,0.0
25,13,2,11,2,2.5,0.16666666666666666,0.3846153846153846,59.26241240325328,4,432.0,2,0.0
39,17,6,11,3,6.0,0.5,0.49180327868852464,64.35848187417537,6,295.2,3,0.0
29,22,13,9,8,6.25,1.3,1.0236220472440944,74.44147591809129,7,508.20000000000005,4,0.0
30,21,7,14,4,3.75,0.4666666666666667,0.9090909090909091,72.9438733329206,7,269.6,5,0.0
24,8,3,5,2,3.25,0.5,0.44776119402985076,48.89070440512124,4,135.3,1,0.0
31,15,5,10,3,5.0,0.45454545454545453,0.4901960784313726,61.50181364839973,6,313.2,1,0.0
36,20,9,11,6,2.5,0.75,1.7307692307692306,65.26370398501724,4,276.8,0,0.0
44,16,6,10,3,3.25,0.5454545454545454,0.8955223880597015,66.38469603118908,8,156.4,2,0.0
32,12,3,9,1,2.0,0.3,0.7142857142857143,66.48100736930073,4,248.1,1,0.0
25,11,4,7,0,1.5,0.5,1.25,52.33699665829685,2,179.7,0,1.0
18,9,2,7,2,3.75,0.25,0.2597402597402597,65.81594423179246,5,490.2,3,0.0
35,13,6,7,3,2.0,0.75,1.4285714285714286,56.0470836719051,1,253.2,3,0.0
39,17,12,5,7,7.0,2.0,0.8450704225352114,75.16807338225449,6,476.3,2,0.0
32,7,4,3,3,3.5,1.0,0.5555555555555556,64.93448737879937,4,625.2,2,0.0
42,13,8,5,3,4.5,1.3333333333333333,0.8695652173913044,65.032351694549,5,547.0,2,0.0
25,9,5,4,2,1.25,1.0,1.8518518518518516,58.39355542443522,1,283.0,0,0.0
17,6,1,5,1,1.0,0.16666666666666666,0.45454545454545453,40.81496950993023,2,45.7,0,0.0
34,12,7,5,3,2.0,1.1666666666666667,1.6666666666666665,57.513373412460325,3,274.3,2,0.0
19,14,8,6,4,3.25,1.1428571428571428,1.1940298507462686,50.40303019017333,4,565.0,5,0.0
36,21,15,6,10,4.25,2.142857142857143,1.7241379310344829,68.06312295065021,4,272.0,3,0.0
28,24,9,15,5,4.0,0.5625,1.0975609756097562,62.05313286173197,4,270.1,1,0.0
33,12,6,6,1,3.75,0.8571428571428571,0.7792207792207793,61.095506365108264,5,478.1,2,0.0
33,12,6,6,3,3.25,0.8571428571428571,0.8955223880597015,60.221963314725606,2,371.1,1,0.0
31,9,3,6,3,3.75,0.42857142857142855,0.38961038961038963,66.09246341128046,2,447.9,1,0.0
32,9,6,3,3,2.0,1.5,1.4285714285714286,38.07740216783317,1,70.0,0,0.0
36,5,1,4,0,4.75,0.2,0.10309278350515465,49.543900751825156,3,166.4,0,1.0
30,23,11,12,7,4.25,0.8461538461538461,1.264367816091954,77.04890575628241,6,404.3,0,0.0
33,12,6,6,2,1.75,0.8571428571428571,1.6216216216216215,42.44720224151575,2,163.0,0,0.0
20,24,10,14,7,5.25,0.6666666666666666,0.9345794392523366,66.58507054025021,8,282.1,4,0.0
22,12,9,3,6,2.0,2.25,2.142857142857143,44.88109203530677,3,203.0,1,0.0
18,12,5,7,3,3.5,0.625,0.6944444444444444,56.71052561349556,2,290.4,0,0.0
21,14,7,7,3,2.5,0.875,1.346153846153846,38.766905152219046,3,411.0,1,0.0
28,10,6,4,3,3.0,1.2,0.9677419354838709,67.94400072118009,5,503.3,1,0.0
38,19,9,10,4,5.0,0.8181818181818182,0.8823529411764707,70.201859922467,7,201.8,0,0.0
32,3,2,1,0,2.0,1.0,0.47619047619047616,66.36540429621728,1,66.39999999999999,0,1.0
21,19,10,9,3,3.5,1.0,1.3888888888888888,55.704847715734886,4,184.2,3,0.0
26,18,12,6,7,5.25,1.7142857142857142,1.1214953271028039,76.71184183386389,7,256.2,2,0.0
38,22,11,11,7,3.75,0.9166666666666666,1.4285714285714286,69.1635249445185,5,207.6,3,0.0
42,13,6,7,3,5.75,0.75,0.5128205128205129,69.09955147441312,5,319.3,1,0.0
43,9,5,4,4,2.75,1.0,0.8771929824561403,64.03338166960464,2,211.4,3,0.0
27,22,11,11,4,4.0,0.9166666666666666,1.3414634146341464,77.86665231891159,5,343.0,2,0.0
30,3,1,2,1,1.0,0.3333333333333333,0.45454545454545453,46.49184101042619,0,37.8,1,0.0
17,14,8,6,3,3.75,1.1428571428571428,1.0389610389610389,65.80600823910873,6,308.7,1,0.0
17,13,4,9,1,4.0,0.4,0.48780487804878053,71.61851154681872,5,473.3,6,0.0
37,5,2,3,1,2.25,0.5,0.425531914893617,58.09271281118761,3,156.0,0,0.0
22,9,5,4,3,1.25,1.0,1.8518518518518516,54.59686069387263,1,202.3,0,0.0
36,18,9,9,7,4.5,0.9,0.9782608695652175,73.77300391211168,7,632.1,0,0.0
26,1,1,0,0,1.0,1.0,0.45454545454545453,82.72173050528181,1,53.4,0,1.0
39,13,8,5,5,3.0,1.3333333333333333,1.2903225806451613,53.89602277574815,3,83.2,2,0.0
19,11,6,5,0,3.25,1.0,0.8955223880597015,53.92240307020102,5,192.9,2,1.0
25,10,2,8,1,6.25,0.2222222222222222,0.15748031496062992,63.611481017193164,3,266.7,2,0.0
28,17,9,8,3,3.25,1.0,1.3432835820895521,64.56101013563192,5,363.3,3,0.0
32,14,4,10,1,3.5,0.36363636363636365,0.5555555555555556,61.54366675241991,7,210.5,3,0.0
20,29,13,16,8,4.5,0.7647058823529411,1.4130434782608696,77.44347170689645,8,244.3,5,0.0
35,10,5,5,2,3.5,0.8333333333333334,0.6944444444444444,61.068872282009785,4,173.6,4,0.0
43,19,8,11,1,3.5,0.6666666666666666,1.1111111111111112,68.54916814502563,7,412.6,4,0.0
18,16,5,11,1,1.5,0.4166666666666667,1.5625,44.85731753523986,3,186.0,1,0.0
34,13,9,4,4,3.75,1.8,1.1688311688311688,66.1711222227613,4,168.7,1,0.0
42,18,12,6,7,5.75,1.7142857142857142,1.0256410256410258,77.4059153249592,6,476.5,3,0.0
36,19,9,10,3,2.5,0.8181818181818182,1.7307692307692306,63.10366354974122,5,167.8,1,0.0
36,26,14,12,9,7.0,1.0769230769230769,0.9859154929577465,79.76402050679478,8,427.6,8,0.0
20,15,6,9,5,4.5,0.6,0.6521739130434783,70.88870121809617,5,447.8,4,0.0
26,16,6,10,4,4.5,0.5454545454545454,0.6521739130434783,84.50819637248094,4,386.8,3,0.0
40,11,5,6,3,2.25,0.7142857142857143,1.0638297872340425,60.95089888866411,3,344.6,4,0.0
17,3,2,1,2,0.0,1.0,10.0,57.23949484695227,1,118.8,1,0.0
32,7,3,4,1,2.0,0.6,0.7142857142857143,54.635669566851725,2,76.4,1,0.0
44,2,1,1,0,2.0,0.5,0.23809523809523808,42.51849655545351,0,69.7,0,1.0
44,10,8,2,3,3.5,2.6666666666666665,1.1111111111111112,66.64401554091909,4,445.1,3,0.0
33,8,2,6,2,3.0,0.2857142857142857,0.3225806451612903,52.63617272199869,3,148.7,1,0.0
23,8,2,6,1,3.75,0.2857142857142857,0.2597402597402597,57.03854089381824,3,433.5,0,0.0
44,14,2,12,0,4.5,0.15384615384615385,0.2173913043478261,80.4118124516293,6,463.6,3,1.0
21,23,12,11,5,9.25,1.0,0.6417112299465241,74.61387635911808,4,268.8,3,0.0
19,19,12,7,4,6.25,1.5,0.9448818897637796,66.31288030367617,3,259.7,4,0.0
30,17,6,11,1,5.5,0.5,0.5357142857142857,80.54308918523544,8,391.5,3,0.0
27,14,6,8,5,6.75,0.6666666666666666,0.43795620437956206,81.1470220417516,7,495.4,3,0.0
30,3,1,2,0,0.75,0.3333333333333333,0.5882352941176471,46.680182723461115,0,66.3,2,1.0
42,12,7,5,4,2.0,1.1666666666666667,1.6666666666666665,61.213643676629985,3,129.6,4,0.0
41,4,1,3,0,0.25,0.25,1.4285714285714286,45.368962978187504,0,80.9,0,1.0
22,13,4,9,1,4.25,0.4,0.4597701149425288,61.60739950650109,7,295.09999999999997,2,0.0
25,15,8,7,2,3.75,1.0,1.0389610389610389,64.18773855144671,7,485.5,2,0.0
16,19,9,10,6,2.25,0.8181818181818182,1.9148936170212765,60.47363216736687,2,239.8,1,0.0
35,9,4,5,3,4.75,0.6666666666666666,0.4123711340206186,70.95987960911484,5,365.9,3,0.0
40,1,1,0,0,1.25,1.0,0.37037037037037035,47.8303771639722,1,92.3,0,1.0
20,6,1,5,0,4.5,0.16666666666666666,0.10869565217391305,73.53509024192655,2,82.4,0,1.0
38,19,10,9,4,3.25,1.0,1.4925373134328357,71.49827694673333,6,144.3,2,0.0
20,6,1,5,0,3.25,0.16666666666666666,0.14925373134328357,50.482111998596345,2,153.6,1,1.0
36,10,5,5,2,1.5,0.8333333333333334,1.5625,43.87218172487936,3,162.2,3,0.0
20,25,15,10,8,5.0,1.3636363636363635,1.4705882352941178,61.686607916204615,3,254.60000000000002,1,0.0
19,20,8,12,5,2.75,0.6153846153846154,1.4035087719298245,87.02341092953164,7,487.5,4,0.0
36,8,2,6,0,5.25,0.2857142857142857,0.1869158878504673,76.05027434324357,7,178.2,3,1.0
33,8,5,3,4,1.0,1.25,2.2727272727272725,53.762403350566295,1,74.8,0,0.0
30,30,19,11,13,4.25,1.5833333333333333,2.1839080459770117,74.84525142660334,5,247.3,1,0.0
39,11,7,4,7,4.0,1.4,0.853658536585366,52.91468823788009,3,239.7,3,0.0
33,11,7,4,3,3.0,1.4,1.129032258064516,60.37896224585965,3,160.4,0,0.0
24,9,5,4,2,3.25,1.0,0.7462686567164178,69.53999815944282,3,146.2,1,0.0
23,14,4,10,1,2.5,0.36363636363636365,0.7692307692307692,53.84624863252291,5,326.0,3,0.0
26,15,7,8,3,3.25,0.7777777777777778,1.044776119402985,61.096229496339625,4,225.6,1,0.0
30,15,8,7,4,4.75,1.0,0.8247422680412372,60.287871888235344,5,399.1,3,0.0
21,22,9,13,4,4.5,0.6428571428571429,0.9782608695652175,89.64916124705809,7,315.8,5,0.0
27,16,4,12,3,2.75,0.3076923076923077,0.7017543859649122,47.955805991911696,5,530.8,1,0.0
34,9,3,6,1,2.5,0.42857142857142855,0.5769230769230769,57.66766931831234,0,149.5,1,0.0
29,18,12,6,8,3.25,1.7142857142857142,1.791044776119403,65.96894210151828,2,216.9,3,0.0
33,11,3,8,2,2.25,0.3333333333333333,0.6382978723404255,48.393590391783974,1,270.1,1,0.0
20,15,4,11,1,4.25,0.3333333333333333,0.4597701149425288,64.81846717938893,3,196.5,3,0.0
44,10,5,5,3,1.25,0.8333333333333334,1.8518518518518516,42.888940046332216,1,164.70000000000002,0,0.0
41,14,10,4,4,2.75,2.0,1.7543859649122806,54.529235257969596,2,142.2,2,0.0
28,14,7,7,5,3.5,0.875,0.9722222222222222,73.65608672267737,2,442.3,1,0.0
27,10,2,8,2,3.5,0.2222222222222222,0.2777777777777778,57.68262425232726,5,156.5,0,0.0
21,13,5,8,2,2.5,0.5555555555555556,0.9615384615384615,53.55231345517434,2,105.0,2,0.0
33,17,8,9,5,7.5,0.8,0.5263157894736842,67.18574310556419,5,191.4,1,0.0
34,10,5,5,3,3.75,0.8333333333333334,0.6493506493506493,73.62069848690338,5,335.2,0,0.0
18,17,6,11,0,5.5,0.5,0.5357142857142857,71.24282064754333,4,201.0,3,1.0
36,14,7,7,0,3.5,0.875,0.9722222222222222,63.244550456196556,3,363.3,0,1.0
18,6,4,2,2,2.0,1.3333333333333333,0.9523809523809523,67.65573930324457,3,194.79999999999998,2,0.0
24,12,5,7,2,4.0,0.625,0.6097560975609757,61.266200550437645,3,224.5,1,0.0
24,12,4,8,2,6.25,0.4444444444444444,0.31496062992125984,70.91250600007625,5,465.5,4,0.0
16,10,3,7,2,5.75,0.375,0.25641025641025644,58.785772279356515,4,173.3,0,0.0
16,12,3,9,0,5.75,0.3,0.25641025641025644,60.186739163957895,3,289.6,1,1.0
38,5,2,3,2,2.0,0.5,0.47619047619047616,57.28634290211351,2,201.0,1,0.0
29,11,5,6,2,3.25,0.7142857142857143,0.7462686567164178,58.275376450659365,8,317.2,3,0.0
21,20,6,14,3,3.5,0.4,0.8333333333333333,64.97728272148058,3,360.1,2,0.0
28,14,8,6,3,4.5,1.1428571428571428,0.8695652173913044,71.58033013852145,4,281.1,0,0.0
37,11,6,5,4,2.75,1.0,1.0526315789473684,65.47978954111262,2,236.3,1,0.0
43,7,4,3,1,1.5,1.0,1.25,54.27141862639395,1,90.3,1,0.0
34,13,9,4,2,4.75,1.8,0.9278350515463918,62.4567308437856,4,212.1,4,0.0
44,13,5,8,2,4.25,0.5555555555555556,0.574712643678161,67.18980609665782,7,295.4,1,0.0
19,15,7,8,5,5.25,0.7777777777777778,0.6542056074766356,67.03175683956235,7,355.29999999999995,6,0.0
36,14,5,9,2,4.0,0.5,0.6097560975609757,55.197273941407346,3,137.6,3,0.0
33,22,8,14,4,5.0,0.5333333333333333,0.7843137254901962,78.45721613507516,3,333.5,4,0.0
31,15,7,8,2,3.0,0.7777777777777778,1.129032258064516,54.852577483511624,5,305.2,2,0.0
21,15,5,10,2,5.5,0.45454545454545453,0.44642857142857145,80.15529206379323,7,408.4,1,0.0
36,21,10,11,2,6.0,0.8333333333333334,0.819672131147541,73.88054494025008,4,464.6,2,0.0
28,8,4,4,2,2.75,0.8,0.7017543859649122,61.0933466780755,2,84.9,1,0.0
21,18,12,6,7,2.75,1.7142857142857142,2.1052631578947367,62.636604302559554,5,208.3,2,0.0
39,21,13,8,5,5.5,1.4444444444444444,1.1607142857142858,76.35028424649839,6,226.0,4,0.0
24,18,11,7,5,4.0,1.375,1.3414634146341464,58.29789142799398,3,365.7,0,0.0
20,8,3,5,2,4.5,0.5,0.32608695652173914,57.05899109444667,5,269.3,0,0.0
35,8,2,6,0,2.5,0.2857142857142857,0.3846153846153846,62.90581967438783,2,266.5,2,1.0
41,11,7,4,2,2.0,1.4,1.6666666666666665,57.46686612312703,6,282.7,1,0.0
41,13,5,8,3,2.5,0.5555555555555556,0.9615384615384615,61.23315955387208,5,334.3,2,0.0
16,8,2,6,0,3.5,0.2857142857142857,0.2777777777777778,65.82962354169025,3,146.4,2,1.0
30,22,11,11,5,4.5,0.9166666666666666,1.1956521739130437,70.79416952292614,6,304.0,4,0.0
18,5,2,3,2,3.5,0.5,0.2777777777777778,42.65831084635878,7,101.6,1,0.0
21,4,3,1,0,1.5,1.5,0.9375,43.77453980850164,0,85.2,1,1.0
30,10,4,6,4,1.5,0.5714285714285714,1.25,72.08502018956801,5,221.1,1,0.0
39,12,7,5,4,2.75,1.1666666666666667,1.2280701754385965,57.11941918085358,2,183.6,1,0.0
41,21,10,11,6,4.75,0.8333333333333334,1.0309278350515465,63.465112810887064,6,298.0,2,0.0
31,11,5,6,3,5.25,0.7142857142857143,0.4672897196261683,75.3327609739327,6,349.5,3,0.0
37,10,3,7,1,5.5,0.375,0.26785714285714285,61.88586405379052,4,483.59999999999997,3,0.0
29,6,2,4,0,2.75,0.4,0.3508771929824561,64.55069360719749,1,95.5,0,1.0
37,12,7,5,6,4.0,1.1666666666666667,0.853658536585366,71.13879024786338,3,186.9,2,0.0
39,21,9,12,5,4.5,0.6923076923076923,0.9782608695652175,58.73023015649156,3,156.1,1,0.0
36,18,10,8,6,3.25,1.1111111111111112,1.4925373134328357,60.36570076373268,4,433.40000000000003,4,0.0
38,19,11,8,5,3.25,1.2222222222222223,1.6417910447761193,54.10639036906292,4,441.0,0,0.0
34,12,5,7,4,1.75,0.625,1.3513513513513513,55.77747407700741,4,114.6,1,0.0
42,10,2,8,0,2.25,0.2222222222222222,0.425531914893617,69.41410583506267,3,123.7,1,1.0
17,11,7,4,4,4.0,1.4,0.853658536585366,61.89885555390791,3,156.3,3,0.0
20,2,1,1,0,0.25,0.5,1.4285714285714286,,1,60.1,0,1.0
43,14,8,6,3,3.75,1.1428571428571428,1.0389610389610389,59.96890585437158,5,351.3,2,0.0
32,7,2,5,1,1.75,0.3333333333333333,0.5405405405405405,51.929322151785264,1,259.7,2,0.0
36,14,10,4,6,4.75,2.0,1.0309278350515465,77.43431502305964,5,410.70000000000005,5,0.0
38,16,10,6,6,3.0,1.4285714285714286,1.6129032258064515,46.71618372133624,4,96.10000000000001,4,0.0
41,11,6,5,3,4.5,1.0,0.6521739130434783,72.5145257360436,5,163.39999999999998,6,0.0
21,25,12,13,8,5.5,0.8571428571428571,1.0714285714285714,74.03697843918246,4,572.3000000000001,7,0.0
21,8,2,6,0,3.75,0.2857142857142857,0.2597402597402597,54.82343516127645,4,451.40000000000003,3,1.0
31,5,1,4,1,2.75,0.2,0.17543859649122806,33.05967382397219,0,131.1,0,0.0
31,9,6,3,4,5.0,1.5,0.5882352941176471,69.51289724214159,2,253.0,1,0.0
17,3,1,2,0,0.75,0.3333333333333333,0.5882352941176471,,0,32.6,0,1.0
28,22,7,15,3,4.75,0.4375,0.7216494845360826,78.71959659171802,7,348.4,2,0.0
42,18,7,11,3,5.25,0.5833333333333334,0.6542056074766356,69.89155265869219,8,373.6,2,0.0
39,11,2,9,1,3.0,0.2,0.3225806451612903,47.07953596992504,1,312.40000000000003,0,0.0
31,12,3,9,0,5.5,0.3,0.26785714285714285,80.41650586926794,3,161.7,2,1.0
34,11,6,5,3,2.5,1.0,1.1538461538461537,51.0361492664273,1,160.4,2,0.0
36,10,6,4,4,3.0,1.2,0.9677419354838709,46.52587950698096,1,249.1,1,0.0
19,12,8,4,6,5.25,1.6,0.7476635514018692,67.09452804351808,5,380.2,2,0.0
17,7,4,3,1,3.0,1.0,0.6451612903225806,54.67657815476983,3,169.3,1,0.0
36,9,5,4,3,1.25,1.0,1.8518518518518516,50.6328011537948,2,195.7,1,0.0
31,11,7,4,5,1.25,1.4,2.5925925925925926,57.30409968433322,1,162.3,1,0.0
19,7,3,4,2,3.5,0.6,0.41666666666666663,68.43289526786167,2,265.8,4,0.0
19,18,8,10,4,2.75,0.7272727272727273,1.4035087719298245,54.523929701865484,3,393.1,2,0.0
44,10,4,6,2,5.0,0.5714285714285714,0.3921568627450981,75.28076309774852,4,129.5,2,0.0
16,14,7,7,3,7.5,0.875,0.46052631578947373,78.41532297370793,8,449.3,4,0.0
16,2,2,0,0,1.25,2.0,0.7407407407407407,42.985381131523226,0,34.0,0,1.0
16,5,1,4,0,2.0,0.2,0.23809523809523808,43.02915577888412,2,100.5,1,1.0
34,31,19,12,13,5.0,1.4615384615384615,1.8627450980392157,86.43495464924486,7,339.4,6,0.0
42,9,4,5,0,2.5,0.6666666666666666,0.7692307692307692,60.32114225430374,2,125.3,0,1.0
20,18,10,8,8,4.25,1.1111111111111112,1.149425287356322,64.01203457038392,6,308.40000000000003,1,0.0
22,16,6,10,4,3.0,0.5454545454545454,0.9677419354838709,67.76257712447881,4,320.5,2,0.0
18,5,3,2,2,1.5,1.0,0.9375,43.8095487048495,3,151.2,1,0.0
30,19,11,8,5,4.25,1.2222222222222223,1.264367816091954,67.84294516732102,7,299.9,5,0.0
18,19,7,12,3,5.5,0.5384615384615384,0.625,67.23268425308407,3,367.5,2,0.0
19,12,8,4,3,4.0,1.6,0.9756097560975611,70.47671409039528,5,306.2,3,0.0
39,12,9,3,3,3.5,2.25,1.25,48.160510751886285,5,299.2,3,0.0
34,15,9,6,4,2.5,1.2857142857142858,1.7307692307692306,57.44219535462,2,242.6,3,0.0
24,14,9,5,6,4.5,1.5,0.9782608695652175,76.3285218985878,4,213.20000000000002,2,0.0
25,16,8,8,4,4.5,0.8888888888888888,0.8695652173913044,84.51806011632038,7,446.0,4,0.0
33,21,10,11,4,4.0,0.8333333333333334,1.2195121951219514,79.3122441626228,7,194.8,2,0.0
31,6,1,5,0,1.75,0.16666666666666666,0.27027027027027023,64.79912625353472,5,225.6,1,1.0
38,12,7,5,4,4.5,1.1666666666666667,0.7608695652173914,68.39677250211258,4,183.5,3,0.0
40,12,3,9,2,2.5,0.3,0.5769230769230769,51.83018855561173,4,186.8,1,0.0
17,16,8,8,4,5.0,0.8888888888888888,0.7843137254901962,77.26522444525803,7,238.9,4,0.0
24,17,5,12,3,4.25,0.38461538461538464,0.574712643678161,75.00596376838882,4,553.0,1,0.0
23,21,10,11,4,4.0,0.8333333333333334,1.2195121951219514,79.85724834516627,5,249.4,4,0.0
21,6,4,2,4,1.75,1.3333333333333333,1.081081081081081,54.3547694310976,2,105.9,0,0.0
42,20,10,10,5,3.0,0.9090909090909091,1.6129032258064515,62.81960092708411,5,345.4,1,0.0
25,10,2,8,0,5.75,0.2222222222222222,0.17094017094017094,60.823736203096146,3,164.5,1,1.0
17,16,7,9,2,4.75,0.7,0.7216494845360826,73.38674147279883,6,437.0,3,0.0
38,19,11,8,5,3.75,1.2222222222222223,1.4285714285714286,64.93336704529072,2,280.0,2,0.0
25,17,10,7,4,4.75,1.25,1.0309278350515465,55.057912841491415,5,338.0,6,0.0
31,19,9,10,3,2.5,0.8181818181818182,1.7307692307692306,56.9842273051009,1,209.8,1,0.0
22,22,11,11,6,6.25,0.9166666666666666,0.8661417322834646,86.6573065536528,7,585.1,4,0.0
19,6,4,2,1,2.25,1.3333333333333333,0.851063829787234,55.064690889712416,1,159.7,1,0.0
34,12,4,8,1,1.5,0.4444444444444444,1.25,58.05542842039993,2,439.5,2,0.0
32,19,9,10,5,4.25,0.8181818181818182,1.0344827586206897,71.45417484492845,4,438.6,1,0.0
27,21,14,7,8,6.0,1.75,1.1475409836065575,60.863354840623664,5,361.3,3,0.0
20,19,12,7,5,4.75,1.5,1.2371134020618557,72.80614399490068,4,271.6,3,0.0
30,7,3,4,1,3.0,0.6,0.48387096774193544,69.73418449251149,4,251.8,0,0.0
21,19,9,10,3,4.75,0.8181818181818182,0.9278350515463918,62.82427608733507,5,269.0,3,0.0
20,5,1,4,1,0.5,0.2,0.8333333333333334,,2,116.60000000000001,0,0.0
30,17,8,9,2,5.75,0.8,0.6837606837606838,65.3867550944892,3,404.7,2,0.0
34,23,9,14,4,5.25,0.6,0.8411214953271029,80.1410174297651,7,579.3,5,0.0
24,10,7,3,2,2.0,1.75,1.6666666666666665,67.38176610107742,4,212.20000000000002,6,0.0
19,13,4,9,2,1.0,0.4,1.8181818181818181,60.238111427669914,2,292.1,2,0.0
32,20,10,10,5,3.75,0.9090909090909091,1.2987012987012987,65.5337351600252,4,267.09999999999997,6,0.0
37,20,14,6,7,4.5,2.0,1.5217391304347827,85.12530342227711,7,392.90000000000003,5,0.0
27,6,5,1,4,1.75,2.5,1.3513513513513513,47.51933636769351,2,87.1,1,0.0
23,16,11,5,9,3.5,1.8333333333333333,1.5277777777777777,55.17177403928498,2,273.5,2,0.0
32,5,1,4,1,1.5,0.2,0.3125,50.700865404601814,4,194.4,0,0.0
35,21,13,8,8,4.75,1.4444444444444444,1.3402061855670104,64.49036490354936,3,363.6,2,0.0
32,16,13,3,5,3.75,3.25,1.6883116883116882,70.43245377538953,3,490.8,6,0.0
31,20,10,10,6,5.0,0.9090909090909091,0.9803921568627452,82.0005117827734,6,475.9,1,0.0
34,10,5,5,4,2.25,0.8333333333333334,1.0638297872340425,59.3094140467914,2,183.1,2,0.0
40,11,6,5,3,5.5,1.0,0.5357142857142857,78.01935589016108,6,357.3,5,0.0
23,13,10,3,7,4.0,2.5,1.2195121951219514,70.33951498548673,3,254.7,4,0.0
37,16,6,10,3,2.75,0.5454545454545454,1.0526315789473684,74.88181152895986,5,402.5,1,0.0
25,17,6,11,3,6.5,0.5,0.4545454545454546,72.91947763276833,6,271.7,4,0.0
34,28,12,16,8,4.5,0.7058823529411765,1.3043478260869565,68.29887987844114,6,686.5,4,0.0
42,8,3,5,2,2.25,0.5,0.6382978723404255,45.41171358326138,0,141.4,1,0.0
23,18,10,8,5,6.25,1.1111111111111112,0.7874015748031497,75.99195514556713,3,352.6,1,0.0
31,16,10,6,3,2.75,1.4285714285714286,1.7543859649122806,65.1229577524385,6,493.29999999999995,3,0.0
34,20,10,10,6,5.5,0.9090909090909091,0.8928571428571429,51.23996314130377,5,247.7,1,0.0
17,7,3,4,2,2.25,0.6,0.6382978723404255,,1,190.29999999999998,1,0.0
27,6,4,2,2,2.0,1.3333333333333333,0.9523809523809523,43.39478119888607,0,144.8,0,0.0
16,10,6,4,1,2.75,1.2,1.0526315789473684,61.74499748030604,1,62.099999999999994,1,0.0
25,16,10,6,6,2.5,1.4285714285714286,1.923076923076923,58.7306108130587,2,692.3,2,0.0
25,16,8,8,3,3.25,0.8888888888888888,1.1940298507462686,74.18511241741695,6,365.0,1,0.0
27,16,11,5,6,4.5,1.8333333333333333,1.1956521739130437,68.75000045681918,7,374.9,4,0.0
36,12,5,7,2,2.75,0.625,0.8771929824561403,68.58359382015266,3,317.90000000000003,0,0.0
29,22,12,10,4,6.5,1.0909090909090908,0.9090909090909092,64.8020797860469,3,201.60000000000002,0,0.0
17,17,10,7,4,3.0,1.25,1.6129032258064515,54.42768336580591,4,322.1,1,0.0
35,20,8,12,5,5.0,0.6153846153846154,0.7843137254901962,65.82783638739726,1,262.8,4,0.0
41,7,3,4,0,1.5,0.6,0.9375,,1,77.5,1,1.0
20,15,10,5,3,4.75,1.6666666666666667,1.0309278350515465,71.52737135703772,7,470.3,2,0.0
18,11,3,8,1,3.75,0.3333333333333333,0.38961038961038963,61.388489412470854,1,126.9,5,0.0
38,13,3,10,0,2.5,0.2727272727272727,0.5769230769230769,67.56089402293857,3,330.3,3,1.0
28,19,5,14,2,4.25,0.3333333333333333,0.574712643678161,79.33739567528391,5,540.1999999999999,4,0.0
30,7,4,3,2,2.5,1.0,0.7692307692307692,47.94133006257226,2,156.0,1,0.0
44,10,3,7,2,4.25,0.375,0.3448275862068966,66.15682186397393,3,297.1,2,0.0
39,22,12,10,8,4.0,1.0909090909090908,1.4634146341463417,73.73027089705337,5,274.7,5,0.0
36,16,6,10,2,5.0,0.5454545454545454,0.5882352941176471,68.77713351823463,7,460.6,2,0.0
27,13,7,6,4,4.5,1.0,0.7608695652173914,50.73088012019358,3,117.3,3,0.0
36,21,11,10,6,6.25,1.0,0.8661417322834646,71.57325823039248,7,464.5,5,0.0
25,7,4,3,3,1.75,1.0,1.081081081081081,56.905317609458265,3,244.1,0,0.0
20,6,3,3,0,2.25,0.75,0.6382978723404255,61.24023429113602,2,324.70000000000005,0,1.0
36,5,3,2,1,2.0,1.0,0.7142857142857143,56.55530942124744,2,150.6,2,0.0
36,7,3,4,0,1.75,0.6,0.8108108108108107,50.18394181156015,1,113.60000000000001,0,1.0
33,9,5,4,2,2.5,1.0,0.9615384615384615,56.26616605802482,4,156.5,0,0.0
17,10,6,4,2,2.25,1.2,1.276595744680851,59.03053960427836,3,165.7,3,0.0
30,20,11,9,5,3.75,1.1,1.4285714285714286,56.19838013087173,4,360.5,0,0.0
16,9,4,5,2,4.0,0.6666666666666666,0.48780487804878053,69.59527582602728,4,592.1,3,0.0
36,9,3,6,2,4.75,0.42857142857142855,0.30927835051546393,59.898578766397456,5,210.1,3,0.0
30,13,9,4,4,2.5,1.8,1.7307692307692306,44.88855866254485,2,109.9,0,0.0
41,14,8,6,4,6.0,1.1428571428571428,0.6557377049180328,79.89879118398686,5,574.0,1,0.0
34,10,5,5,3,2.25,0.8333333333333334,1.0638297872340425,46.87763045180795,3,248.3,0,0.0
33,16,12,4,8,5.5,2.4,1.0714285714285714,70.45537410673792,4,297.3,3,0.0
20,16,6,10,3,2.5,0.5454545454545454,1.1538461538461537,60.55233164072203,6,204.9,1,0.0
33,33,18,15,7,5.5,1.125,1.6071428571428572,71.61742512277917,5,483.2,1,0.0
20,28,16,12,13,7.0,1.2307692307692308,1.1267605633802817,59.03850630164279,3,701.3000000000001,2,0.0
35,2,1,1,1,0.5,0.5,0.8333333333333334,44.38955604780095,2,98.2,1,0.0
18,16,6,10,1,5.5,0.5454545454545454,0.5357142857142857,84.57513479269439,5,524.6,3,0.0
25,20,10,10,6,4.25,0.9090909090909091,1.149425287356322,75.27149352260615,6,298.1,6,0.0
42,4,2,2,0,3.75,0.6666666666666666,0.2597402597402597,43.112054204028745,3,233.1,1,1.0
42,9,6,3,2,3.75,1.5,0.7792207792207793,60.95925601489856,4,236.4,2,0.0
43,6,2,4,2,2.0,0.4,0.47619047619047616,40.73539812117138,2,114.3,4,0.0
19,18,11,7,4,1.5,1.375,3.4375,67.44996103340435,4,218.5,5,0.0
38,17,9,8,7,7.5,1.0,0.5921052631578948,70.70476394458184,6,476.5,3,0.0
28,20,10,10,5,3.25,0.9090909090909091,1.4925373134328357,58.2509056108912,5,153.1,3,0.0
35,13,4,9,2,3.5,0.4,0.5555555555555556,68.35497188820499,5,366.0,1,0.0
32,18,9,9,3,3.0,0.9,1.4516129032258065,64.55061665724547,4,180.4,3,0.0
22,27,13,14,4,5.25,0.8666666666666667,1.2149532710280375,70.2080603219594,5,271.1,1,0.0
30,24,14,10,7,3.75,1.2727272727272727,1.8181818181818181,69.31995617474979,5,222.10000000000002,2,0.0
40,14,6,8,1,2.5,0.6666666666666666,1.1538461538461537,48.06131157624504,2,284.3,1,0.0
39,8,4,4,1,2.75,0.8,0.7017543859649122,54.51819221724369,3,202.0,1,0.0
32,26,8,18,4,3.5,0.42105263157894735,1.1111111111111112,62.47780890236966,5,652.1,1,0.0
31,18,11,7,8,5.25,1.375,1.0280373831775702,55.618104863004305,3,239.1,1,0.0
36,16,1,15,0,3.0,0.0625,0.16129032258064516,75.8664375739145,4,297.8,2,1.0
31,12,1,11,0,5.0,0.08333333333333333,0.09803921568627452,57.364608568530876,4,156.9,1,1.0
28,10,8,2,6,3.75,2.6666666666666665,1.0389610389610389,65.41319660737173,4,334.4,3,0.0
31,16,5,11,2,3.0,0.4166666666666667,0.8064516129032258,50.812033143282335,4,223.4,4,0.0
18,15,7,8,1,2.25,0.7777777777777778,1.4893617021276595,49.52495343767976,4,253.1,3,0.0
19,25,11,14,6,6.0,0.7333333333333333,0.9016393442622951,70.2825866983655,5,754.4,1,0.0
43,14,5,9,2,2.5,0.5,0.9615384615384615,57.23371929180455,5,307.1,2,0.0
16,17,11,6,4,5.0,1.5714285714285714,1.0784313725490198,71.21985731600205,6,184.1,4,0.0
17,12,7,5,4,3.0,1.1666666666666667,1.129032258064516,53.92847569162288,6,151.6,0,0.0
28,11,5,6,2,3.0,0.7142857142857143,0.8064516129032258,60.880270464346445,2,490.7,1,0.0
42,23,10,13,5,6.0,0.7142857142857143,0.819672131147541,70.29628069285232,7,250.7,7,0.0
38,15,8,7,5,4.0,1.0,0.9756097560975611,59.13402510880932,4,239.8,4,0.0
36,21,14,7,2,4.0,1.75,1.707317073170732,66.76997715049832,7,337.3,2,0.0
40,7,3,4,2,2.5,0.6,0.5769230769230769,45.4596288931067,3,232.4,1,0.0
16,15,6,9,4,3.75,0.6,0.7792207792207793,62.28755443022678,5,444.9,1,0.0
35,3,2,1,2,1.5,1.0,0.625,48.888120726121855,4,365.0,0,0.0
33,1,1,0,0,2.25,1.0,0.2127659574468085,32.895174497731674,1,39.9,1,1.0
29,8,3,5,0,1.25,0.5,1.111111111111111,45.901702247727776,1,209.4,1,1.0
34,13,4,9,2,3.0,0.4,0.6451612903225806,51.40355928996658,3,154.29999999999998,1,0.0
29,19,10,9,3,3.25,1.0,1.4925373134328357,58.188273031859445,5,334.7,2,0.0
27,11,4,7,2,4.75,0.5,0.4123711340206186,63.29973793034835,5,402.3,1,0.0
21,17,5,12,2,2.75,0.38461538461538464,0.8771929824561403,74.73420079418322,5,300.3,3,0.0
27,25,9,16,6,2.75,0.5294117647058824,1.5789473684210527,65.71122050515757,7,364.3,4,0.0
36,14,8,6,3,4.0,1.1428571428571428,0.9756097560975611,69.08708365433122,6,472.0,3,0.0
18,10,5,5,1,3.5,0.8333333333333334,0.6944444444444444,42.077950754028215,2,187.1,2,0.0
30,16,6,10,4,3.25,0.5454545454545454,0.8955223880597015,62.011756663775444,2,253.9,3,0.0
36,14,6,8,1,3.5,0.6666666666666666,0.8333333333333333,70.55334572862718,4,392.3,2,0.0
17,3,1,2,1,1.75,0.3333333333333333,0.27027027027027023,38.74239079280281,0,75.5,2,0.0
17,4,3,1,1,2.0,1.5,0.7142857142857143,51.068594376702606,2,313.3,2,0.0
20,18,7,11,3,5.0,0.5833333333333334,0.6862745098039216,77.56191218224009,3,400.2,3,0.0
37,9,4,5,3,1.75,0.6666666666666666,1.081081081081081,38.78165320053512,1,73.5,0,0.0
41,15,6,9,3,2.75,0.6,1.0526315789473684,56.727687106653384,2,298.2,2,0.0
21,15,8,7,4,3.0,1.0,1.2903225806451613,67.16082007213086,5,295.8,4,0.0
20,3,1,2,0,0.0,0.3333333333333333,5.0,20.140499463163742,0,37.9,2,1.0
20,18,9,9,3,4.75,0.9,0.9278350515463918,65.06485268809769,6,442.8,2,0.0
26,22,12,10,6,7.5,1.0909090909090908,0.7894736842105263,82.51329669222321,6,472.79999999999995,3,0.0
37,5,2,3,1,1.25,0.5,0.7407407407407407,44.13594208855196,2,37.4,1,0.0
27,11,5,6,4,8.75,0.7142857142857143,0.2824858757062147,78.24512802891962,7,479.0,4,0.0
25,14,8,6,4,2.75,1.1428571428571428,1.4035087719298245,56.10114594818982,4,229.1,4,0.0
43,24,9,15,6,5.25,0.5625,0.8411214953271029,76.5615606672723,5,499.3,4,0.0
35,19,9,10,3,4.0,0.8181818181818182,1.0975609756097562,70.63454249595432,5,388.4,2,0.0
28,21,10,11,4,3.75,0.8333333333333334,1.2987012987012987,71.1400827114045,4,367.8,6,0.0
39,14,6,8,2,1.5,0.6666666666666666,1.875,63.759355639132416,5,297.2,0,0.0
17,16,8,8,2,3.5,0.8888888888888888,1.1111111111111112,75.669757938944,4,324.4,6,0.0
40,21,9,12,3,3.75,0.6923076923076923,1.1688311688311688,65.4671520825738,6,332.1,2,0.0
35,23,12,11,3,5.0,1.0,1.1764705882352942,81.12314317426083,8,910.5,2,0.0
43,12,9,3,4,3.5,2.25,1.25,60.90274649924504,4,181.1,3,0.0
32,22,16,6,7,4.75,2.2857142857142856,1.6494845360824744,69.32209052463271,6,505.40000000000003,1,0.0
33,14,11,3,8,4.0,2.75,1.3414634146341464,57.78478160900007,4,219.4,1,0.0
34,13,7,6,5,3.5,1.0,0.9722222222222222,63.12701569647073,5,195.6,1,0.0
21,12,4,8,1,3.5,0.4444444444444444,0.5555555555555556,65.2101514482901,3,412.0,1,0.0
31,15,7,8,4,4.0,0.7777777777777778,0.853658536585366,64.01592815695739,3,331.2,1,0.0
20,12,9,3,5,4.0,2.25,1.0975609756097562,71.31344827100273,4,305.5,2,0.0
38,13,7,6,5,5.25,1.0,0.6542056074766356,79.82938469265113,2,389.2,2,0.0
19,10,2,8,1,3.5,0.2222222222222222,0.2777777777777778,69.87964122676976,2,199.9,2,0.0
43,16,7,9,3,6.25,0.7,0.5511811023622047,61.32582820008157,3,298.6,1,0.0
35,22,11,11,7,5.0,0.9166666666666666,1.0784313725490198,76.09966394584686,6,442.0,3,0.0
25,26,13,13,6,5.75,0.9285714285714286,1.1111111111111112,71.19267995345425,6,303.7,3,0.0
26,8,3,5,2,4.0,0.5,0.3658536585365854,55.60998012719753,3,154.2,1,0.0
32,22,7,15,3,4.5,0.4375,0.7608695652173914,80.93774690658977,8,269.59999999999997,3,0.0
22,20,14,6,9,2.75,2.0,2.456140350877193,73.1132348727655,5,225.0,3,0.0
34,10,2,8,0,3.75,0.2222222222222222,0.2597402597402597,63.928736659354215,4,316.0,1,1.0
20,12,6,6,4,2.75,0.8571428571428571,1.0526315789473684,55.120281592000936,1,278.5,2,0.0
27,12,4,8,1,4.75,0.4444444444444444,0.4123711340206186,76.7708030197791,4,481.7,4,0.0
38,14,7,7,2,2.0,0.875,1.6666666666666665,48.18537531800263,3,201.4,1,0.0
30,12,6,6,4,4.25,0.8571428571428571,0.6896551724137931,73.26656659607963,7,552.4,2,0.0
44,18,10,8,7,5.25,1.1111111111111112,0.9345794392523366,77.00992578813802,4,532.9,4,0.0
42,15,8,7,6,4.5,1.0,0.8695652173913044,67.25403274734012,3,263.90000000000003,1,0.0
27,15,11,4,7,5.5,2.2,0.9821428571428572,76.54104919764148,5,565.8,0,0.0
29,24,11,13,4,4.0,0.7857142857142857,1.3414634146341464,71.56880911004963,6,448.1,4,0.0
20,13,10,3,5,4.0,2.5,1.2195121951219514,68.54731482676075,7,598.4000000000001,4,0.0
31,4,1,3,0,1.0,0.25,0.45454545454545453,28.85174045117794,1,126.4,0,1.0
20,18,7,11,3,4.25,0.5833333333333334,0.8045977011494253,66.69973251335813,8,626.2,5,0.0
34,23,11,12,8,5.75,0.8461538461538461,0.9401709401709403,83.56131128735244,7,352.4,5,0.0
44,18,7,11,1,4.75,0.5833333333333334,0.7216494845360826,78.78358833371541,8,299.6,3,0.0
41,9,4,5,2,1.75,0.6666666666666666,1.081081081081081,52.3390370885962,1,134.5,2,0.0
29,7,2,5,1,2.25,0.3333333333333333,0.425531914893617,61.6395320539676,1,63.5,2,0.0
35,15,4,11,3,5.5,0.3333333333333333,0.35714285714285715,72.72781862945902,6,221.9,4,0.0
20,23,7,16,5,5.75,0.4117647058823529,0.5982905982905983,67.95425877803885,5,526.8,5,0.0
26,8,5,3,4,2.25,1.25,1.0638297872340425,54.88812163176297,3,383.2,0,0.0
44,13,5,8,2,3.25,0.5555555555555556,0.7462686567164178,66.95632182883931,4,295.20000000000005,2,0.0
25,20,7,13,3,4.0,0.5,0.853658536585366,68.49658613538327,7,261.2,2,0.0
40,33,19,14,11,6.5,1.2666666666666666,1.4393939393939394,64.1332147820659,8,619.2,4,0.0
43,7,3,4,1,3.75,0.6,0.38961038961038963,64.15425931759933,4,321.8,3,0.0
35,24,11,13,6,2.75,0.7857142857142857,1.9298245614035088,66.25460636984847,6,486.4,4,0.0
34,11,4,7,0,2.5,0.5,0.7692307692307692,64.5286350679861,4,232.1,1,1.0
26,8,5,3,1,1.5,1.25,1.5625,51.32418606418362,2,90.2,2,0.0
26,22,12,10,5,2.0,1.0909090909090908,2.857142857142857,75.52787713547971,6,768.9,2,0.0
42,15,6,9,2,2.25,0.6,1.276595744680851,59.70113323499553,2,322.5,2,0.0
30,15,5,10,2,3.0,0.45454545454545453,0.8064516129032258,67.72523995951671,3,317.5,2,0.0
25,23,10,13,5,4.25,0.7142857142857143,1.149425287356322,65.94978541718126,3,359.1,4,0.0
21,16,11,5,7,4.5,1.8333333333333333,1.1956521739130437,62.71523034338195,4,249.5,2,0.0
16,13,9,4,4,3.75,1.8,1.1688311688311688,64.31681220350123,5,216.8,0,0.0
32,10,3,7,3,3.75,0.375,0.38961038961038963,60.97197918890988,5,145.4,3,0.0
35,34,18,16,10,6.0,1.0588235294117647,1.4754098360655739,95.91471384495375,8,590.2,7,0.0
39,13,9,4,4,4.0,1.8,1.0975609756097562,57.67280800398903,3,199.7,2,0.0
26,17,6,11,5,3.5,0.5,0.8333333333333333,57.80073876119354,4,285.0,2,0.0
40,13,4,9,2,3.75,0.4,0.5194805194805194,71.09290543723377,4,183.7,2,0.0
38,10,5,5,4,2.0,0.8333333333333334,1.1904761904761905,65.20978752399482,2,244.0,0,0.0
17,19,9,10,2,5.75,0.8181818181818182,0.7692307692307693,77.96357051417644,7,697.1,4,0.0
33,27,13,14,9,4.0,0.8666666666666667,1.5853658536585367,70.5671172280352,7,337.3,2,0.0
40,19,12,7,10,2.25,1.5,2.553191489361702,71.81163657309779,5,419.0,3,0.0
30,16,9,7,6,4.25,1.125,1.0344827586206897,82.80379974318542,5,523.0,3,0.0
29,19,7,12,4,2.5,0.5384615384615384,1.346153846153846,69.33550667411224,3,204.8,3,0.0
27,20,11,9,5,3.5,1.1,1.5277777777777777,62.60864779661753,4,394.2,7,0.0
28,9,3,6,2,3.5,0.42857142857142855,0.41666666666666663,54.72547158569591,7,115.6,1,0.0
16,34,20,14,12,5.25,1.3333333333333333,1.869158878504673,75.89927870932583,6,480.0,1,0.0
19,15,6,9,3,3.75,0.6,0.7792207792207793,56.16074455202172,2,263.0,5,0.0
37,16,6,10,4,3.75,0.5454545454545454,0.7792207792207793,66.26279298601133,8,360.7,2,0.0
26,17,6,11,5,4.0,0.5,0.7317073170731708,66.59564180794344,4,726.6,4,0.0
40,9,6,3,5,2.5,1.5,1.1538461538461537,55.705378800800815,1,129.4,1,0.0
27,20,10,10,4,5.0,0.9090909090909091,0.9803921568627452,66.53909973409655,5,536.4,2,0.0
44,7,3,4,1,1.25,0.6,1.111111111111111,54.27520970401483,1,197.7,0,0.0
21,9,1,8,0,3.25,0.1111111111111111,0.14925373134328357,51.19245943822125,4,110.8,2,1.0
39,19,15,4,8,4.0,3.0,1.829268292682927,75.30994410976162,6,328.3,4,0.0
30,11,5,6,2,3.75,0.7142857142857143,0.6493506493506493,61.032004394106686,3,426.90000000000003,5,0.0
22,12,2,10,1,2.5,0.18181818181818182,0.3846153846153846,72.58998660009024,4,192.5,1,0.0
34,14,6,8,4,4.25,0.6666666666666666,0.6896551724137931,77.81277996311988,3,289.8,3,0.0
23,22,9,13,2,3.25,0.6428571428571429,1.3432835820895521,82.62989830519302,6,409.5,3,0.0
20,11,4,7,3,4.75,0.5,0.4123711340206186,59.185188176337114,3,209.8,4,0.0
24,20,15,5,9,3.25,2.5,2.2388059701492535,82.07251923598176,4,187.4,3,0.0
18,3,3,0,3,1.25,3.0,1.111111111111111,41.97117523794424,0,107.7,2,0.0
23,11,7,4,4,3.5,1.4,0.9722222222222222,56.48761961862445,4,62.8,2,0.0
30,23,11,12,6,5.5,0.8461538461538461,0.9821428571428572,73.92909031784455,6,378.4,4,0.0
18,8,4,4,3,4.25,0.8,0.4597701149425288,59.5003044332336,2,211.4,1,0.0
41,11,5,6,2,3.25,0.7142857142857143,0.7462686567164178,63.892892994273836,4,128.5,0,0.0
30,13,8,5,3,1.5,1.3333333333333333,2.5,51.721022562457186,3,245.9,2,0.0
36,12,4,8,1,2.0,0.4444444444444444,0.9523809523809523,54.4651821142536,2,89.4,1,0.0
33,13,6,7,2,4.25,0.75,0.6896551724137931,66.84148166181825,2,133.4,3,0.0
40,18,8,10,2,1.5,0.7272727272727273,2.5,71.28504554414732,3,111.9,2,0.0
40,9,1,8,0,2.5,0.1111111111111111,0.1923076923076923,68.6978049449645,5,275.9,1,1.0
43,7,3,4,1,2.75,0.6,0.5263157894736842,58.72103182115617,0,187.1,2,0.0
31,27,12,15,8,5.25,0.75,1.1214953271028039,74.22640190642798,7,590.9,6,0.0
18,14,7,7,3,3.0,0.875,1.129032258064516,63.249432608064936,3,263.6,2,0.0
41,20,12,8,4,5.25,1.3333333333333333,1.1214953271028039,64.32871103966933,4,332.9,2,0.0
39,11,6,5,4,2.75,1.0,1.0526315789473684,62.40858851796898,3,203.1,0,0.0
43,17,7,10,4,3.25,0.6363636363636364,1.044776119402985,64.85520851059648,3,331.2,2,0.0
20,3,2,1,0,1.75,1.0,0.5405405405405405,48.77279380975482,0,90.7,3,1.0
28,23,11,12,2,4.5,0.8461538461538461,1.1956521739130437,78.82814370745426,8,467.7,2,0.0
34,19,9,10,3,4.25,0.8181818181818182,1.0344827586206897,70.62795138083408,4,250.1,2,0.0
42,7,5,2,2,1.5,1.6666666666666667,1.5625,59.99263084417755,5,245.4,0,0.0
41,3,2,1,2,1.25,1.0,0.7407407407407407,46.23814768081356,0,52.099999999999994,0,0.0
40,9,3,6,0,3.0,0.42857142857142855,0.48387096774193544,63.5265590957215,2,71.9,0,1.0
30,10,2,8,0,1.75,0.2222222222222222,0.5405405405405405,72.77668836303033,4,142.1,0,1.0
38,14,7,7,3,4.5,0.875,0.7608695652173914,55.79813050390314,3,164.7,0,0.0
33,24,12,12,4,5.0,0.9230769230769231,1.1764705882352942,88.12604736167891,7,492.1,4,0.0
27,13,6,7,5,4.25,0.75,0.6896551724137931,63.25547054913629,1,160.3,3,0.0
34,15,8,7,5,4.75,1.0,0.8247422680412372,78.9708946791226,5,442.7,1,0.0
29,23,16,7,8,4.25,2.0,1.8390804597701151,82.78488345966034,7,780.5,4,0.0
43,11,6,5,4,4.5,1.0,0.6521739130434783,69.32652142099705,5,276.5,3,0.0
16,7,3,4,2,1.5,0.6,0.9375,51.43787615047841,1,198.3,2,0.0
22,21,9,12,4,2.75,0.6923076923076923,1.5789473684210527,78.38773311158388,2,439.5,2,0.0
42,13,4,9,2,4.0,0.4,0.48780487804878053,68.4417856412888,2,232.0,1,0.0
44,20,11,9,8,6.25,1.1,0.8661417322834646,81.27533610294657,7,496.5,3,0.0
22,20,8,12,2,3.5,0.6153846153846154,1.1111111111111112,74.28244242263581,2,414.2,1,0.0
17,14,7,7,4,6.0,0.875,0.5737704918032788,69.01369039745592,4,355.20000000000005,1,0.0
31,19,11,8,6,2.75,1.2222222222222223,1.9298245614035088,72.89688044840501,5,281.5,5,0.0
16,9,5,4,2,1.25,1.0,1.8518518518518516,55.347134628646174,2,102.5,0,0.0
34,14,5,9,5,1.75,0.5,1.3513513513513513,43.481465118390666,5,132.7,1,0.0
33,10,5,5,1,3.25,0.8333333333333334,0.7462686567164178,66.34651617153958,4,187.0,1,0.0
22,8,5,3,3,1.75,1.25,1.3513513513513513,62.86391615303612,1,322.4,0,0.0
42,11,9,2,6,2.25,3.0,1.9148936170212765,52.73137679190346,3,137.6,0,0.0
22,9,4,5,3,2.75,0.6666666666666666,0.7017543859649122,66.97116362698237,3,209.3,0,0.0
22,16,6,10,2,3.5,0.5454545454545454,0.8333333333333333,51.172266671080685,3,224.9,4,0.0
31,8,4,4,2,2.75,0.8,0.7017543859649122,47.737653367399204,0,248.6,3,0.0
30,15,6,9,2,2.25,0.6,1.276595744680851,55.81185909307532,2,287.2,3,0.0
22,11,5,6,4,0.5,0.7142857142857143,4.166666666666667,60.40880124801612,4,145.8,2,0.0
42,8,5,3,0,4.0,1.25,0.6097560975609757,50.354425295595064,3,225.7,2,1.0
37,9,1,8,0,4.75,0.1111111111111111,0.10309278350515465,67.45323960512948,2,362.9,2,1.0
37,14,6,8,1,3.75,0.6666666666666666,0.7792207792207793,62.052929380121874,6,134.4,1,0.0
28,16,13,3,6,2.25,3.25,2.7659574468085104,64.1598492026761,4,249.60000000000002,2,0.0
16,12,6,6,3,2.25,0.8571428571428571,1.276595744680851,61.87424509294041,2,205.4,3,0.0
21,6,1,5,0,4.75,0.16666666666666666,0.10309278350515465,44.283963870203195,2,64.89999999999999,0,1.0
22,25,9,16,5,3.5,0.5294117647058824,1.25,62.88680787518068,4,342.09999999999997,1,0.0
21,9,6,3,5,3.5,1.5,0.8333333333333333,63.156796268995635,2,196.5,3,0.0
32,13,10,3,7,2.25,2.5,2.127659574468085,58.781067577353845,4,267.8,3,0.0
41,13,4,9,2,3.0,0.4,0.6451612903225806,62.83381712483337,1,247.0,1,0.0
38,5,1,4,0,3.5,0.2,0.1388888888888889,67.39298207208734,2,282.8,3,1.0
31,8,1,7,0,4.25,0.125,0.1149425287356322,69.66294554970196,2,290.8,0,1.0
17,9,6,3,2,2.75,1.5,1.0526315789473684,63.86158375650928,5,288.2,2,0.0
16,7,1,6,0,4.0,0.14285714285714285,0.12195121951219513,51.87060542897274,4,63.300000000000004,0,1.0
28,12,8,4,4,4.0,1.6,0.9756097560975611,65.61903394094338,5,391.4,2,0.0
16,19,7,12,3,8.0,0.5384615384615384,0.4320987654320988,77.27311108191168,7,401.4,3,0.0
38,8,3,5,2,2.5,0.5,0.5769230769230769,69.5574514565115,4,190.4,2,0.0
44,8,4,4,1,3.5,0.8,0.5555555555555556,62.32632168493456,4,148.8,4,0.0
25,7,6,1,3,3.0,3.0,0.9677419354838709,59.76997765877401,4,206.2,2,0.0
32,11,5,6,0,3.25,0.7142857142857143,0.7462686567164178,71.77050311487471,1,241.39999999999998,0,1.0
26,21,11,10,6,5.5,1.0,0.9821428571428572,74.13861427082345,8,610.1,3,0.0
21,9,5,4,3,1.25,1.0,1.8518518518518516,52.18216720600307,0,191.20000000000002,1,0.0
23,12,6,6,2,3.75,0.8571428571428571,0.7792207792207793,72.24906228935285,6,209.39999999999998,3,0.0
32,15,8,7,2,4.25,1.0,0.9195402298850576,72.45495588258672,3,352.7,3,0.0
37,17,9,8,6,3.5,1.0,1.25,60.84936630509632,3,502.3,1,0.0
30,8,3,5,0,3.0,0.5,0.48387096774193544,48.93517925390923,1,125.0,1,1.0
37,15,8,7,5,5.0,1.0,0.7843137254901962,74.04931792384785,7,576.1,3,0.0
33,12,5,7,4,4.25,0.625,0.574712643678161,58.963739829605224,3,305.2,2,0.0
26,25,12,13,4,7.25,0.8571428571428571,0.8163265306122449,80.98672026074864,8,460.8,4,0.0
31,7,1,6,0,2.25,0.14285714285714285,0.2127659574468085,60.40811208316421,6,151.7,0,1.0
38,16,6,10,3,5.25,0.5454545454545454,0.5607476635514019,58.809036461395685,3,194.2,2,0.0
21,24,16,8,5,5.5,1.7777777777777777,1.4285714285714286,75.10653041049608,7,583.5,6,0.0
30,17,7,10,2,3.75,0.6363636363636364,0.9090909090909091,80.39604932590221,7,585.5,5,0.0
18,11,6,5,3,4.5,1.0,0.6521739130434783,80.00079093038518,4,241.20000000000002,2,0.0
21,8,5,3,3,3.25,1.25,0.7462686567164178,49.050039758341626,4,251.5,1,0.0
16,12,7,5,2,0.75,1.1666666666666667,4.11764705882353,46.72881229806605,2,99.80000000000001,0,0.0
31,13,6,7,1,4.5,0.75,0.6521739130434783,70.41522693612629,7,337.3,5,0.0
26,16,5,11,2,1.5,0.4166666666666667,1.5625,61.55490688117505,2,350.8,1,0.0
41,9,3,6,0,2.25,0.42857142857142855,0.6382978723404255,63.817044325295626,3,300.3,3,1.0
36,7,1,6,1,3.75,0.14285714285714285,0.12987012987012986,52.23038583028901,3,394.1,0,0.0
33,18,8,10,6,8.0,0.7272727272727273,0.4938271604938272,90.77644209628505,6,454.9,3,0.0
34,21,12,9,3,6.75,1.2,0.8759124087591241,81.08131962041246,8,542.0,7,0.0
35,12,7,5,3,4.75,1.1666666666666667,0.7216494845360826,70.53738224220615,6,438.7,2,0.0
38,11,6,5,4,3.0,1.0,0.9677419354838709,74.63224167357805,6,179.29999999999998,4,0.0
25,14,7,7,3,3.75,0.875,0.9090909090909091,56.159954654293756,3,203.0,3,0.0
24,2,1,1,0,1.75,0.5,0.27027027027027023,43.52885867318274,0,25.400000000000002,0,1.0
36,16,7,9,3,4.0,0.7,0.853658536585366,65.99570446555624,4,462.3,2,0.0
43,12,4,8,0,4.0,0.4444444444444444,0.48780487804878053,61.655930809740816,2,216.70000000000002,1,1.0
41,17,8,9,3,6.0,0.8,0.6557377049180328,69.1879990642252,4,504.7,2,0.0
37,5,5,0,1,1.0,5.0,2.2727272727272725,51.69566424271198,0,66.6,0,0.0
31,21,12,9,7,4.5,1.2,1.3043478260869565,76.2911579642965,8,508.0,5,0.0
31,2,1,1,0,2.0,0.5,0.23809523809523808,65.62583237253115,0,89.7,0,1.0
44,12,7,5,4,1.25,1.1666666666666667,2.5925925925925926,46.277385902603044,2,222.1,1,0.0
21,17,6,11,2,5.0,0.5,0.5882352941176471,87.84791966271801,8,439.90000000000003,0,0.0
43,9,7,2,2,1.25,2.3333333333333335,2.5925925925925926,64.09036030010816,1,318.7,1,0.0
33,10,4,6,1,2.25,0.5714285714285714,0.851063829787234,59.60586512055806,3,211.5,1,0.0
35,26,15,11,8,4.0,1.25,1.829268292682927,74.62280454176253,6,375.0,5,0.0
38,13,4,9,0,5.5,0.4,0.35714285714285715,70.44043645644891,5,626.0,2,1.0
37,11,1,10,0,3.5,0.09090909090909091,0.1388888888888889,69.01037826529392,3,161.5,1,1.0
43,10,6,4,4,2.25,1.2,1.276595744680851,60.676059594827606,2,274.8,2,0.0
43,18,10,8,3,4.5,1.1111111111111112,1.0869565217391306,79.72738849647995,7,446.6,4,0.0
34,13,7,6,4,3.25,1.0,1.044776119402985,61.78948341806239,4,185.8,2,0.0
43,13,6,7,3,3.0,0.75,0.9677419354838709,63.18597194493201,3,243.9,4,0.0
44,20,11,9,5,3.75,1.1,1.4285714285714286,73.732414163946,7,410.7,6,0.0
31,13,4,9,4,1.25,0.4,1.4814814814814814,57.22256517469608,1,396.6,1,0.0
42,16,4,12,1,3.75,0.3076923076923077,0.5194805194805194,67.89653628939735,6,85.7,3,0.0
41,31,13,18,9,4.25,0.6842105263157895,1.4942528735632186,74.59226296198466,8,449.2,4,0.0
41,9,3,6,0,2.25,0.42857142857142855,0.6382978723404255,41.80225997734213,2,187.9,0,1.0
34,8,4,4,1,3.5,0.8,0.5555555555555556,56.729434558212326,5,341.3,3,0.0
32,8,1,7,0,2.75,0.125,0.17543859649122806,55.48693145050913,1,126.2,0,1.0
42,2,1,1,0,0.25,0.5,1.4285714285714286,54.91169711607623,0,85.6,0,1.0
24,11,5,6,3,3.5,0.7142857142857143,0.6944444444444444,55.84861807249462,2,153.0,2,0.0
28,17,5,12,5,6.0,0.38461538461538464,0.4098360655737705,75.73209725198527,7,398.2,4,0.0
30,7,3,4,0,2.5,0.6,0.5769230769230769,54.00861984311191,6,325.0,0,1.0
19,29,16,13,10,6.0,1.1428571428571428,1.3114754098360657,65.24305963561521,6,355.5,3,0.0
22,17,8,9,5,3.25,0.8,1.1940298507462686,74.88485357710363,5,239.2,6,0.0
16,7,6,1,2,1.5,3.0,1.875,62.37926440566259,4,65.8,1,0.0
34,15,5,10,2,2.75,0.45454545454545453,0.8771929824561403,66.55638665387815,4,241.7,2,0.0
22,21,10,11,6,5.0,0.8333333333333334,0.9803921568627452,58.82807732991412,6,196.1,1,0.0
41,18,11,7,6,5.0,1.375,1.0784313725490198,75.67779930440318,3,253.8,2,0.0
44,16,12,4,10,4.25,2.4,1.3793103448275863,66.49306306469278,4,335.6,3,0.0
33,9,4,5,2,3.75,0.6666666666666666,0.5194805194805194,58.89772339618809,5,275.8,2,0.0
23,11,6,5,4,1.5,1.0,1.875,57.13580513202682,5,331.2,3,0.0
17,14,6,8,3,3.5,0.6666666666666666,0.8333333333333333,70.7625198420053,6,195.3,3,0.0
40,15,9,6,4,3.75,1.2857142857142858,1.1688311688311688,64.8597738236054,4,294.6,1,0.0
18,21,13,8,1,5.25,1.4444444444444444,1.2149532710280375,75.2380480171404,6,414.9,4,0.0
19,20,9,11,5,6.75,0.75,0.6569343065693432,69.68435016478486,6,349.8,4,0.0
19,10,4,6,0,3.0,0.5714285714285714,0.6451612903225806,53.32927205284352,5,295.1,0,1.0
44,8,3,5,2,2.75,0.5,0.5263157894736842,47.905525575277395,1,105.6,1,0.0
44,12,5,7,4,2.75,0.625,0.8771929824561403,66.53393148824462,6,440.7,1,0.0
43,17,7,10,3,6.25,0.6363636363636364,0.5511811023622047,64.09705218364905,7,649.9,1,0.0
39,21,12,9,6,3.75,1.2,1.5584415584415585,74.86610966346228,7,378.5,2,0.0
16,16,7,9,5,7.25,0.7,0.4761904761904762,76.23751318606816,8,409.7,2,0.0
39,4,2,2,1,2.25,0.6666666666666666,0.425531914893617,54.82976882809447,1,178.0,0,0.0
31,14,10,4,1,3.25,2.0,1.4925373134328357,73.85791903459419,3,376.5,1,0.0
41,18,6,12,1,7.0,0.46153846153846156,0.4225352112676057,83.95890774293085,5,763.5,0,0.0
28,16,3,13,1,5.25,0.21428571428571427,0.28037383177570097,61.697456594744004,5,218.5,1,0.0
38,21,9,12,6,4.75,0.6923076923076923,0.9278350515463918,59.71615181359067,5,331.3,1,0.0
40,19,9,10,3,6.25,0.8181818181818182,0.7086614173228347,73.98751478224096,5,250.4,3,0.0
25,10,5,5,4,1.0,0.8333333333333334,2.2727272727272725,49.022468114547245,1,221.39999999999998,0,0.0
34,7,2,5,0,2.5,0.3333333333333333,0.3846153846153846,49.080426962709296,4,213.0,1,1.0
29,14,9,5,4,3.75,1.5,1.1688311688311688,67.9444840959384,4,193.6,2,0.0
28,9,4,5,2,3.25,0.6666666666666666,0.5970149253731343,64.38044514062494,7,354.7,4,0.0
39,9,5,4,4,2.0,1.0,1.1904761904761905,65.73195876387776,1,210.4,0,0.0
22,12,10,2,4,2.0,3.3333333333333335,2.380952380952381,53.34504551333583,4,171.6,1,0.0
19,16,8,8,6,3.0,0.8888888888888888,1.2903225806451613,55.83682289979709,1,240.5,0,0.0
29,19,10,9,7,7.0,1.0,0.7042253521126761,75.98431617281868,7,526.5,0,0.0
25,4,2,2,0,1.75,0.6666666666666666,0.5405405405405405,57.70440503523794,5,222.2,2,1.0
33,20,9,11,3,3.5,0.75,1.25,78.1944826243674,5,284.4,3,0.0
31,12,3,9,3,4.25,0.3,0.3448275862068966,48.180391140508796,4,197.9,2,0.0
39,23,14,9,8,3.5,1.4,1.9444444444444444,74.3865198524826,4,484.59999999999997,3,0.0
29,14,8,6,6,3.0,1.1428571428571428,1.2903225806451613,62.38406153011277,4,389.8,0,0.0
28,15,7,8,3,3.5,0.7777777777777778,0.9722222222222222,54.3127710426615,6,238.8,2,0.0
40,13,7,6,4,4.25,1.0,0.8045977011494253,61.289856592935685,6,332.4,4,0.0
30,21,8,13,3,6.5,0.5714285714285714,0.6060606060606061,72.64773351618376,5,499.3,4,0.0
36,12,6,6,5,3.25,0.8571428571428571,0.8955223880597015,62.901693164099804,3,405.09999999999997,1,0.0
28,11,2,9,0,2.75,0.2,0.3508771929824561,60.40399605024303,2,219.8,3,1.0
36,14,6,8,2,4.0,0.6666666666666666,0.7317073170731708,59.70625619568715,4,336.7,0,0.0
43,17,9,8,6,7.0,1.0,0.6338028169014085,79.45362373260804,7,596.6,1,0.0
20,13,8,5,6,5.25,1.3333333333333333,0.7476635514018692,54.66546454967142,5,215.9,0,0.0
22,20,10,10,7,6.5,0.9090909090909091,0.7575757575757576,70.4986995236376,8,204.89999999999998,4,0.0
43,17,8,9,3,5.5,0.8,0.7142857142857143,83.3477330611586,7,350.5,2,0.0
27,17,8,9,6,4.25,0.8,0.9195402298850576,54.87479719687739,5,219.6,4,0.0
39,10,5,5,3,2.5,0.8333333333333334,0.9615384615384615,66.3987571132385,5,253.2,2,0.0
19,18,10,8,6,5.25,1.1111111111111112,0.9345794392523366,68.81965292127043,5,246.1,3,0.0
39,18,9,9,7,4.75,0.9,0.9278350515463918,77.27583117171632,8,514.2,1,0.0
38,9,2,7,0,3.0,0.25,0.3225806451612903,76.60730925890957,3,432.1,1,1.0
26,9,2,7,2,3.0,0.25,0.3225806451612903,56.91813761428322,4,174.2,1,0.0
41,7,2,5,0,1.0,0.3333333333333333,0.9090909090909091,,0,118.19999999999999,0,1.0
19,6,2,4,0,2.0,0.4,0.47619047619047616,65.4271948486122,2,156.5,2,1.0
41,9,2,7,1,1.25,0.25,0.7407407407407407,38.414212691427,2,70.0,0,0.0
18,16,11,5,3,4.25,1.8333333333333333,1.264367816091954,69.60895472575442,3,304.90000000000003,1,0.0
34,16,9,7,5,4.0,1.125,1.0975609756097562,61.47784243889509,7,288.5,2,0.0
40,6,2,4,2,2.0,0.4,0.47619047619047616,68.61045782206695,6,208.3,2,0.0
38,5,1,4,0,2.0,0.2,0.23809523809523808,59.60932622042232,0,63.3,3,1.0
25,10,5,5,4,2.0,0.8333333333333334,1.1904761904761905,51.99138355538078,1,257.4,1,0.0
24,16,9,7,6,2.25,1.125,1.9148936170212765,59.13488755384128,4,393.40000000000003,3,0.0
23,9,3,6,3,2.25,0.42857142857142855,0.6382978723404255,53.146488157759165,1,226.0,1,0.0
24,9,4,5,2,2.75,0.6666666666666666,0.7017543859649122,62.763877373815085,0,179.2,1,0.0
23,4,3,1,1,1.25,1.5,1.111111111111111,48.1007733226158,2,96.0,1,0.0
37,7,3,4,0,3.5,0.6,0.41666666666666663,57.06994844419823,2,301.8,2,1.0
20,6,3,3,0,1.25,0.75,1.111111111111111,58.92289148258346,4,160.8,3,1.0
37,22,8,14,6,4.75,0.5333333333333333,0.8247422680412372,65.50178098773732,7,155.5,1,0.0
31,13,6,7,3,4.25,0.75,0.6896551724137931,69.68998595601626,6,208.7,4,0.0
22,14,6,8,4,5.5,0.6666666666666666,0.5357142857142857,50.48496321690632,5,275.1,0,0.0
38,22,10,12,4,7.0,0.7692307692307693,0.7042253521126761,82.55896555894375,8,603.1,7,0.0
33,15,10,5,5,3.75,1.6666666666666667,1.2987012987012987,63.511456915033854,3,139.4,2,0.0
33,4,3,1,3,2.25,1.5,0.6382978723404255,66.42962854705206,1,161.1,3,0.0
26,12,9,3,5,3.5,2.25,1.25,53.00234074733747,2,334.4,0,0.0
35,27,13,14,5,5.0,0.8666666666666667,1.2745098039215688,75.98910703615898,8,347.3,5,0.0
27,20,10,10,8,4.75,0.9090909090909091,1.0309278350515465,58.19648294813357,5,215.4,4,0.0
34,10,5,5,4,3.25,0.8333333333333334,0.7462686567164178,49.6819646089533,5,406.7,0,0.0
22,3,2,1,0,2.75,1.0,0.3508771929824561,53.63647371325192,3,69.6,0,1.0
32,23,12,11,5,5.0,1.0,1.1764705882352942,79.97106955824474,7,270.6,5,0.0
44,9,1,8,0,2.25,0.1111111111111111,0.2127659574468085,59.267946819031444,2,343.2,1,1.0
26,17,7,10,3,3.75,0.6363636363636364,0.9090909090909091,66.16639544504062,5,198.9,4,0.0
29,12,2,10,0,5.5,0.18181818181818182,0.17857142857142858,86.14765123940174,5,123.9,1,1.0
40,6,2,4,0,1.5,0.4,0.625,36.06204229359975,4,106.1,3,1.0
43,14,8,6,6,5.0,1.1428571428571428,0.7843137254901962,62.58906946560908,5,399.7,4,0.0
39,10,6,4,1,2.25,1.2,1.276595744680851,61.573249277802866,5,466.59999999999997,4,0.0
18,14,6,8,4,5.0,0.6666666666666666,0.5882352941176471,64.63628249058729,7,205.0,1,0.0
36,15,7,8,5,4.75,0.7777777777777778,0.7216494845360826,81.75813342847741,6,483.7,1,0.0
42,13,6,7,5,2.5,0.75,1.1538461538461537,57.754028871062985,4,296.7,3,0.0
34,4,1,3,1,1.25,0.25,0.37037037037037035,25.15975203982555,0,44.2,0,0.0
35,15,6,9,4,3.25,0.6,0.8955223880597015,72.45332172835366,6,564.6,1,0.0
28,21,8,13,4,6.75,0.5714285714285714,0.5839416058394161,67.12555860198124,7,349.2,7,0.0
41,10,6,4,2,1.75,1.2,1.6216216216216215,55.318928594481406,4,299.90000000000003,2,0.0
40,19,8,11,3,4.0,0.6666666666666666,0.9756097560975611,76.75166305802193,4,251.8,1,0.0
30,34,15,19,9,5.25,0.75,1.4018691588785048,84.40032770796938,8,335.6,6,0.0
16,10,7,3,3,4.25,1.75,0.8045977011494253,76.07116102761522,5,338.09999999999997,1,0.0
23,7,4,3,1,1.0,1.0,1.8181818181818181,55.06620553298489,2,187.8,0,0.0
34,7,1,6,0,0.5,0.14285714285714285,0.8333333333333334,68.37946821015792,4,146.4,0,1.0
30,18,9,9,4,5.75,0.9,0.7692307692307693,65.22897964801466,5,403.5,2,0.0
42,13,10,3,5,3.5,2.5,1.3888888888888888,55.04746892001376,6,293.1,0,0.0
39,22,12,10,5,3.25,1.0909090909090908,1.791044776119403,69.1499178685367,8,416.2,3,0.0
38,13,5,8,3,3.0,0.5555555555555556,0.8064516129032258,51.55909959587577,5,257.1,0,0.0
34,10,5,5,3,2.25,0.8333333333333334,1.0638297872340425,64.32567811910738,2,95.8,1,0.0
42,17,11,6,3,5.0,1.5714285714285714,1.0784313725490198,64.49999141719645,4,342.5,0,0.0
17,19,12,7,5,3.0,1.5,1.9354838709677418,68.20917805650038,3,410.5,3,0.0
29,16,11,5,8,3.5,1.8333333333333333,1.5277777777777777,58.83556784330999,4,283.2,2,0.0
27,11,7,4,3,2.5,1.4,1.346153846153846,54.00878007705672,3,196.8,2,0.0
27,19,6,13,2,5.0,0.42857142857142855,0.5882352941176471,70.78615934869164,7,580.9,1,0.0
44,15,7,8,2,5.75,0.7777777777777778,0.5982905982905983,62.83169335239313,6,401.0,5,0.0
32,32,19,13,7,4.25,1.3571428571428572,2.1839080459770117,89.64178012416755,7,615.0,4,0.0
22,17,6,11,2,5.25,0.5,0.5607476635514019,62.66045954363801,4,364.2,2,0.0
42,12,8,4,3,3.75,1.6,1.0389610389610389,77.10253614393025,6,209.4,1,0.0
28,20,7,13,3,2.0,0.5,1.6666666666666665,46.586068460119805,3,199.6,3,0.0
20,11,6,5,1,2.25,1.0,1.276595744680851,59.7113864797054,1,220.20000000000002,1,0.0
27,20,17,3,9,4.0,4.25,2.073170731707317,75.72008885685126,5,463.5,4,0.0
19,12,7,5,2,3.25,1.1666666666666667,1.044776119402985,62.97244348727989,1,202.6,2,0.0
17,10,3,7,1,4.0,0.375,0.3658536585365854,54.89145778807478,4,192.4,2,0.0
33,11,8,3,4,1.75,2.0,2.162162162162162,35.92639786597947,0,148.1,0,0.0
36,25,15,10,7,4.5,1.3636363636363635,1.6304347826086958,71.70109439078178,5,722.0,5,0.0
43,14,7,7,4,2.5,0.875,1.346153846153846,57.00577130189022,2,349.4,2,0.0
25,22,13,9,7,5.5,1.3,1.1607142857142858,75.83232792610374,7,489.3,1,0.0
23,8,2,6,1,2.0,0.2857142857142857,0.47619047619047616,47.089487013410476,1,58.1,1,0.0
35,16,11,5,7,3.0,1.8333333333333333,1.7741935483870968,78.81881532805635,6,266.4,3,0.0
43,22,9,13,2,6.25,0.6428571428571429,0.7086614173228347,78.27619665403394,6,512.6,2,0.0
16,7,5,2,2,2.75,1.6666666666666667,0.8771929824561403,63.364832271215796,2,210.2,0,0.0
42,8,1,7,0,2.5,0.125,0.1923076923076923,46.28472181532916,3,159.9,1,1.0
21,16,8,8,6,4.5,0.8888888888888888,0.8695652173913044,66.46445065734974,4,316.9,0,0.0
29,19,8,11,3,5.5,0.6666666666666666,0.7142857142857143,70.97219025272489,5,348.3,1,0.0
23,19,10,9,5,3.75,1.0,1.2987012987012987,45.86661834819935,4,531.3,3,0.0
20,9,4,5,3,2.5,0.6666666666666666,0.7692307692307692,55.61876114261887,4,368.8,0,0.0
29,15,5,10,2,3.25,0.45454545454545453,0.7462686567164178,70.33966569217206,5,158.6,3,0.0
30,14,9,5,7,3.0,1.5,1.4516129032258065,60.720774165966226,3,161.4,0,0.0
30,12,4,8,2,5.75,0.4444444444444444,0.3418803418803419,58.52038660496628,4,264.8,1,0.0
37,20,13,7,8,7.25,1.625,0.8843537414965987,78.05945191356959,6,549.2,4,0.0
44,18,12,6,6,3.0,1.7142857142857142,1.9354838709677418,49.5333838457219,1,284.2,2,0.0
30,12,4,8,2,2.5,0.4444444444444444,0.7692307692307692,56.52250189518568,3,98.0,3,0.0
20,6,3,3,0,2.25,0.75,0.6382978723404255,40.81736094801124,1,91.60000000000001,1,1.0
25,23,11,12,9,5.25,0.8461538461538461,1.0280373831775702,78.335122327963,8,491.2,1,0.0
30,6,1,5,0,1.25,0.16666666666666666,0.37037037037037035,52.90739242062492,2,95.5,0,1.0
19,15,10,5,3,4.5,1.6666666666666667,1.0869565217391306,62.462002752632316,4,367.5,2,0.0
44,9,4,5,2,2.0,0.6666666666666666,0.9523809523809523,53.12493307490794,6,197.8,2,0.0
27,13,5,8,1,2.0,0.5555555555555556,1.1904761904761905,44.970696741438296,2,313.7,1,0.0
41,15,10,5,5,4.0,1.6666666666666667,1.2195121951219514,67.39258550168552,3,278.3,1,0.0
30,13,9,4,5,4.5,1.8,0.9782608695652175,72.56083419477733,5,403.8,2,0.0
43,7,2,5,2,2.0,0.3333333333333333,0.47619047619047616,55.49229324208133,1,155.5,1,0.0
36,14,6,8,2,5.5,0.6666666666666666,0.5357142857142857,76.00295890338492,6,648.8000000000001,2,0.0
24,30,16,14,7,5.25,1.0666666666666667,1.4953271028037385,86.54937411486036,7,460.0,4,0.0
16,20,11,9,4,5.25,1.1,1.0280373831775702,69.36328567479175,7,248.0,3,0.0
20,17,6,11,4,6.25,0.5,0.4724409448818898,59.03138289007549,3,295.9,3,0.0
36,18,7,11,4,5.75,0.5833333333333334,0.5982905982905983,72.36588324428895,7,361.7,3,0.0
28,4,1,3,1,1.5,0.25,0.3125,39.41361453735273,1,92.9,0,0.0
16,12,5,7,2,5.0,0.625,0.4901960784313726,46.84083860644394,1,128.9,1,0.0
37,12,1,11,0,3.25,0.08333333333333333,0.14925373134328357,60.12284259543247,2,244.6,1,1.0
35,15,7,8,4,5.25,0.7777777777777778,0.6542056074766356,58.097266868454696,8,263.59999999999997,0,0.0
36,19,10,9,5,4.75,1.0,1.0309278350515465,55.86403849209725,4,262.6,3,0.0
20,15,5,10,4,3.25,0.45454545454545453,0.7462686567164178,61.76953835109086,5,153.29999999999998,6,0.0
21,24,15,9,8,6.5,1.5,1.1363636363636365,74.61797966792587,8,264.1,5,0.0
32,13,6,7,2,2.0,0.75,1.4285714285714286,59.036808148982175,4,227.3,2,0.0
26,17,7,10,1,4.75,0.6363636363636364,0.7216494845360826,64.47640301582732,4,376.4,0,0.0
17,10,6,4,1,2.0,1.2,1.4285714285714286,54.76358450086506,4,245.6,2,0.0
29,22,12,10,4,4.0,1.0909090909090908,1.4634146341463417,71.26123115860754,5,280.5,1,0.0
35,16,7,9,5,3.0,0.7,1.129032258064516,56.785173925170184,5,286.2,1,0.0
43,6,1,5,0,3.25,0.16666666666666666,0.14925373134328357,67.7089614842557,2,329.7,1,1.0
22,13,5,8,0,3.25,0.5555555555555556,0.7462686567164178,66.42513167192205,6,212.5,3,1.0
24,18,11,7,6,5.25,1.375,1.0280373831775702,69.27253217081885,5,525.6,5,0.0
19,8,3,5,0,4.25,0.5,0.3448275862068966,59.23209853954366,3,168.5,2,1.0
21,19,14,5,8,5.75,2.3333333333333335,1.1965811965811965,77.7069670096558,4,285.9,2,0.0
35,6,1,5,1,4.0,0.16666666666666666,0.12195121951219513,63.08947737182884,4,263.4,4,0.0
25,16,9,7,6,6.25,1.125,0.7086614173228347,74.17295662824176,6,359.2,2,0.0
20,21,12,9,7,7.0,1.2,0.8450704225352114,91.12577615587915,7,134.6,2,0.0
16,20,8,12,5,1.5,0.6153846153846154,2.5,70.94230504495684,2,255.1,0,0.0
18,10,5,5,1,2.75,0.8333333333333334,0.8771929824561403,59.427135541191355,4,407.7,3,0.0
30,12,6,6,4,2.25,0.8571428571428571,1.276595744680851,67.86298005299271,2,182.1,3,0.0
31,6,1,5,0,0.75,0.16666666666666666,0.5882352941176471,50.420777843994905,0,155.6,2,1.0
25,4,2,2,2,0.75,0.6666666666666666,1.1764705882352942,44.248011521457194,0,62.7,0,0.0
28,9,1,8,0,3.75,0.1111111111111111,0.12987012987012986,69.02905907798595,3,337.7,1,1.0
28,22,14,8,6,4.25,1.5555555555555556,1.6091954022988506,69.2571882767026,4,453.6,8,0.0
28,17,6,11,0,4.5,0.5,0.6521739130434783,82.00311151948004,6,354.5,3,1.0
22,19,10,9,6,2.75,1.0,1.7543859649122806,62.7470195076278,5,201.20000000000002,2,0.0
21,16,10,6,4,2.75,1.4285714285714286,1.7543859649122806,65.53025002434147,3,169.2,3,0.0
27,7,4,3,1,2.5,1.0,0.7692307692307692,62.274294182206575,1,165.3,3,0.0
18,16,6,10,3,5.5,0.5454545454545454,0.5357142857142857,70.60137648265538,4,199.5,2,0.0
35,24,13,11,9,7.0,1.0833333333333333,0.9154929577464789,83.12354236953972,7,248.1,3,0.0
27,7,3,4,3,1.0,0.6,1.3636363636363635,40.65438507916282,1,135.7,2,0.0
31,9,4,5,1,1.0,0.6666666666666666,1.8181818181818181,53.24517384620882,2,63.9,0,0.0
18,15,7,8,2,2.75,0.7777777777777778,1.2280701754385965,65.40249779582555,5,348.2,2,0.0
44,17,6,11,5,5.25,0.5,0.5607476635514019,73.12793683687164,6,288.1,5,0.0
34,12,6,6,3,3.25,0.8571428571428571,0.8955223880597015,80.51739964512628,6,312.3,3,0.0
32,9,2,7,1,5.25,0.25,0.1869158878504673,67.09963827905145,3,166.9,0,0.0
30,15,9,6,4,2.75,1.2857142857142858,1.5789473684210527,51.93667779422284,3,147.1,0,0.0
29,13,6,7,3,3.75,0.75,0.7792207792207793,71.86829350713874,5,280.1,2,0.0
43,15,10,5,2,2.5,1.6666666666666667,1.923076923076923,55.718008001721465,3,459.5,1,0.0
42,22,11,11,6,2.25,0.9166666666666666,2.3404255319148937,71.72825514139588,4,417.7,4,0.0
27,12,5,7,1,3.0,0.625,0.8064516129032258,71.05347839131316,5,313.8,3,0.0
42,12,7,5,2,4.0,1.1666666666666667,0.853658536585366,58.95855901276931,4,254.79999999999998,4,0.0
18,19,7,12,3,6.25,0.5384615384615384,0.5511811023622047,90.14837268612051,8,427.90000000000003,9,0.0
25,10,2,8,1,2.0,0.2222222222222222,0.47619047619047616,61.733150585086435,3,225.60000000000002,2,0.0
24,13,7,6,3,5.0,1.0,0.6862745098039216,82.71121846319633,6,327.5,2,0.0
36,6,4,2,2,3.25,1.3333333333333333,0.5970149253731343,61.28274083872162,1,248.8,1,0.0
29,15,8,7,5,3.75,1.0,1.0389610389610389,52.06209029825275,2,132.1,2,0.0
23,18,8,10,4,4.25,0.7272727272727273,0.9195402298850576,79.4794353651476,8,447.3,4,0.0
30,14,7,7,4,2.0,0.875,1.6666666666666665,45.95867550480117,2,286.2,1,0.0
23,26,13,13,8,3.0,0.9285714285714286,2.096774193548387,60.277386417856185,1,267.5,3,0.0
30,6,3,3,2,3.5,0.75,0.41666666666666663,51.9866433876334,4,160.8,1,0.0
25,10,4,6,2,2.0,0.5714285714285714,0.9523809523809523,49.8218128498006,3,153.7,0,0.0
41,8,7,1,3,3.5,3.5,0.9722222222222222,66.32215367088585,3,267.4,1,0.0
37,10,1,9,0,3.5,0.1,0.1388888888888889,92.15123726560013,3,87.3,0,1.0
21,8,4,4,2,2.75,0.8,0.7017543859649122,50.373975516319554,3,102.0,1,0.0
43,10,5,5,1,3.75,0.8333333333333334,0.6493506493506493,70.4463497623612,3,308.4,6,0.0
35,19,10,9,4,4.25,1.0,1.149425287356322,78.27425545593486,7,619.4,3,0.0
26,15,5,10,2,4.75,0.45454545454545453,0.5154639175257733,81.5838801330448,5,230.1,6,0.0
31,13,7,6,4,4.75,1.0,0.7216494845360826,81.27511446729994,3,285.8,4,0.0
21,19,7,12,2,4.25,0.5384615384615384,0.8045977011494253,75.95356074000352,4,209.70000000000002,1,0.0
17,16,10,6,7,6.0,1.4285714285714286,0.819672131147541,56.02514194853772,4,340.5,1,0.0
28,6,3,3,1,2.75,0.75,0.5263157894736842,61.48583080997762,1,163.9,2,0.0
38,23,13,10,7,6.0,1.1818181818181819,1.0655737704918034,84.57223872793551,8,460.5,2,0.0
26,12,7,5,4,4.25,1.1666666666666667,0.8045977011494253,58.91006431446571,4,286.7,1,0.0
27,19,9,10,4,4.5,0.8181818181818182,0.9782608695652175,67.94909095210728,4,563.8,1,0.0
17,3,2,1,0,1.0,1.0,0.9090909090909091,54.87875936058328,5,213.3,1,1.0
36,19,8,11,6,5.75,0.6666666666666666,0.6837606837606838,72.49019258010206,7,258.3,1,0.0
43,16,9,7,3,4.75,1.125,0.9278350515463918,74.05931119091649,4,228.39999999999998,6,0.0
34,24,11,13,3,6.5,0.7857142857142857,0.8333333333333334,73.29838578117781,6,293.6,5,0.0
19,13,8,5,6,3.0,1.3333333333333333,1.2903225806451613,69.7408526565805,3,276.9,3,0.0
23,15,7,8,3,4.5,0.7777777777777778,0.7608695652173914,77.22293188603156,7,674.1,2,0.0
36,10,7,3,3,4.25,1.75,0.8045977011494253,66.52229805192896,2,289.1,2,0.0
33,25,13,12,9,8.25,1.0,0.7784431137724551,78.67924329051685,7,290.7,3,0.0
28,16,9,7,4,4.0,1.125,1.0975609756097562,65.04708529934963,6,135.5,2,0.0
27,21,8,13,6,6.25,0.5714285714285714,0.6299212598425197,69.5465141232243,6,378.3,2,0.0
36,19,8,11,3,4.25,0.6666666666666666,0.9195402298850576,68.65677234743048,3,134.70000000000002,4,0.0
44,19,11,8,1,5.25,1.2222222222222223,1.0280373831775702,63.22766627690537,2,374.4,1,0.0
26,20,9,11,5,4.0,0.75,1.0975609756097562,86.17878589095437,8,322.9,4,0.0
18,6,1,5,1,1.75,0.16666666666666666,0.27027027027027023,55.47228357403428,2,134.4,0,0.0
29,34,16,18,11,6.25,0.8421052631578947,1.2598425196850394,78.9459219987389,8,323.0,4,0.0
20,15,6,9,1,3.25,0.6,0.8955223880597015,59.47979295516209,3,195.29999999999998,4,0.0
18,17,7,10,4,4.0,0.6363636363636364,0.853658536585366,67.60589261867204,6,209.8,2,0.0
33,7,5,2,4,1.75,1.6666666666666667,1.3513513513513513,49.60727398223993,2,146.29999999999998,1,0.0
24,9,4,5,1,4.25,0.6666666666666666,0.4597701149425288,94.71881515242688,5,308.0,3,0.0
27,7,5,2,2,3.75,1.6666666666666667,0.6493506493506493,68.30936885901627,1,400.2,0,0.0
34,2,1,1,0,1.0,0.5,0.45454545454545453,35.39630992067826,0,49.199999999999996,0,1.0
17,16,4,12,0,2.25,0.3076923076923077,0.851063829787234,65.64815546661345,5,224.9,1,1.0
28,10,3,7,1,2.25,0.375,0.6382978723404255,52.260730154084,2,265.3,0,0.0
29,12,8,4,4,2.0,1.6,1.9047619047619047,53.47836886967957,4,494.09999999999997,3,0.0
27,13,5,8,2,4.0,0.5555555555555556,0.6097560975609757,61.27598235495963,5,567.1,7,0.0
30,23,16,7,6,2.25,2.0,3.404255319148936,68.68103992452157,6,472.2,0,0.0
38,6,1,5,1,4.75,0.16666666666666666,0.10309278350515465,60.200112835274396,5,162.8,4,0.0
16,17,11,6,4,5.75,1.5714285714285714,0.9401709401709403,68.95774837655698,6,396.3,1,0.0
34,7,2,5,0,1.0,0.3333333333333333,0.9090909090909091,50.43752009575491,1,110.60000000000001,0,1.0
42,18,12,6,3,3.0,1.7142857142857142,1.9354838709677418,54.995706056916575,6,189.7,0,0.0
25,17,6,11,3,3.75,0.5,0.7792207792207793,74.87290558435437,6,516.1,8,0.0
39,21,9,12,4,6.5,0.6923076923076923,0.6818181818181819,66.1003080346473,8,509.5,1,0.0
26,13,8,5,5,3.75,1.3333333333333333,1.0389610389610389,59.91454046040235,7,192.0,6,0.0
41,20,7,13,3,3.25,0.5,1.044776119402985,61.28546322127321,6,227.6,1,0.0
34,14,7,7,5,3.0,0.875,1.129032258064516,56.39736295959356,5,318.0,4,0.0
37,12,6,6,3,2.5,0.8571428571428571,1.1538461538461537,49.108078224447276,2,130.0,1,0.0
38,16,6,10,1,3.5,0.5454545454545454,0.8333333333333333,59.08049538593622,3,219.6,1,0.0
43,9,5,4,2,3.0,1.0,0.8064516129032258,65.78961528152884,5,180.20000000000002,2,0.0
40,14,6,8,3,3.5,0.6666666666666666,0.8333333333333333,64.75703814484247,6,256.7,1,0.0
34,20,10,10,3,5.75,0.9090909090909091,0.8547008547008548,67.03900009397904,6,374.2,2,0.0
25,23,7,16,5,6.25,0.4117647058823529,0.5511811023622047,70.25601333772279,4,399.1,1,0.0
42,26,10,16,1,6.5,0.5882352941176471,0.7575757575757576,76.41380014382456,5,664.5,3,0.0
42,13,5,8,2,3.75,0.5555555555555556,0.6493506493506493,69.14377241966405,2,175.5,1,0.0
16,3,2,1,1,2.75,1.0,0.3508771929824561,42.93817017426076,1,68.1,1,0.0
32,12,5,7,2,3.5,0.625,0.6944444444444444,60.069284901256445,6,290.8,2,0.0
34,19,11,8,6,5.25,1.2222222222222223,1.0280373831775702,68.75425078303299,4,842.9,0,0.0
42,14,6,8,3,6.0,0.6666666666666666,0.49180327868852464,78.31938510679402,5,505.1,3,0.0
20,17,11,6,4,3.25,1.5714285714285714,1.6417910447761193,67.01873596936588,4,416.8,2,0.0
40,21,11,10,8,3.75,1.0,1.4285714285714286,63.500715625043405,2,323.9,2,0.0
31,16,6,10,2,5.5,0.5454545454545454,0.5357142857142857,71.26263600514008,3,376.9,3,0.0
35,21,8,13,5,5.75,0.5714285714285714,0.6837606837606838,68.34810100255795,5,389.1,1,0.0
42,7,5,2,2,3.25,1.6666666666666667,0.7462686567164178,62.44864964324326,0,98.5,2,0.0
43,22,10,12,5,5.5,0.7692307692307693,0.8928571428571429,80.74958653913114,5,339.2,5,0.0
19,11,5,6,3,2.75,0.7142857142857143,0.8771929824561403,59.462317491402416,3,143.3,1,0.0
37,20,11,9,4,3.0,1.1,1.7741935483870968,83.7160165185864,6,284.9,6,0.0
36,8,3,5,2,3.25,0.5,0.44776119402985076,61.49410014136888,0,235.4,1,0.0
39,21,11,10,6,3.75,1.0,1.4285714285714286,75.12285775000554,7,254.4,4,0.0
20,13,2,11,0,5.5,0.16666666666666666,0.17857142857142858,66.71191884255724,7,339.8,3,1.0
43,22,11,11,6,3.5,0.9166666666666666,1.5277777777777777,72.39060183289553,4,198.1,2,0.0
19,14,6,8,2,2.25,0.6666666666666666,1.276595744680851,59.67606955659936,0,145.1,1,0.0
32,16,8,8,2,4.75,0.8888888888888888,0.8247422680412372,63.68377855895136,3,618.4,2,0.0
39,17,9,8,1,4.5,1.0,0.9782608695652175,79.79948074687736,5,188.9,4,0.0
29,7,4,3,2,1.5,1.0,1.25,44.401048192918466,3,93.3,1,0.0
27,11,5,6,1,5.5,0.7142857142857143,0.44642857142857145,64.03442726759438,6,602.5,5,0.0
30,9,4,5,0,1.75,0.6666666666666666,1.081081081081081,60.78196258262766,3,228.6,3,1.0
36,21,13,8,1,1.5,1.4444444444444444,4.0625,67.85573253354788,5,313.90000000000003,3,0.0
27,8,4,4,2,3.25,0.8,0.5970149253731343,66.13501329192206,6,191.9,3,0.0
38,17,9,8,5,5.75,1.0,0.7692307692307693,69.50972094431732,5,284.3,3,0.0
25,6,4,2,3,2.25,1.3333333333333333,0.851063829787234,54.860498564778624,3,115.60000000000001,0,0.0
32,11,4,7,4,1.0,0.5,1.8181818181818181,57.98044799993607,1,166.5,1,0.0
24,25,8,17,3,3.75,0.4444444444444444,1.0389610389610389,60.7039157957883,4,557.1,1,0.0
43,21,8,13,5,4.5,0.5714285714285714,0.8695652173913044,68.71700490411304,5,364.1,8,0.0
37,7,2,5,1,2.5,0.3333333333333333,0.3846153846153846,61.572035795565014,2,300.0,3,0.0
32,22,11,11,6,5.5,0.9166666666666666,0.9821428571428572,69.44159818475886,7,445.9,6,0.0
29,18,9,9,5,3.25,0.9,1.3432835820895521,71.68060508888655,5,260.3,3,0.0
31,2,1,1,0,2.25,0.5,0.2127659574468085,51.5294399017838,0,55.699999999999996,0,1.0
23,12,9,3,3,3.75,2.25,1.1688311688311688,49.11433209455021,0,246.5,1,0.0
40,27,12,15,10,4.5,0.75,1.3043478260869565,66.72252964017008,6,445.9,3,0.0
24,16,9,7,6,3.75,1.125,1.1688311688311688,79.60456493919362,5,316.4,2,0.0
37,27,14,13,7,4.25,1.0,1.6091954022988506,77.73913975785922,7,336.9,3,0.0
25,19,9,10,4,3.5,0.8181818181818182,1.25,72.49470505259913,4,776.9,2,0.0
34,22,8,14,3,3.25,0.5333333333333333,1.1940298507462686,62.11709706360015,5,274.9,4,0.0
37,15,9,6,3,2.75,1.2857142857142858,1.5789473684210527,56.73855783370353,3,635.2,2,0.0
38,15,9,6,4,5.5,1.2857142857142858,0.8035714285714286,61.56512520656121,5,317.2,3,0.0
43,17,5,12,3,1.75,0.38461538461538464,1.3513513513513513,65.07578488659041,3,232.1,1,0.0
40,17,7,10,2,5.75,0.6363636363636364,0.5982905982905983,67.78782256672719,6,497.1,1,0.0
28,8,1,7,1,2.0,0.125,0.23809523809523808,51.70890360264897,3,159.0,0,0.0
22,10,5,5,3,5.5,0.8333333333333334,0.44642857142857145,63.42685058499947,2,400.9,1,0.0
18,5,3,2,0,1.5,1.0,0.9375,56.058657847961506,1,211.5,0,1.0
32,8,7,1,4,1.5,3.5,2.1875,59.616024815380825,3,203.2,1,0.0
35,7,3,4,1,3.0,0.6,0.48387096774193544,67.98116939470832,4,217.0,0,0.0
16,11,5,6,1,3.75,0.7142857142857143,0.6493506493506493,66.86964166385229,3,384.0,1,0.0
38,11,8,3,3,3.0,2.0,1.2903225806451613,52.45656603196001,3,225.1,0,0.0
36,17,11,6,6,3.25,1.5714285714285714,1.6417910447761193,61.84513238006967,6,271.3,7,0.0
16,9,7,2,4,2.75,2.3333333333333335,1.2280701754385965,74.87726516172044,4,202.39999999999998,1,0.0
34,6,1,5,0,1.75,0.16666666666666666,0.27027027027027023,51.98731159467221,3,238.5,0,1.0
32,11,7,4,4,2.25,1.4,1.4893617021276595,57.67853723647205,3,273.4,4,0.0
30,19,8,11,4,6.0,0.6666666666666666,0.6557377049180328,81.37968412958477,5,428.3,6,0.0
32,26,14,12,6,5.25,1.0769230769230769,1.3084112149532712,84.26402698645607,8,481.8,5,0.0
33,20,12,8,4,2.5,1.3333333333333333,2.3076923076923075,53.255555220443924,5,162.6,3,0.0
28,17,7,10,6,4.5,0.6363636363636364,0.7608695652173914,72.07719671146815,5,247.89999999999998,5,0.0
19,28,13,15,6,8.0,0.8125,0.8024691358024691,79.30828396002214,6,709.4,5,0.0
17,28,10,18,6,5.5,0.5263157894736842,0.8928571428571429,80.46048058614294,8,183.6,0,0.0
21,12,7,5,4,3.5,1.1666666666666667,0.9722222222222222,73.45046722848818,5,385.79999999999995,5,0.0
44,6,2,4,1,4.5,0.4,0.2173913043478261,57.537134744746396,4,247.4,2,0.0
28,7,4,3,0,1.25,1.0,1.4814814814814814,31.168720730762573,1,57.0,0,1.0
19,15,7,8,1,3.5,0.7777777777777778,0.9722222222222222,61.34785182351711,3,239.3,4,0.0
34,10,4,6,2,3.5,0.5714285714285714,0.5555555555555556,69.48245769545672,8,362.3,1,0.0
26,9,4,5,2,2.75,0.6666666666666666,0.7017543859649122,71.64201543756734,4,326.5,2,0.0
19,14,7,7,2,4.0,0.875,0.853658536585366,71.47798075200782,6,491.5,4,0.0
35,17,12,5,9,4.0,2.0,1.4634146341463417,77.99567442385687,7,507.4,4,0.0
16,10,5,5,4,3.5,0.8333333333333334,0.6944444444444444,49.31605317429091,4,100.0,1,0.0
29,18,9,9,5,4.0,0.9,1.0975609756097562,63.4676295809757,2,261.4,9,0.0
20,9,6,3,3,5.25,1.5,0.5607476635514019,68.80718692648792,6,327.6,0,0.0
21,10,7,3,4,3.5,1.75,0.9722222222222222,58.25926019924052,3,316.0,1,0.0
37,18,12,6,7,5.25,1.7142857142857142,1.1214953271028039,70.16487093404803,6,316.40000000000003,5,0.0
30,22,10,12,5,3.75,0.7692307692307693,1.2987012987012987,58.67858638300802,5,508.8,4,0.0
27,4,2,2,2,3.0,0.6666666666666666,0.3225806451612903,42.4833225240713,5,87.0,0,0.0
21,4,2,2,1,2.0,0.6666666666666666,0.47619047619047616,52.927781639272496,1,111.6,1,0.0
43,3,1,2,0,0.75,0.3333333333333333,0.5882352941176471,,1,82.10000000000001,0,1.0
33,11,5,6,4,2.25,0.7142857142857143,1.0638297872340425,62.47796579271157,3,282.4,2,0.0
25,18,13,5,6,5.75,2.1666666666666665,1.1111111111111112,67.98661333640345,7,387.70000000000005,8,0.0
34,10,7,3,4,3.0,1.75,1.129032258064516,48.6798696096512,3,211.0,2,0.0
32,18,10,8,6,3.5,1.1111111111111112,1.3888888888888888,63.65997997890746,3,261.0,3,0.0
19,23,14,9,7,4.75,1.4,1.4432989690721651,55.36772548272589,7,341.7,4,0.0
36,25,13,12,8,4.0,1.0,1.5853658536585367,63.05909154094091,8,151.4,2,0.0
19,11,2,9,2,3.75,0.2,0.2597402597402597,64.74825459150351,3,203.8,0,0.0
28,4,1,3,0,4.75,0.25,0.10309278350515465,61.37887291812593,1,356.1,1,1.0
22,8,2,6,0,1.75,0.2857142857142857,0.5405405405405405,56.85844201332903,2,175.9,1,1.0
17,20,8,12,5,3.75,0.6153846153846154,1.0389610389610389,61.33554414453399,6,352.9,3,0.0
33,21,12,9,4,5.25,1.2,1.1214953271028039,71.7631096322526,6,206.60000000000002,4,0.0
36,16,4,12,3,3.25,0.3076923076923077,0.5970149253731343,60.55475815170998,4,182.3,1,0.0
21,28,19,9,11,6.75,1.9,1.3868613138686132,78.27480841265596,7,197.0,0,0.0
28,8,1,7,0,2.25,0.125,0.2127659574468085,58.47710282814076,3,142.3,1,1.0
25,17,5,12,4,7.75,0.38461538461538464,0.3184713375796179,87.64017407230337,7,610.9,7,0.0
41,15,10,5,4,5.0,1.6666666666666667,0.9803921568627452,72.30607764045179,5,479.3,4,0.0
38,10,4,6,3,4.75,0.5714285714285714,0.4123711340206186,71.70177042652338,7,429.09999999999997,2,0.0
23,13,8,5,3,2.5,1.3333333333333333,1.5384615384615383,63.42650439273619,3,214.8,1,0.0
30,21,10,11,4,5.0,0.8333333333333334,0.9803921568627452,68.93935514611698,7,242.70000000000002,1,0.0
42,24,14,10,4,3.5,1.2727272727272727,1.9444444444444444,76.71853282906157,6,481.70000000000005,4,0.0
26,28,13,15,9,6.5,0.8125,0.9848484848484849,87.1985420361592,7,431.09999999999997,5,0.0
20,15,8,7,4,5.0,1.0,0.7843137254901962,86.88179479480051,6,677.6,4,0.0
24,8,5,3,1,2.0,1.25,1.1904761904761905,43.108502909274,1,106.7,0,0.0
33,14,7,7,3,3.75,0.875,0.9090909090909091,72.57262212527928,4,210.8,4,0.0
17,15,9,6,5,5.25,1.2857142857142858,0.8411214953271029,70.47741138433834,5,285.3,3,0.0
21,7,4,3,1,3.75,1.0,0.5194805194805194,62.74051606063535,2,322.2,5,0.0
17,15,8,7,4,5.75,1.0,0.6837606837606838,63.29972995840342,4,400.5,2,0.0
35,14,7,7,4,4.75,0.875,0.7216494845360826,87.75715380151404,4,584.4,0,0.0
22,3,2,1,1,1.0,1.0,0.9090909090909091,,0,83.5,0,0.0
32,8,3,5,1,3.25,0.5,0.44776119402985076,51.480813692042375,3,303.4,2,0.0
44,4,3,1,1,1.75,1.5,0.8108108108108107,52.19408361377332,1,286.09999999999997,0,0.0
41,6,5,1,1,2.0,2.5,1.1904761904761905,48.60313515658601,2,287.3,3,0.0
25,7,4,3,1,2.5,1.0,0.7692307692307692,50.63152988463211,3,260.7,2,0.0
44,14,13,1,2,2.75,6.5,2.280701754385965,68.78510920811439,6,691.9,4,0.0
17,20,10,10,4,4.0,0.9090909090909091,1.2195121951219514,64.05139842011437,4,232.9,4,0.0
43,27,14,13,8,5.0,1.0,1.3725490196078431,66.98245456771022,4,293.7,5,0.0
20,19,11,8,7,5.25,1.2222222222222223,1.0280373831775702,74.98735338433036,6,239.79999999999998,2,0.0
19,17,9,8,6,6.0,1.0,0.7377049180327869,63.16774686824167,7,516.8,4,0.0
19,7,3,4,1,1.75,0.6,0.8108108108108107,67.87891724392605,2,203.70000000000002,2,0.0
29,23,11,12,6,5.25,0.8461538461538461,1.0280373831775702,76.28130380303178,3,670.5,2,0.0
34,10,7,3,2,3.75,1.75,0.9090909090909091,50.69202737570406,4,390.3,0,0.0
37,17,11,6,6,5.5,1.5714285714285714,0.9821428571428572,69.15332595276372,7,366.70000000000005,3,0.0
16,25,17,8,8,6.75,1.8888888888888888,1.2408759124087592,89.06971724632812,6,470.4,3,0.0
24,20,7,13,3,3.25,0.5,1.044776119402985,73.33845048871414,5,316.9,1,0.0
19,8,5,3,3,4.75,1.25,0.5154639175257733,62.62442014007485,4,119.39999999999999,3,0.0
20,26,12,14,4,6.75,0.8,0.8759124087591241,88.50728840288947,8,393.0,7,0.0
37,20,7,13,3,3.75,0.5,0.9090909090909091,63.975622507774226,6,261.5,2,0.0
34,1,1,0,1,1.0,1.0,0.45454545454545453,39.83389679962117,1,87.0,2,0.0
22,6,2,4,2,2.25,0.4,0.425531914893617,66.73657089221676,5,190.6,2,0.0
24,14,7,7,5,5.75,0.875,0.5982905982905983,71.8017058180908,8,344.3,2,0.0
32,15,6,9,2,1.25,0.6,2.222222222222222,56.85427623488635,2,94.7,2,0.0
43,10,6,4,0,2.5,1.2,1.1538461538461537,74.22101244437691,3,264.9,1,1.0
36,16,10,6,1,4.25,1.4285714285714286,1.149425287356322,73.39996470312818,6,194.6,1,0.0
39,8,4,4,3,1.0,0.8,1.8181818181818181,52.0693607611438,1,119.39999999999999,0,0.0
22,15,7,8,5,5.25,0.7777777777777778,0.6542056074766356,61.17231499795206,5,230.5,5,0.0
36,3,2,1,0,1.75,1.0,0.5405405405405405,60.62520014177324,1,106.10000000000001,0,1.0
37,17,10,7,4,4.0,1.25,1.2195121951219514,72.11811113037739,5,273.1,2,0.0
31,17,10,7,7,3.75,1.25,1.2987012987012987,69.40559963020691,4,423.7,3,0.0
17,19,9,10,6,2.5,0.8181818181818182,1.7307692307692306,64.4973284779322,4,280.7,4,0.0
29,14,8,6,4,2.25,1.1428571428571428,1.702127659574468,52.5314994132433,2,216.5,1,0.0
28,16,6,10,2,2.75,0.5454545454545454,1.0526315789473684,62.2396845942459,5,265.7,4,0.0
35,16,8,8,4,6.5,0.8888888888888888,0.6060606060606061,82.1687829894055,6,442.2,5,0.0
28,9,4,5,2,5.5,0.6666666666666666,0.35714285714285715,66.43672600565924,4,102.9,1,0.0
27,19,12,7,7,2.25,1.5,2.553191489361702,71.0681229968915,3,466.59999999999997,0,0.0
40,8,7,1,5,3.25,3.5,1.044776119402985,69.66118460390503,3,213.8,2,0.0
17,13,5,8,3,4.25,0.5555555555555556,0.574712643678161,74.13889232303222,6,333.0,5,0.0
22,22,11,11,6,6.5,0.9166666666666666,0.8333333333333334,85.07357198935718,5,360.40000000000003,4,0.0
20,7,3,4,1,5.25,0.6,0.28037383177570097,59.88500530520054,5,227.39999999999998,4,0.0
26,17,6,11,4,3.25,0.5,0.8955223880597015,70.10648842408345,6,459.5,3,0.0
23,24,15,9,12,5.75,1.5,1.2820512820512822,67.73490017366422,6,378.8,4,0.0
23,18,10,8,2,4.25,1.1111111111111112,1.149425287356322,70.96185306873974,4,288.7,1,0.0
35,5,3,2,1,2.5,1.0,0.5769230769230769,58.92450057864509,2,194.5,1,0.0
41,11,4,7,2,1.75,0.5,1.081081081081081,54.059392304425074,2,251.8,1,0.0
35,9,2,7,1,3.0,0.25,0.3225806451612903,68.2372044514924,4,100.30000000000001,2,0.0
27,12,8,4,4,3.0,1.6,1.2903225806451613,75.05449278129825,4,317.8,2,0.0
35,10,3,7,1,2.75,0.375,0.5263157894736842,48.564246264689174,8,274.8,1,0.0
20,22,14,8,6,2.0,1.5555555555555556,3.333333333333333,52.651729051681,6,558.7,3,0.0
39,26,15,11,10,7.0,1.25,1.0563380281690142,83.38859755760612,7,385.4,4,0.0
37,20,6,14,1,5.25,0.4,0.5607476635514019,77.29476129621122,8,326.6,3,0.0
24,17,7,10,3,5.5,0.6363636363636364,0.625,71.50447544142712,2,353.8,1,0.0
27,13,10,3,5,3.25,2.5,1.4925373134328357,61.314516963619106,3,333.0,2,0.0
39,13,6,7,2,2.25,0.75,1.276595744680851,55.54745676465109,4,232.3,4,0.0
24,14,7,7,3,4.5,0.875,0.7608695652173914,69.34328486639974,4,568.2,3,0.0
22,15,5,10,2,3.5,0.45454545454545453,0.6944444444444444,66.976813687243,4,220.0,1,0.0
18,18,10,8,6,6.5,1.1111111111111112,0.7575757575757576,76.0255065887035,3,417.5,2,0.0
36,17,7,10,3,4.5,0.6363636363636364,0.7608695652173914,60.10149134685249,5,167.5,2,0.0
16,21,15,6,9,5.0,2.142857142857143,1.4705882352941178,68.7621467045021,4,206.9,5,0.0
39,23,13,10,6,4.5,1.1818181818181819,1.4130434782608696,83.63460715253798,6,283.9,3,0.0
19,7,1,6,0,4.0,0.14285714285714285,0.12195121951219513,81.36462616758735,2,172.70000000000002,2,1.0
18,17,11,6,7,3.0,1.5714285714285714,1.7741935483870968,60.1043791289889,7,211.1,4,0.0
19,15,6,9,0,3.0,0.6,0.9677419354838709,58.96731897978663,4,164.5,0,1.0
27,16,6,10,4,3.0,0.5454545454545454,0.9677419354838709,48.49290518652184,3,255.8,3,0.0
41,20,12,8,9,6.5,1.3333333333333333,0.9090909090909092,78.25757442908169,6,477.79999999999995,3,0.0
20,13,5,8,5,1.25,0.5555555555555556,1.8518518518518516,46.101786260236935,1,100.8,1,0.0
27,13,9,4,4,5.5,1.8,0.8035714285714286,57.16215263492519,4,232.8,2,0.0
28,14,3,11,2,3.25,0.25,0.44776119402985076,54.74176826305772,5,117.5,0,0.0
43,23,11,12,7,4.5,0.8461538461538461,1.1956521739130437,69.54342387724128,5,423.90000000000003,1,0.0
43,17,6,11,5,5.25,0.5,0.5607476635514019,67.05367465526245,2,231.1,3,0.0
27,1,1,0,0,2.0,1.0,0.23809523809523808,31.50635541530441,0,87.60000000000001,0,1.0
23,14,12,2,10,4.25,4.0,1.3793103448275863,67.55769651703302,5,178.3,5,0.0
34,7,3,4,0,1.0,0.6,1.3636363636363635,61.44257645465622,3,101.3,1,1.0
17,9,3,6,1,3.0,0.42857142857142855,0.48387096774193544,56.07586483890526,4,321.8,1,0.0
38,20,9,11,3,3.75,0.75,1.1688311688311688,77.71091919811602,4,315.90000000000003,1,0.0
42,7,4,3,0,2.0,1.0,0.9523809523809523,59.94275187685369,4,224.2,2,1.0
44,11,5,6,2,1.75,0.7142857142857143,1.3513513513513513,51.307659654060515,3,296.7,1,0.0
35,20,9,11,6,4.25,0.75,1.0344827586206897,66.93306159852857,5,268.4,1,0.0
43,11,4,7,2,3.5,0.5,0.5555555555555556,57.64115921236205,5,282.1,0,0.0
36,14,8,6,6,4.0,1.1428571428571428,0.9756097560975611,57.280679369829244,5,236.7,2,0.0
39,18,10,8,5,5.0,1.1111111111111112,0.9803921568627452,46.48844239351717,6,479.5,6,0.0
41,7,1,6,1,1.0,0.14285714285714285,0.45454545454545453,48.79317036569869,2,285.3,2,0.0
20,7,3,4,3,0.75,0.6,1.7647058823529411,45.71281525328803,3,110.9,0,0.0
20,20,9,11,5,2.5,0.75,1.7307692307692306,76.80873909994162,7,559.7,3,0.0
34,10,4,6,2,4.75,0.5714285714285714,0.4123711340206186,71.92035176965878,5,323.2,2,0.0
40,14,7,7,2,2.25,0.875,1.4893617021276595,52.04386780016906,2,103.5,1,0.0
40,12,6,6,1,3.5,0.8571428571428571,0.8333333333333333,56.75246530411622,3,296.7,3,0.0
18,5,3,2,2,2.5,1.0,0.5769230769230769,68.03725883970307,2,194.3,2,0.0
36,11,3,8,0,6.25,0.3333333333333333,0.2362204724409449,82.28232956807166,5,388.09999999999997,3,1.0
40,18,10,8,4,5.5,1.1111111111111112,0.8928571428571429,71.54273618006846,6,204.1,1,0.0
44,20,6,14,3,4.0,0.4,0.7317073170731708,77.88710338814376,4,536.7,3,0.0
25,27,14,13,4,3.75,1.0,1.8181818181818181,74.48061937707963,8,463.1,4,0.0
20,18,10,8,7,3.0,1.1111111111111112,1.6129032258064515,65.6026617304454,3,289.5,1,0.0
23,2,1,1,1,2.5,0.5,0.1923076923076923,53.87533759059273,2,187.9,3,0.0
42,14,3,11,0,5.75,0.25,0.25641025641025644,80.06181338722226,5,194.8,2,1.0
21,13,6,7,2,3.0,0.75,0.9677419354838709,60.37060661997405,4,280.9,3,0.0
19,14,7,7,3,5.25,0.875,0.6542056074766356,65.46915218988316,4,418.0,1,0.0
32,14,7,7,3,4.5,0.875,0.7608695652173914,71.20634350602768,4,750.4,2,0.0
32,9,1,8,0,7.25,0.1111111111111111,0.06802721088435375,69.48799369050725,4,141.2,2,1.0
30,10,3,7,0,4.75,0.375,0.30927835051546393,57.96043199465664,3,419.0,1,1.0
42,5,1,4,0,1.5,0.2,0.3125,75.1624126121672,1,102.1,0,1.0
18,12,7,5,3,2.75,1.1666666666666667,1.2280701754385965,54.427370143061495,2,276.2,3,0.0
24,22,13,9,5,4.5,1.3,1.4130434782608696,67.45670352221929,7,349.2,3,0.0
31,11,4,7,0,5.5,0.5,0.35714285714285715,75.57841662649663,2,302.3,0,1.0
27,11,5,6,2,6.5,0.7142857142857143,0.3787878787878788,68.39248254707873,8,770.9,3,0.0
33,15,8,7,3,2.5,1.0,1.5384615384615383,38.3239494701334,4,213.5,2,0.0
27,19,8,11,5,4.25,0.6666666666666666,0.9195402298850576,83.32262964520199,3,329.7,1,0.0
39,26,13,13,6,6.25,0.9285714285714286,1.0236220472440944,72.93842855419079,8,452.5,6,0.0
32,27,13,14,7,5.0,0.8666666666666667,1.2745098039215688,86.15207481799116,8,390.0,7,0.0
39,21,9,12,4,3.75,0.6923076923076923,1.1688311688311688,72.86642737260506,4,411.3,4,0.0
39,14,6,8,3,3.5,0.6666666666666666,0.8333333333333333,60.342306829114754,6,279.6,1,0.0
36,16,7,9,3,3.25,0.7,1.044776119402985,60.74998078849827,5,36.0,1,0.0
41,15,7,8,3,2.75,0.7777777777777778,1.2280701754385965,58.43667423760385,2,188.6,1,0.0
19,12,6,6,3,4.0,0.8571428571428571,0.7317073170731708,68.41736037432098,3,265.7,0,0.0
19,31,19,12,9,8.0,1.4615384615384615,1.1728395061728396,67.52155110579977,8,434.8,3,0.0
24,16,10,6,6,4.25,1.4285714285714286,1.149425287356322,64.47481324422955,5,673.6,1,0.0
33,12,5,7,1,3.25,0.625,0.7462686567164178,62.79977785358455,6,280.3,3,0.0
19,13,5,8,3,3.75,0.5555555555555556,0.6493506493506493,53.772555433484435,2,207.1,1,0.0
32,19,7,12,4,3.75,0.5384615384615384,0.9090909090909091,63.74459151259496,3,203.8,3,0.0
20,11,6,5,3,3.25,1.0,0.8955223880597015,55.11994965786602,2,234.9,2,0.0
36,22,13,9,8,2.75,1.3,2.280701754385965,77.17509184710131,5,346.0,1,0.0
23,23,13,10,6,5.0,1.1818181818181819,1.2745098039215688,62.10472304303119,6,351.7,5,0.0
16,20,9,11,3,7.0,0.75,0.6338028169014085,63.2470134134907,6,277.8,2,0.0
38,8,2,6,0,2.0,0.2857142857142857,0.47619047619047616,57.154571921145845,1,206.60000000000002,1,1.0
41,22,14,8,7,4.25,1.5555555555555556,1.6091954022988506,67.3161084378932,5,272.1,5,0.0
25,13,7,6,6,3.0,1.0,1.129032258064516,60.22992843960291,3,152.9,0,0.0
16,10,4,6,1,3.25,0.5714285714285714,0.5970149253731343,60.43133979731308,2,78.7,4,0.0
24,16,6,10,1,7.25,0.5454545454545454,0.40816326530612246,85.27207814707369,8,525.9,3,0.0
29,14,5,9,4,3.25,0.5,0.7462686567164178,70.733123767363,4,354.6,6,0.0
34,15,7,8,3,3.75,0.7777777777777778,0.9090909090909091,64.94666940077478,6,236.8,2,0.0
38,16,8,8,5,3.75,0.8888888888888888,1.0389610389610389,61.7058558930587,3,236.39999999999998,0,0.0
31,13,9,4,3,4.0,1.8,1.0975609756097562,70.31833187994881,5,283.20000000000005,4,0.0
18,12,6,6,2,2.75,0.8571428571428571,1.0526315789473684,67.7816379147777,1,250.7,4,0.0
27,29,10,19,4,4.0,0.5,1.2195121951219514,71.65313225906831,5,557.4,4,0.0
37,28,11,17,4,7.0,0.6111111111111112,0.7746478873239437,77.26209448499921,7,519.4,6,0.0
34,14,3,11,2,4.5,0.25,0.32608695652173914,89.47415983411722,5,358.3,1,0.0
32,6,3,3,2,3.0,0.75,0.48387096774193544,43.56038131749578,0,143.7,2,0.0
30,10,7,3,2,4.75,1.75,0.7216494845360826,68.74247851439908,8,296.59999999999997,8,0.0
25,7,1,6,0,3.0,0.14285714285714285,0.16129032258064516,64.2886275599195,1,149.5,0,1.0
30,15,6,9,3,5.75,0.6,0.5128205128205129,74.71162104172582,6,278.5,3,0.0
40,20,10,10,2,6.0,0.9090909090909091,0.819672131147541,64.38387172523915,5,379.6,2,0.0
38,4,2,2,0,2.5,0.6666666666666666,0.3846153846153846,52.844316174385106,0,85.10000000000001,1,1.0
35,21,11,10,4,3.75,1.0,1.4285714285714286,78.50164780559341,7,339.1,4,0.0
38,14,4,10,3,3.0,0.36363636363636365,0.6451612903225806,65.92671722739101,5,286.3,5,0.0
16,23,14,9,9,5.25,1.4,1.3084112149532712,75.90500561747442,7,323.6,1,0.0
23,21,10,11,6,5.25,0.8333333333333334,0.9345794392523366,73.40585125233588,5,339.2,0,0.0
20,15,5,10,2,3.75,0.45454545454545453,0.6493506493506493,53.21135072439947,1,230.5,3,0.0
21,13,8,5,6,3.5,1.3333333333333333,1.1111111111111112,59.30441928771018,4,221.10000000000002,3,0.0
30,12,1,11,0,3.75,0.08333333333333333,0.12987012987012986,76.00309152255114,4,328.7,0,1.0
44,12,8,4,4,3.0,1.6,1.2903225806451613,38.8689087110814,1,104.3,0,0.0
41,16,10,6,7,6.25,1.4285714285714286,0.7874015748031497,79.09987490108495,7,461.8,2,0.0
21,12,8,4,4,1.0,1.6,3.6363636363636362,60.53548580588547,0,125.4,1,0.0
23,15,5,10,2,3.5,0.45454545454545453,0.6944444444444444,57.79817566220956,4,272.5,1,0.0
37,9,2,7,0,2.5,0.25,0.3846153846153846,71.94962552878356,1,76.7,0,1.0
16,13,7,6,3,3.0,1.0,1.129032258064516,67.83446372881836,4,303.3,2,0.0
17,13,6,7,2,2.75,0.75,1.0526315789473684,61.59315396232388,3,228.1,2,0.0
23,8,3,5,1,3.5,0.5,0.41666666666666663,53.86036174944713,2,169.5,2,0.0
21,3,1,2,1,0.75,0.3333333333333333,0.5882352941176471,52.18789662816371,2,101.3,0,0.0
34,15,7,8,3,2.25,0.7777777777777778,1.4893617021276595,58.770269221202284,4,385.8,1,0.0
31,17,8,9,4,3.75,0.8,1.0389610389610389,62.50303353570992,5,388.59999999999997,3,0.0
18,10,4,6,0,3.5,0.5714285714285714,0.5555555555555556,47.400731754407424,2,235.6,1,1.0
20,25,9,16,6,6.0,0.5294117647058824,0.7377049180327869,82.68433841296812,7,321.0,3,0.0
31,20,5,15,2,1.75,0.3125,1.3513513513513513,70.1664045301979,5,293.9,3,0.0
34,10,8,2,4,1.5,2.6666666666666665,2.5,32.554109178257626,0,191.4,1,0.0
18,4,2,2,1,1.0,0.6666666666666666,0.9090909090909091,46.92194300327632,1,183.29999999999998,2,0.0
42,20,8,12,7,5.25,0.6153846153846154,0.7476635514018692,70.09592026531872,4,518.0,2,0.0
42,4,3,1,2,4.5,1.5,0.32608695652173914,49.43076369599186,2,136.8,1,0.0
31,3,2,1,2,1.0,1.0,0.9090909090909091,36.9465896790813,1,116.4,2,0.0
43,18,10,8,3,4.25,1.1111111111111112,1.149425287356322,78.60467374342116,7,517.6,4,0.0
40,18,9,9,5,4.25,0.9,1.0344827586206897,75.43300096982495,7,291.8,3,0.0
24,4,1,3,0,1.75,0.25,0.27027027027027023,31.473052526821753,1,120.80000000000001,0,1.0
18,21,12,9,5,6.25,1.2,0.9448818897637796,76.21136159288581,7,519.0,3,0.0
35,16,9,7,7,2.5,1.125,1.7307692307692306,62.98937080851933,0,293.3,2,0.0
17,6,1,5,0,2.75,0.16666666666666666,0.17543859649122806,70.59031134027555,3,134.4,0,1.0
23,7,1,6,0,3.25,0.14285714285714285,0.14925373134328357,43.40643406472236,0,150.7,0,1.0
21,14,5,9,4,3.25,0.5,0.7462686567164178,63.402063529779426,4,184.79999999999998,0,0.0
31,15,9,6,4,5.75,1.2857142857142858,0.7692307692307693,62.48224965301684,5,522.2,2,0.0
26,9,5,4,1,2.25,1.0,1.0638297872340425,58.545516551594154,2,296.3,4,0.0
43,20,13,7,9,5.0,1.625,1.2745098039215688,64.79658833577514,5,284.8,3,0.0
38,18,12,6,7,3.25,1.7142857142857142,1.791044776119403,65.8859257783445,6,441.4,3,0.0
40,16,7,9,3,2.75,0.7,1.2280701754385965,57.17676329717398,1,208.5,1,0.0
38,12,8,4,4,2.25,1.6,1.702127659574468,64.41266838588255,5,238.3,1,0.0
24,20,8,12,5,5.5,0.6153846153846154,0.7142857142857143,80.86126858102801,5,269.8,2,0.0
42,6,2,4,1,3.0,0.4,0.3225806451612903,53.97712261919235,1,161.1,1,0.0
31,14,5,9,1,3.25,0.5,0.7462686567164178,51.57626007151465,2,221.6,1,0.0
25,6,2,4,0,3.25,0.4,0.29850746268656714,39.921332224496105,2,94.5,1,1.0
36,10,4,6,1,3.75,0.5714285714285714,0.5194805194805194,60.14149168152703,4,328.2,0,0.0
24,2,2,0,0,0.5,2.0,1.6666666666666667,58.419593461518204,1,89.4,0,1.0
17,13,5,8,2,3.75,0.5555555555555556,0.6493506493506493,56.78122587011369,4,382.90000000000003,2,0.0
34,9,3,6,0,3.0,0.42857142857142855,0.48387096774193544,66.00030800610735,2,165.4,0,1.0
44,3,1,2,0,2.0,0.3333333333333333,0.23809523809523808,43.39443282852697,2,91.0,1,1.0
40,18,12,6,5,4.5,1.7142857142857142,1.3043478260869565,69.2260370677737,6,263.4,4,0.0
43,23,12,11,8,4.5,1.0,1.3043478260869565,82.63510699763472,7,502.1,0,0.0
26,6,2,4,2,1.75,0.4,0.5405405405405405,,0,117.1,0,0.0
37,20,10,10,4,5.5,0.9090909090909091,0.8928571428571429,81.83470073730795,6,687.1,1,0.0
26,10,7,3,2,2.75,1.75,1.2280701754385965,61.94834858359823,3,232.8,1,0.0
37,13,6,7,5,4.75,0.75,0.6185567010309279,47.199020144867575,4,295.7,0,0.0
17,27,14,13,6,6.25,1.0,1.1023622047244095,66.66827764135591,8,367.0,3,0.0
41,3,2,1,1,2.25,1.0,0.425531914893617,23.479595851937404,1,109.89999999999999,0,0.0
23,11,5,6,4,2.75,0.7142857142857143,0.8771929824561403,61.41189772013379,3,270.9,0,0.0
19,31,8,23,4,6.0,0.3333333333333333,0.6557377049180328,83.8107835187869,7,548.1,1,0.0
37,10,5,5,3,2.75,0.8333333333333334,0.8771929824561403,42.5188133653985,1,221.7,2,0.0
22,29,14,15,7,5.75,0.875,1.1965811965811965,80.22932602245913,8,577.9,4,0.0
44,17,7,10,7,4.0,0.6363636363636364,0.853658536585366,64.6687495311099,6,243.3,0,0.0
32,17,7,10,5,3.0,0.6363636363636364,1.129032258064516,68.95175122278617,5,194.7,2,0.0
16,15,9,6,6,3.0,1.2857142857142858,1.4516129032258065,73.139842524266,4,212.0,1,0.0
27,19,8,11,1,4.5,0.6666666666666666,0.8695652173913044,71.11105860896843,5,389.5,5,0.0
37,11,5,6,5,4.25,0.7142857142857143,0.574712643678161,81.28246016371152,8,353.5,2,0.0
22,12,6,6,4,2.25,0.8571428571428571,1.276595744680851,55.02621353377481,3,274.9,0,0.0
30,16,7,9,3,5.0,0.7,0.6862745098039216,59.20945144429776,5,114.0,2,0.0
21,19,8,11,3,3.5,0.6666666666666666,1.1111111111111112,54.73186385922809,4,206.60000000000002,7,0.0
31,30,13,17,5,6.75,0.7222222222222222,0.9489051094890512,88.90244303515149,8,437.1,2,0.0
28,15,4,11,1,6.25,0.3333333333333333,0.31496062992125984,72.75763274210145,6,298.90000000000003,2,0.0
17,14,7,7,3,1.75,0.875,1.8918918918918919,49.237556526700274,3,188.5,0,0.0
37,10,6,4,3,3.25,1.2,0.8955223880597015,48.08558386327064,5,426.5,3,0.0
33,8,3,5,2,3.5,0.5,0.41666666666666663,53.421038257674105,5,129.5,1,0.0
36,20,13,7,7,5.5,1.625,1.1607142857142858,89.43188775328956,8,596.7,4,0.0
36,12,7,5,3,2.75,1.1666666666666667,1.2280701754385965,66.0302417668293,4,445.4,3,0.0
20,3,1,2,0,2.5,0.3333333333333333,0.1923076923076923,57.41377128995705,2,84.3,3,1.0
22,18,11,7,5,6.5,1.375,0.8333333333333334,73.8538819711698,8,350.9,2,0.0
23,19,10,9,6,3.5,1.0,1.3888888888888888,78.76213717161161,6,477.8,2,0.0
44,11,4,7,1,3.0,0.5,0.6451612903225806,64.16067996337792,6,375.5,1,0.0
23,14,7,7,2,4.0,0.875,0.853658536585366,74.02607755331019,4,361.8,2,0.0
23,15,9,6,5,2.5,1.2857142857142858,1.7307692307692306,73.85621392654896,7,278.4,2,0.0
17,24,13,11,3,5.0,1.0833333333333333,1.2745098039215688,66.9161346810733,7,322.2,5,0.0
18,14,4,10,1,4.75,0.36363636363636365,0.4123711340206186,62.444143164103465,4,301.7,2,0.0
21,22,14,8,5,2.75,1.5555555555555556,2.456140350877193,62.68415039112344,6,363.2,3,0.0
32,23,11,12,5,2.5,0.8461538461538461,2.1153846153846154,69.83458450868545,6,323.9,3,0.0
21,4,3,1,1,1.75,1.5,0.8108108108108107,36.96965825950676,1,134.5,0,0.0
32,15,10,5,2,1.25,1.6666666666666667,3.7037037037037033,58.63260858503396,6,166.79999999999998,2,0.0
41,5,1,4,0,3.0,0.2,0.16129032258064516,59.17472125943938,3,236.1,0,1.0
41,9,4,5,3,3.5,0.6666666666666666,0.5555555555555556,62.7744344519352,3,165.0,1,0.0
40,11,6,5,4,4.0,1.0,0.7317073170731708,61.99600625238139,3,234.9,1,0.0
20,8,5,3,2,3.0,1.25,0.8064516129032258,54.845089291572464,2,279.3,1,0.0
19,21,9,12,4,4.5,0.6923076923076923,0.9782608695652175,68.9936860384509,3,345.70000000000005,2,0.0
37,27,10,17,3,7.25,0.5555555555555556,0.6802721088435374,67.07419861009845,7,430.0,2,0.0
28,11,6,5,2,6.25,1.0,0.4724409448818898,77.1140813851899,6,339.4,4,0.0
30,17,12,5,6,3.5,2.0,1.6666666666666665,60.388985582312266,4,257.1,5,0.0
20,8,4,4,1,2.5,0.8,0.7692307692307692,69.21353807487542,3,595.1,3,0.0
31,6,4,2,3,3.5,1.3333333333333333,0.5555555555555556,58.5431426765225,6,183.3,0,0.0
42,13,4,9,3,4.5,0.4,0.4347826086956522,58.25978132648428,5,182.8,3,0.0
19,7,7,0,4,2.0,7.0,1.6666666666666665,65.81630508831907,2,158.4,3,0.0
16,15,7,8,3,2.25,0.7777777777777778,1.4893617021276595,65.09862935933484,3,168.8,2,0.0
44,33,12,21,5,7.0,0.5454545454545454,0.8450704225352114,76.2372473386883,6,278.2,4,0.0
38,14,5,9,4,5.25,0.5,0.4672897196261683,67.08143378339251,3,276.2,5,0.0
27,23,15,8,5,3.0,1.6666666666666667,2.4193548387096775,74.2615048055954,3,341.7,1,0.0
27,15,9,6,4,5.0,1.2857142857142858,0.8823529411764707,58.04315657477705,2,162.7,3,0.0
40,10,3,7,1,4.5,0.375,0.32608695652173914,63.86155829561016,3,138.7,2,0.0
39,17,10,7,3,4.75,1.25,1.0309278350515465,76.93810588044285,6,194.0,3,0.0
21,12,5,7,2,1.75,0.625,1.3513513513513513,50.766685069016006,3,165.4,3,0.0
21,7,7,0,5,2.75,7.0,1.2280701754385965,62.85895402512495,3,169.3,4,0.0
31,7,4,3,2,1.5,1.0,1.25,42.98387041057841,0,225.9,2,0.0
34,21,8,13,3,3.25,0.5714285714285714,1.1940298507462686,64.27230587831656,4,149.4,2,0.0
37,18,9,9,6,3.0,0.9,1.4516129032258065,57.75378069221053,1,168.6,2,0.0
25,3,1,2,1,0.75,0.3333333333333333,0.5882352941176471,34.71100996894981,0,29.1,0,0.0
29,25,13,12,8,6.5,1.0,0.9848484848484849,77.37771292358013,8,615.1,2,0.0
41,2,1,1,0,1.75,0.5,0.27027027027027023,68.62427999841233,0,41.8,0,1.0
33,18,7,11,3,6.25,0.5833333333333334,0.5511811023622047,68.86895055999665,5,314.7,2,0.0
42,5,4,1,0,3.0,2.0,0.6451612903225806,62.50474386035066,2,342.8,3,1.0
17,8,4,4,1,4.25,0.8,0.4597701149425288,63.52125070737896,2,234.7,0,0.0
40,10,3,7,2,5.0,0.375,0.29411764705882354,67.79501973261267,6,140.7,2,0.0
17,15,3,12,0,4.0,0.23076923076923078,0.3658536585365854,76.40832195774527,4,360.4,1,1.0
25,20,9,11,6,7.0,0.75,0.6338028169014085,79.68743366945692,8,524.4,4,0.0
28,13,11,2,5,2.75,3.6666666666666665,1.9298245614035088,60.17170392340087,1,150.8,0,0.0
22,11,4,7,1,3.25,0.5,0.5970149253731343,71.52577557986132,7,307.2,3,0.0
44,21,9,12,4,4.25,0.6923076923076923,1.0344827586206897,76.14631777810933,6,431.6,1,0.0
41,14,5,9,4,3.25,0.5,0.7462686567164178,64.49502884173542,4,160.1,3,0.0
32,12,4,8,3,3.0,0.4444444444444444,0.6451612903225806,53.234218169158986,3,181.4,1,0.0
29,7,1,6,0,2.0,0.14285714285714285,0.23809523809523808,54.93601654480853,1,132.0,2,1.0
38,9,5,4,4,1.25,1.0,1.8518518518518516,56.061550009130606,1,85.9,1,0.0
36,18,11,7,5,4.5,1.375,1.1956521739130437,57.10380729783789,4,236.1,2,0.0
39,17,9,8,5,5.5,1.0,0.8035714285714286,66.04543694112085,4,344.5,0,0.0
21,6,3,3,2,2.25,0.75,0.6382978723404255,50.03073404460253,1,186.4,0,0.0
24,15,7,8,5,5.5,0.7777777777777778,0.625,68.93330353223926,7,257.5,1,0.0
19,29,13,16,8,5.5,0.7647058823529411,1.1607142857142858,82.49551283107618,8,363.0,3,0.0
21,33,16,17,8,8.75,0.8888888888888888,0.903954802259887,82.94771343502627,6,626.1,1,0.0
34,10,6,4,1,2.5,1.2,1.1538461538461537,54.112469460695316,5,306.9,2,0.0
28,3,2,1,0,1.75,1.0,0.5405405405405405,49.336163413184934,0,78.8,0,1.0
23,24,11,13,6,5.0,0.7857142857142857,1.0784313725490198,68.39659610860669,6,574.2,4,0.0
18,25,11,14,4,2.75,0.7333333333333333,1.9298245614035088,60.614506422404624,5,163.2,4,0.0
27,16,9,7,1,2.75,1.125,1.5789473684210527,48.501401873777894,4,203.4,1,0.0
26,15,10,5,4,3.5,1.6666666666666667,1.3888888888888888,65.16951555683377,3,287.1,3,0.0
16,9,4,5,1,2.75,0.6666666666666666,0.7017543859649122,62.537883961364685,1,309.5,2,0.0
23,17,9,8,7,3.25,1.0,1.3432835820895521,53.49569085080556,4,261.0,2,0.0
16,10,6,4,4,5.0,1.2,0.5882352941176471,53.4101632015771,5,384.5,1,0.0
37,6,4,2,1,3.0,1.3333333333333333,0.6451612903225806,51.90126280164733,1,378.3,1,0.0
38,17,13,4,7,4.0,2.6,1.5853658536585367,59.690907735887606,8,348.1,2,0.0
20,8,4,4,2,3.5,0.8,0.5555555555555556,49.151984268929894,2,279.1,0,0.0
41,15,6,9,3,3.25,0.6,0.8955223880597015,72.7549128484855,5,239.9,4,0.0
23,17,7,10,5,2.0,0.6363636363636364,1.6666666666666665,65.10392295325668,0,125.89999999999999,2,0.0
38,7,1,6,1,5.5,0.14285714285714285,0.08928571428571429,66.872078259291,5,444.7,0,0.0
34,15,8,7,4,2.25,1.0,1.702127659574468,58.605423231908425,6,255.9,5,0.0
36,32,17,15,10,6.5,1.0625,1.2878787878787878,74.9201398626249,7,359.4,3,0.0
23,13,5,8,2,1.25,0.5555555555555556,1.8518518518518516,66.20600363376803,3,166.1,1,0.0
25,15,6,9,2,1.75,0.6,1.6216216216216215,69.10675568291343,1,218.8,1,0.0
16,21,10,11,6,4.0,0.8333333333333334,1.2195121951219514,71.58231611814256,5,278.8,6,0.0
25,20,13,7,7,4.25,1.625,1.4942528735632186,58.519714037492776,5,260.4,2,0.0
30,20,9,11,6,4.0,0.75,1.0975609756097562,76.3462411633062,8,438.6,3,0.0
21,21,10,11,3,3.75,0.8333333333333334,1.2987012987012987,71.63890970807124,7,296.5,4,0.0
24,12,4,8,1,4.25,0.4444444444444444,0.4597701149425288,58.924059229494475,3,410.1,4,0.0
44,8,3,5,2,1.75,0.5,0.8108108108108107,48.21932791072755,2,278.0,0,0.0
42,15,10,5,7,3.5,1.6666666666666667,1.3888888888888888,69.92346937495343,5,273.8,3,0.0
42,20,7,13,2,6.0,0.5,0.5737704918032788,80.55846963026346,6,794.1,3,0.0
35,21,12,9,4,5.25,1.2,1.1214953271028039,72.90105922278181,4,185.1,3,0.0
20,10,6,4,4,3.0,1.2,0.9677419354838709,70.56390989038688,1,156.1,3,0.0
21,8,2,6,0,1.75,0.2857142857142857,0.5405405405405405,60.627651857182634,2,128.9,1,1.0
43,17,9,8,6,3.0,1.0,1.4516129032258065,68.45113322012281,6,356.0,5,0.0
16,13,6,7,3,2.5,0.75,1.1538461538461537,69.3187746250919,3,120.2,2,0.0
30,3,2,1,1,4.0,1.0,0.24390243902439027,52.647713590379276,0,176.1,5,0.0
33,4,3,1,2,3.0,1.5,0.48387096774193544,59.29902234404335,0,235.4,1,0.0
40,6,4,2,3,2.0,1.3333333333333333,0.9523809523809523,52.07798076046572,0,118.3,1,0.0
24,8,2,6,2,1.5,0.2857142857142857,0.625,,2,118.1,3,0.0
30,14,8,6,5,3.0,1.1428571428571428,1.2903225806451613,47.43614704098204,2,259.6,1,0.0
34,15,6,9,4,3.0,0.6,0.9677419354838709,58.98236248115944,2,342.6,4,0.0
43,6,3,3,2,1.0,0.75,1.3636363636363635,72.2317458413704,2,198.9,1,0.0
32,21,10,11,2,4.75,0.8333333333333334,1.0309278350515465,80.04061383894135,7,378.1,2,0.0
19,16,6,10,4,5.25,0.5454545454545454,0.5607476635514019,62.68662381558791,7,269.4,3,0.0
42,17,6,11,4,7.25,0.5,0.40816326530612246,73.97726767904116,6,507.6,4,0.0
21,17,10,7,2,4.75,1.25,1.0309278350515465,70.44183235611985,6,100.2,3,0.0
21,13,7,6,3,4.0,1.0,0.853658536585366,63.383051026015984,2,202.8,3,0.0
21,17,11,6,4,2.25,1.5714285714285714,2.3404255319148937,76.6819261054279,6,344.5,0,0.0
36,15,6,9,2,2.75,0.6,1.0526315789473684,69.1183648410829,3,252.0,1,0.0
28,2,2,0,0,2.25,2.0,0.425531914893617,51.604930695574176,0,26.2,0,1.0
18,17,6,11,2,6.5,0.5,0.4545454545454546,79.44640266357312,5,382.4,2,0.0
41,17,7,10,2,2.25,0.6363636363636364,1.4893617021276595,64.33184414456501,3,413.1,4,0.0
34,12,8,4,5,4.25,1.6,0.9195402298850576,72.3673098537891,7,552.6,3,0.0
17,11,4,7,2,2.25,0.5,0.851063829787234,60.901085382704466,4,106.0,2,0.0
44,17,9,8,3,1.5,1.0,2.8125,52.202150710296884,1,193.6,4,0.0
18,14,6,8,1,3.75,0.6666666666666666,0.7792207792207793,65.68900953729708,6,191.5,4,0.0
33,6,1,5,1,1.25,0.16666666666666666,0.37037037037037035,53.636722028544455,1,99.2,2,0.0
31,12,5,7,3,3.75,0.625,0.6493506493506493,60.509271174345685,4,248.1,2,0.0
27,17,8,9,3,7.25,0.8,0.54421768707483,82.89590380896804,8,842.2,3,0.0
32,9,4,5,2,4.0,0.6666666666666666,0.48780487804878053,64.02712380886867,4,101.0,2,0.0
29,20,8,12,6,4.0,0.6153846153846154,0.9756097560975611,67.95067667379067,6,391.8,4,0.0
35,7,3,4,2,3.5,0.6,0.41666666666666663,61.71567257957862,5,212.8,0,0.0
23,18,6,12,2,4.25,0.46153846153846156,0.6896551724137931,59.2373555947398,8,173.20000000000002,2,0.0
26,14,10,4,3,3.25,2.0,1.4925373134328357,59.12421356646802,3,214.3,2,0.0
25,6,1,5,0,5.5,0.16666666666666666,0.08928571428571429,93.58324379497923,3,164.5,4,1.0
26,7,3,4,1,1.5,0.6,0.9375,54.05989497245157,2,100.6,0,0.0
25,13,6,7,3,4.25,0.75,0.6896551724137931,86.90315529280967,3,473.70000000000005,6,0.0
38,4,3,1,2,2.0,1.5,0.7142857142857143,54.75377788329902,1,183.9,0,0.0
39,14,6,8,3,4.5,0.6666666666666666,0.6521739130434783,67.20556093093096,8,225.9,3,0.0
26,18,8,10,4,3.0,0.7272727272727273,1.2903225806451613,69.14923549956335,6,305.9,0,0.0
17,27,14,13,6,6.0,1.0,1.1475409836065575,78.63957198407202,6,298.2,4,0.0
28,12,5,7,0,3.0,0.625,0.8064516129032258,55.4408217813714,3,174.5,2,1.0
22,11,7,4,2,2.75,1.4,1.2280701754385965,49.05228440698469,3,570.7,1,0.0
33,9,4,5,1,3.5,0.6666666666666666,0.5555555555555556,70.045775023526,7,210.2,1,0.0
23,16,6,10,0,3.5,0.5454545454545454,0.8333333333333333,75.38322807149416,7,381.59999999999997,5,1.0
30,16,8,8,4,2.25,0.8888888888888888,1.702127659574468,69.71242507595895,5,163.1,1,0.0
32,24,15,9,7,4.5,1.5,1.6304347826086958,86.22026970057551,6,361.7,4,0.0
29,12,7,5,4,3.25,1.1666666666666667,1.044776119402985,70.33416679200917,1,364.1,3,0.0
38,13,7,6,4,2.5,1.0,1.346153846153846,64.50199265431782,4,395.0,0,0.0
22,30,18,12,10,5.0,1.3846153846153846,1.7647058823529413,80.0659914768461,8,611.2,3,0.0
40,27,16,11,11,6.0,1.3333333333333333,1.3114754098360657,77.29674621011354,4,400.1,2,0.0
43,10,4,6,1,2.0,0.5714285714285714,0.9523809523809523,52.44136652869773,3,163.29999999999998,3,0.0
27,19,8,11,5,3.75,0.6666666666666666,1.0389610389610389,77.96465159721613,5,303.2,2,0.0
19,8,6,2,3,3.0,2.0,0.9677419354838709,58.396560443719174,5,202.9,1,0.0
31,14,9,5,5,5.0,1.5,0.8823529411764707,67.80405353680396,4,368.5,4,0.0
39,19,11,8,5,3.25,1.2222222222222223,1.6417910447761193,73.08388161947215,3,484.70000000000005,0,0.0
42,22,13,9,5,3.75,1.3,1.6883116883116882,74.96337664953468,7,360.2,4,0.0
39,12,6,6,4,2.75,0.8571428571428571,1.0526315789473684,61.04968939153471,3,139.6,1,0.0
24,14,8,6,6,3.0,1.1428571428571428,1.2903225806451613,56.765795127895984,1,287.0,0,0.0
19,14,8,6,2,3.5,1.1428571428571428,1.1111111111111112,55.040775597874074,4,416.59999999999997,3,0.0
23,4,2,2,0,2.25,0.6666666666666666,0.425531914893617,55.90046423921902,4,252.7,2,1.0
26,3,2,1,0,0.5,1.0,1.6666666666666667,51.50028006967173,0,135.2,3,1.0
27,10,4,6,2,6.25,0.5714285714285714,0.31496062992125984,70.2919091917297,3,233.60000000000002,2,0.0
39,14,8,6,3,5.0,1.1428571428571428,0.7843137254901962,69.18590388978001,3,231.2,4,0.0
44,7,3,4,0,2.25,0.6,0.6382978723404255,56.26287500518478,2,288.3,1,1.0
42,7,2,5,0,1.5,0.3333333333333333,0.625,53.24171607950316,2,299.8,2,1.0
33,20,12,8,5,3.0,1.3333333333333333,1.9354838709677418,66.81048360188107,5,258.2,5,0.0
21,11,6,5,1,2.5,1.0,1.1538461538461537,67.905583139863,4,383.4,2,0.0
38,15,6,9,3,4.0,0.6,0.7317073170731708,70.65912997203304,3,185.70000000000002,2,0.0
41,19,13,6,9,4.75,1.8571428571428572,1.3402061855670104,57.92891862691126,6,186.1,2,0.0
35,3,1,2,0,2.25,0.3333333333333333,0.2127659574468085,46.097377894119475,0,108.3,0,1.0
41,16,10,6,3,2.5,1.4285714285714286,1.923076923076923,54.568757792698754,3,283.9,2,0.0
32,15,11,4,7,3.25,2.2,1.6417910447761193,70.10587907576148,7,344.7,4,0.0
24,12,7,5,4,3.5,1.1666666666666667,0.9722222222222222,70.67483916595215,3,204.5,1,0.0
26,16,12,4,4,5.5,2.4,1.0714285714285714,75.60317654927069,6,160.4,8,0.0
17,4,3,1,2,1.75,1.5,0.8108108108108107,,2,112.39999999999999,0,0.0
36,20,4,16,2,5.75,0.23529411764705882,0.3418803418803419,70.42441822863111,8,411.5,1,0.0
17,12,5,7,4,2.25,0.625,1.0638297872340425,56.27655757040605,3,271.7,2,0.0
18,14,7,7,5,1.5,0.875,2.1875,60.878468920609066,5,515.3,3,0.0
40,24,11,13,5,7.0,0.7857142857142857,0.7746478873239437,71.21954576552896,6,469.6,6,0.0
33,18,9,9,3,4.5,0.9,0.9782608695652175,80.42105950660381,8,440.09999999999997,1,0.0
40,16,12,4,8,3.25,2.4,1.791044776119403,67.79112418848916,4,303.2,0,0.0
39,8,4,4,2,1.75,0.8,1.081081081081081,44.38622344391329,1,125.4,0,0.0
16,22,13,9,8,6.5,1.3,0.9848484848484849,71.35734303725602,6,395.5,2,0.0
41,20,6,14,2,5.75,0.4,0.5128205128205129,82.60256982646231,7,289.4,0,0.0
35,30,14,16,6,7.5,0.8235294117647058,0.9210526315789475,77.53661118948273,7,479.4,0,0.0
39,14,6,8,3,4.25,0.6666666666666666,0.6896551724137931,69.28613358437715,3,93.9,0,0.0
30,21,10,11,2,4.75,0.8333333333333334,1.0309278350515465,72.00143716536019,5,461.0,5,0.0
20,15,8,7,4,4.25,1.0,0.9195402298850576,63.6631094609172,5,273.1,3,0.0
31,12,7,5,4,3.0,1.1666666666666667,1.129032258064516,60.61254692596992,3,138.2,1,0.0
22,11,2,9,2,2.75,0.2,0.3508771929824561,60.3107557849807,2,114.5,0,0.0
19,11,5,6,2,3.0,0.7142857142857143,0.8064516129032258,70.52817054048914,5,254.1,0,0.0
18,16,8,8,4,2.5,0.8888888888888888,1.5384615384615383,60.09395648786366,2,305.5,1,0.0
23,16,9,7,4,4.75,1.125,0.9278350515463918,76.81292875895056,8,766.9,4,0.0
41,22,14,8,5,4.0,1.5555555555555556,1.707317073170732,56.97657649661682,4,251.5,3,0.0
33,23,13,10,9,5.5,1.1818181818181819,1.1607142857142858,82.90759231564091,8,353.7,2,0.0
44,8,5,3,4,5.5,1.25,0.44642857142857145,52.81375130961388,4,288.3,3,0.0
25,10,5,5,3,1.5,0.8333333333333334,1.5625,65.33504028083348,2,387.59999999999997,2,0.0
36,26,14,12,5,5.75,1.0769230769230769,1.1965811965811965,66.35392852502805,5,420.2,1,0.0
19,8,3,5,1,1.5,0.5,0.9375,48.356229440663505,2,211.6,2,0.0
42,7,1,6,0,2.25,0.14285714285714285,0.2127659574468085,62.17786408223674,1,113.9,1,1.0
16,15,9,6,5,2.75,1.2857142857142858,1.5789473684210527,71.782688918363,5,329.0,2,0.0
34,20,10,10,5,5.0,0.9090909090909091,0.9803921568627452,65.37226714053864,4,321.9,0,0.0
37,22,10,12,6,4.0,0.7692307692307693,1.2195121951219514,72.12771130075373,7,267.0,2,0.0
29,13,7,6,2,5.0,1.0,0.6862745098039216,71.8568573601607,6,380.59999999999997,0,0.0
29,14,11,3,8,3.75,2.75,1.4285714285714286,59.40888206199566,7,555.7,3,0.0
20,21,11,10,6,4.0,1.0,1.3414634146341464,64.72978240571878,5,298.0,1,0.0
39,19,14,5,6,2.5,2.3333333333333335,2.692307692307692,61.018002911682366,5,216.4,2,0.0
27,19,10,9,4,3.5,1.0,1.3888888888888888,67.89421708581298,3,618.9,1,0.0
40,11,6,5,4,3.5,1.0,0.8333333333333333,49.93839426933604,3,361.6,1,0.0
22,5,4,1,1,2.5,2.0,0.7692307692307692,64.15044133140795,0,138.4,0,0.0
26,18,9,9,6,3.25,0.9,1.3432835820895521,68.07444138999521,6,198.3,0,0.0
27,15,8,7,3,6.0,1.0,0.6557377049180328,71.11223514217912,7,435.8,2,0.0
40,14,7,7,4,4.25,0.875,0.8045977011494253,72.32615300083575,5,278.6,5,0.0
22,8,2,6,0,4.0,0.2857142857142857,0.24390243902439027,55.801722346836584,2,565.9,0,1.0
16,19,10,9,6,6.0,1.0,0.819672131147541,81.17014187669027,7,314.1,7,0.0
36,18,4,14,0,2.5,0.26666666666666666,0.7692307692307692,78.80397459229515,3,165.3,1,1.0
38,14,6,8,3,4.25,0.6666666666666666,0.6896551724137931,48.63831665022782,3,269.4,2,0.0
24,19,7,12,5,4.75,0.5384615384615384,0.7216494845360826,77.27652469471896,3,273.1,1,0.0
29,23,13,10,6,5.25,1.1818181818181819,1.2149532710280375,70.23138224174045,5,489.0,4,0.0
43,13,8,5,6,4.0,1.3333333333333333,0.9756097560975611,63.689578541576346,3,230.20000000000002,1,0.0
28,12,1,11,1,4.75,0.08333333333333333,0.10309278350515465,74.69341242860385,4,90.4,2,0.0
40,10,6,4,4,4.25,1.2,0.6896551724137931,67.02467049979296,4,324.7,0,0.0
32,14,4,10,3,3.25,0.36363636363636365,0.5970149253731343,61.57415151824177,2,195.1,2,0.0
30,13,6,7,3,5.0,0.75,0.5882352941176471,71.24801784070573,6,172.7,1,0.0
22,5,3,2,2,1.75,1.0,0.8108108108108107,57.65698539794668,2,279.0,2,0.0
33,26,14,12,9,6.75,1.0769230769230769,1.0218978102189782,72.88454944503972,6,452.3,3,0.0
29,4,1,3,0,2.25,0.25,0.2127659574468085,70.34019529197823,0,53.8,0,1.0
43,8,5,3,3,3.0,1.25,0.8064516129032258,58.649461915024304,6,169.89999999999998,3,0.0
33,7,1,6,0,4.25,0.14285714285714285,0.1149425287356322,58.35050766597603,4,195.7,4,1.0
41,21,9,12,2,3.75,0.6923076923076923,1.1688311688311688,69.17653972121214,5,201.1,2,0.0
25,10,6,4,5,3.75,1.2,0.7792207792207793,59.975504688594725,5,510.1,3,0.0
23,17,6,11,3,3.5,0.5,0.8333333333333333,72.60992782660067,6,335.7,1,0.0
22,16,10,6,4,5.0,1.4285714285714286,0.9803921568627452,69.33767402046531,4,247.5,3,0.0
37,18,12,6,7,4.25,1.7142857142857142,1.3793103448275863,69.7074978428887,8,374.6,5,0.0
41,14,7,7,4,4.75,0.875,0.7216494845360826,57.066268358035295,3,364.5,4,0.0
29,21,8,13,6,3.25,0.5714285714285714,1.1940298507462686,71.43289776231491,5,332.4,5,0.0
34,13,5,8,2,4.0,0.5555555555555556,0.6097560975609757,59.21991321650475,4,202.0,0,0.0
27,18,9,9,6,6.75,0.9,0.6569343065693432,62.47652383367719,6,480.9,1,0.0
21,14,6,8,3,5.25,0.6666666666666666,0.5607476635514019,85.4642264973244,7,398.7,6,0.0
20,21,9,12,3,6.25,0.6923076923076923,0.7086614173228347,66.82866805370986,7,580.1,2,0.0
41,14,4,10,2,2.5,0.36363636363636365,0.7692307692307692,60.758342234003365,6,390.5,1,0.0
37,11,7,4,3,4.0,1.4,0.853658536585366,65.86308031816864,7,261.7,2,0.0
28,22,9,13,6,6.75,0.6428571428571429,0.6569343065693432,67.82146899931676,6,839.8,2,0.0
40,20,9,11,7,4.75,0.75,0.9278350515463918,60.1730918141714,8,229.0,3,0.0
33,6,4,2,0,3.25,1.3333333333333333,0.5970149253731343,68.21965752690255,2,305.9,0,1.0
33,9,6,3,5,1.0,1.5,2.727272727272727,55.03380018163401,0,112.2,0,0.0
19,11,7,4,1,3.25,1.4,1.044776119402985,64.0191950952425,1,171.5,1,0.0
31,25,11,14,1,4.25,0.7333333333333333,1.264367816091954,71.74830080605221,7,623.2,2,0.0
19,15,9,6,3,5.25,1.2857142857142858,0.8411214953271029,60.91436736879935,5,148.20000000000002,3,0.0
35,11,5,6,3,4.75,0.7142857142857143,0.5154639175257733,61.66205696383155,3,396.59999999999997,3,0.0
17,6,2,4,2,0.75,0.4,1.1764705882352942,48.036415672440484,1,52.5,1,0.0
19,18,8,10,5,3.0,0.7272727272727273,1.2903225806451613,64.8412453247768,3,315.1,1,0.0
29,15,5,10,1,2.25,0.45454545454545453,1.0638297872340425,67.4627238015983,2,109.2,4,0.0
21,19,11,8,5,6.75,1.2222222222222223,0.8029197080291971,73.72318674069533,7,465.90000000000003,0,0.0
41,6,2,4,0,3.25,0.4,0.29850746268656714,78.39757852802157,2,193.6,0,1.0
26,14,8,6,4,3.75,1.1428571428571428,1.0389610389610389,66.5792047513712,5,533.2,0,0.0
27,13,10,3,5,4.0,2.5,1.2195121951219514,54.04146841933126,6,229.60000000000002,1,0.0
19,25,16,9,10,5.25,1.6,1.4953271028037385,87.75692684115845,8,602.5,5,0.0
34,2,1,1,0,1.25,0.5,0.37037037037037035,,0,37.6,0,1.0
16,6,4,2,2,1.0,1.3333333333333333,1.8181818181818181,51.50890096051133,2,132.5,1,0.0
43,26,14,12,8,3.5,1.0769230769230769,1.9444444444444444,74.80693718819704,7,277.9,2,0.0
34,5,2,3,1,2.5,0.5,0.3846153846153846,52.70902360237132,2,179.60000000000002,1,0.0
40,20,12,8,11,3.5,1.3333333333333333,1.6666666666666665,63.3966896555446,4,358.1,3,0.0
18,11,4,7,2,2.5,0.5,0.7692307692307692,51.46202471777022,2,306.59999999999997,2,0.0
34,3,2,1,0,2.0,1.0,0.47619047619047616,57.126942076015666,0,90.5,1,1.0
44,4,2,2,0,4.0,0.6666666666666666,0.24390243902439027,57.89147876072058,1,369.0,0,1.0
26,17,9,8,6,3.5,1.0,1.25,70.95906517667814,7,359.9,5,0.0
44,14,8,6,1,3.25,1.1428571428571428,1.1940298507462686,68.47886494278258,1,508.2,4,0.0
30,16,7,9,3,4.0,0.7,0.853658536585366,69.66265617900443,4,288.2,4,0.0
29,13,4,9,3,5.25,0.4,0.3738317757009346,59.708165817527366,4,253.5,4,0.0
27,15,8,7,5,3.75,1.0,1.0389610389610389,58.49153427795274,5,135.3,0,0.0
43,22,13,9,10,5.75,1.3,1.1111111111111112,65.67230219052628,5,414.4,5,0.0
38,17,9,8,5,3.0,1.0,1.4516129032258065,59.645294056091664,5,200.3,0,0.0
29,13,6,7,2,3.75,0.75,0.7792207792207793,67.10634145282144,4,242.4,3,0.0
34,19,8,11,3,4.0,0.6666666666666666,0.9756097560975611,52.386748596536926,5,461.7,4,0.0
17,5,1,4,1,2.0,0.2,0.23809523809523808,56.03091095555243,3,210.6,1,0.0
33,3,2,1,1,1.0,1.0,0.9090909090909091,53.25966851510378,2,65.3,0,0.0
35,24,11,13,5,3.75,0.7857142857142857,1.4285714285714286,60.30392859197316,7,280.8,2,0.0
44,13,5,8,2,4.25,0.5555555555555556,0.574712643678161,65.18248202583749,4,154.2,1,0.0
18,22,18,4,5,4.0,3.6,2.1951219512195124,69.29890086126684,4,234.2,0,0.0
17,10,2,8,2,2.0,0.2222222222222222,0.47619047619047616,54.34706997635358,1,191.0,0,0.0
20,6,3,3,2,1.5,0.75,0.9375,64.81480071417953,1,381.40000000000003,3,0.0
24,16,7,9,4,3.5,0.7,0.9722222222222222,51.96984296352561,2,225.3,0,0.0
40,14,6,8,2,3.5,0.6666666666666666,0.8333333333333333,62.08795179126189,3,332.6,1,0.0
21,16,10,6,3,2.75,1.4285714285714286,1.7543859649122806,48.91348908430513,3,149.7,3,0.0
16,7,4,3,2,3.25,1.0,0.5970149253731343,76.71434274914677,5,307.3,2,0.0
27,23,11,12,6,4.75,0.8461538461538461,1.1340206185567012,84.5582268246934,6,836.5,2,0.0
33,16,7,9,4,5.0,0.7,0.6862745098039216,59.84701736860043,4,162.7,0,0.0
30,19,4,15,2,2.75,0.25,0.7017543859649122,68.98171850152917,3,317.7,1,0.0
23,14,7,7,4,4.25,0.875,0.8045977011494253,67.7730804995274,4,348.6,1,0.0
16,12,4,8,3,1.5,0.4444444444444444,1.25,70.48864463260912,3,379.0,3,0.0
21,14,4,10,2,4.5,0.36363636363636365,0.4347826086956522,80.0607791861074,3,264.8,1,0.0
40,15,8,7,4,2.0,1.0,1.9047619047619047,47.924884678742664,4,206.6,1,0.0
27,9,6,3,3,1.5,1.5,1.875,56.82150651382767,0,157.5,0,0.0
31,4,2,2,2,0.75,0.6666666666666666,1.1764705882352942,52.695194580843264,1,66.6,0,0.0
23,17,7,10,5,5.5,0.6363636363636364,0.625,79.70562528264301,7,523.1,2,0.0
24,12,4,8,2,2.75,0.4444444444444444,0.7017543859649122,75.46052626585798,1,273.8,1,0.0
42,4,1,3,1,1.0,0.25,0.45454545454545453,,2,75.1,0,0.0
43,9,6,3,4,2.75,1.5,1.0526315789473684,54.81198521998428,3,295.70000000000005,3,0.0
31,16,9,7,4,3.5,1.125,1.25,51.135446213764375,5,451.2,3,0.0
43,12,9,3,3,2.75,2.25,1.5789473684210527,58.46923226506761,3,267.2,2,0.0
26,22,8,14,4,6.5,0.5333333333333333,0.6060606060606061,71.74750503702676,8,507.6,2,0.0
16,14,10,4,7,4.5,2.0,1.0869565217391306,64.58098516324576,5,252.39999999999998,2,0.0
16,11,6,5,2,4.0,1.0,0.7317073170731708,67.67713546757413,6,216.8,1,0.0
16,12,6,6,3,2.0,0.8571428571428571,1.4285714285714286,55.926405279239994,4,448.3,3,0.0
38,17,8,9,6,2.75,0.8,1.4035087719298245,72.39623190087961,6,208.89999999999998,1,0.0
37,12,5,7,3,2.0,0.625,1.1904761904761905,59.51482114118508,3,248.8,1,0.0
39,21,8,13,5,6.0,0.5714285714285714,0.6557377049180328,77.11159070151106,5,475.6,5,0.0
20,7,3,4,2,4.5,0.6,0.32608695652173914,51.58756169400442,4,489.5,1,0.0
20,26,13,13,6,3.75,0.9285714285714286,1.6883116883116882,72.23684092863522,7,429.90000000000003,3,0.0
34,14,9,5,6,3.0,1.5,1.4516129032258065,67.5088326370104,3,432.2,2,0.0
16,17,8,9,0,5.5,0.8,0.7142857142857143,69.6846511063677,6,241.5,5,1.0
35,17,9,8,6,4.0,1.0,1.0975609756097562,66.52497644098015,6,413.8,2,0.0
41,18,10,8,4,3.0,1.1111111111111112,1.6129032258064515,70.18512713231941,7,416.8,2,0.0
20,18,7,11,4,4.0,0.5833333333333334,0.853658536585366,61.19766621013699,4,481.0,2,0.0
32,21,9,12,5,3.5,0.6923076923076923,1.25,74.3358709334448,6,240.4,4,0.0
43,17,5,12,3,4.0,0.38461538461538464,0.6097560975609757,66.47468325578312,3,122.8,3,0.0
23,18,7,11,4,5.5,0.5833333333333334,0.625,67.04303133955713,7,292.4,3,0.0
22,7,6,1,4,1.75,3.0,1.6216216216216215,52.967977751285744,1,163.79999999999998,0,0.0
16,12,6,6,1,3.0,0.8571428571428571,0.9677419354838709,57.31279624402154,1,230.9,0,0.0
41,9,2,7,0,3.0,0.25,0.3225806451612903,75.354100983548,7,428.90000000000003,3,1.0
36,10,1,9,0,2.75,0.1,0.17543859649122806,53.25935065018636,4,260.8,2,1.0
38,18,5,13,2,6.0,0.35714285714285715,0.4098360655737705,71.78459096079308,7,456.90000000000003,4,0.0
42,8,4,4,2,3.25,0.8,0.5970149253731343,66.51602488840601,5,376.2,2,0.0
36,16,7,9,2,4.0,0.7,0.853658536585366,64.23216038721255,2,347.1,3,0.0
42,16,9,7,4,3.25,1.125,1.3432835820895521,72.49109290599063,7,363.5,6,0.0
44,18,8,10,5,4.0,0.7272727272727273,0.9756097560975611,73.44875130206172,5,776.1,2,0.0
42,17,9,8,6,3.75,1.0,1.1688311688311688,57.79156172506517,6,368.7,0,0.0
28,7,5,2,1,2.0,1.6666666666666667,1.1904761904761905,60.36577079542399,3,194.1,0,0.0
27,34,15,19,9,5.25,0.75,1.4018691588785048,65.26865401805594,6,156.5,1,0.0
28,20,13,7,4,5.5,1.625,1.1607142857142858,69.1498419540211,7,317.1,2,0.0
43,15,9,6,4,4.5,1.2857142857142858,0.9782608695652175,47.4640124878328,4,301.8,3,0.0
37,32,13,19,6,6.75,0.65,0.9489051094890512,90.87258156079398,7,610.9,4,0.0
34,10,7,3,1,3.0,1.75,1.129032258064516,61.169308028159946,2,331.7,1,0.0
17,8,1,7,1,1.75,0.125,0.27027027027027023,30.19027754091368,1,144.4,2,0.0
30,12,10,2,6,2.25,3.3333333333333335,2.127659574468085,53.20285041725405,4,220.4,3,0.0
28,11,7,4,4,2.25,1.4,1.4893617021276595,66.03072566929217,2,201.6,3,0.0
17,16,9,7,7,4.25,1.125,1.0344827586206897,58.8543274315938,7,229.0,1,0.0
19,10,2,8,2,7.5,0.2222222222222222,0.13157894736842105,93.58171326435418,6,204.9,2,0.0
38,16,10,6,5,3.5,1.4285714285714286,1.3888888888888888,61.30539859063641,4,219.3,3,0.0
41,17,11,6,8,4.5,1.5714285714285714,1.1956521739130437,73.76948887736457,5,459.3,1,0.0
40,14,7,7,3,6.0,0.875,0.5737704918032788,69.37895954601521,6,341.9,2,0.0
32,15,5,10,3,6.25,0.45454545454545453,0.3937007874015748,82.1757497541925,4,306.6,1,0.0
26,12,4,8,3,4.0,0.4444444444444444,0.48780487804878053,64.70866228051754,6,549.0,4,0.0
42,24,11,13,7,5.0,0.7857142857142857,1.0784313725490198,70.59474536140043,4,488.6,1,0.0
26,17,9,8,4,4.5,1.0,0.9782608695652175,69.12074423829401,6,540.3,5,0.0
31,12,5,7,0,1.25,0.625,1.8518518518518516,61.00856407968348,2,208.6,2,1.0
27,21,9,12,4,4.25,0.6923076923076923,1.0344827586206897,69.24907256808999,3,487.6,1,0.0
31,16,6,10,5,4.75,0.5454545454545454,0.6185567010309279,71.61806721364024,4,682.8000000000001,3,0.0
20,8,3,5,2,2.25,0.5,0.6382978723404255,55.00523148777748,3,330.40000000000003,3,0.0
17,8,2,6,0,3.75,0.2857142857142857,0.2597402597402597,82.00093064485287,5,160.5,1,1.0
21,13,6,7,2,1.0,0.75,2.727272727272727,66.77097450924386,4,186.3,4,0.0
31,11,5,6,2,6.25,0.7142857142857143,0.3937007874015748,80.98724120472458,7,443.3,4,0.0
38,15,5,10,2,5.75,0.45454545454545453,0.4273504273504274,70.66731032368966,6,339.20000000000005,5,0.0
22,16,7,9,4,2.75,0.7,1.2280701754385965,61.38084043535127,7,377.0,2,0.0
37,12,6,6,4,4.25,0.8571428571428571,0.6896551724137931,64.5215843442138,3,595.4,3,0.0
42,4,1,3,1,1.5,0.25,0.3125,58.212286582927625,2,194.29999999999998,1,0.0
27,14,9,5,4,5.75,1.5,0.7692307692307693,70.86383942799823,7,394.8,7,0.0
16,8,3,5,1,2.75,0.5,0.5263157894736842,49.220504461582124,7,242.1,3,0.0
20,16,10,6,6,4.5,1.4285714285714286,1.0869565217391306,56.98706095995067,6,225.0,5,0.0
26,17,8,9,7,4.25,0.8,0.9195402298850576,71.28251528846232,4,213.6,3,0.0
30,19,12,7,5,4.5,1.5,1.3043478260869565,71.6663907382822,7,532.0,2,0.0
40,4,1,3,1,0.5,0.25,0.8333333333333334,,0,95.5,0,0.0
29,14,6,8,3,5.25,0.6666666666666666,0.5607476635514019,70.69385769266043,4,214.10000000000002,0,0.0
25,7,6,1,2,2.5,3.0,1.1538461538461537,54.16063931660769,1,227.4,0,0.0
25,18,9,9,3,5.5,0.9,0.8035714285714286,71.57479464961803,4,193.1,3,0.0
35,19,10,9,6,5.0,1.0,0.9803921568627452,65.97250751861742,4,431.0,2,0.0
19,8,3,5,0,2.25,0.5,0.6382978723404255,50.360289961413095,3,191.2,0,1.0
37,4,2,2,0,1.75,0.6666666666666666,0.5405405405405405,41.93413525698677,1,96.1,1,1.0
28,6,2,4,0,1.25,0.4,0.7407407407407407,,1,79.9,1,1.0
26,18,10,8,3,4.75,1.1111111111111112,1.0309278350515465,67.7812991264469,5,309.3,3,0.0
17,14,3,11,2,5.0,0.25,0.29411764705882354,68.85336189777867,5,112.0,0,0.0
44,9,6,3,6,4.5,1.5,0.6521739130434783,75.03952929177743,5,279.0,1,0.0
30,3,1,2,0,2.5,0.3333333333333333,0.1923076923076923,50.989860558669506,2,151.7,0,1.0
19,17,8,9,2,4.5,0.8,0.8695652173913044,62.113879321240276,3,241.7,1,0.0
30,20,9,11,6,6.25,0.75,0.7086614173228347,68.31905828760028,8,438.5,3,0.0
40,12,3,9,1,2.5,0.3,0.5769230769230769,41.609612759758214,2,145.5,3,0.0
33,13,6,7,1,4.0,0.75,0.7317073170731708,53.099520115115425,3,184.7,0,0.0
31,17,7,10,5,4.5,0.6363636363636364,0.7608695652173914,52.262951399100615,4,419.6,2,0.0
43,15,11,4,6,5.0,2.2,1.0784313725490198,67.38575299150614,6,610.3,5,0.0
26,16,6,10,3,2.75,0.5454545454545454,1.0526315789473684,58.62296237561866,4,229.7,4,0.0
42,12,4,8,2,1.75,0.4444444444444444,1.081081081081081,72.60667274298518,3,167.5,0,0.0
34,11,7,4,3,4.25,1.4,0.8045977011494253,75.94073038383381,7,621.4,5,0.0
29,11,8,3,4,2.0,2.0,1.9047619047619047,68.35316183230655,2,285.09999999999997,1,0.0
31,16,8,8,5,4.75,0.8888888888888888,0.8247422680412372,58.76493385371892,7,263.3,5,0.0
21,14,6,8,3,4.0,0.6666666666666666,0.7317073170731708,66.6379243674012,3,73.9,3,0.0
43,19,12,7,8,3.5,1.5,1.6666666666666665,72.51607213340645,7,328.2,3,0.0
44,6,1,5,1,2.5,0.16666666666666666,0.1923076923076923,58.64271796690024,1,168.29999999999998,1,0.0
40,13,8,5,2,3.5,1.3333333333333333,1.1111111111111112,49.18526327046316,4,104.5,4,0.0
33,10,5,5,3,2.5,0.8333333333333334,0.9615384615384615,62.52391564249493,3,212.0,5,0.0
40,13,8,5,4,3.0,1.3333333333333333,1.2903225806451613,38.489353255738266,5,208.0,1,0.0
34,14,9,5,5,4.0,1.5,1.0975609756097562,62.09695773221386,4,322.5,1,0.0
19,9,5,4,1,2.25,1.0,1.0638297872340425,69.90824441042754,2,171.5,1,0.0
38,7,4,3,1,2.0,1.0,0.9523809523809523,47.53308108263117,1,163.4,1,0.0
19,14,3,11,1,4.75,0.25,0.30927835051546393,67.29981994033125,3,141.2,3,0.0
30,7,4,3,2,3.25,1.0,0.5970149253731343,52.72283598100144,2,139.1,1,0.0
29,18,13,5,9,5.0,2.1666666666666665,1.2745098039215688,62.1914722540448,1,282.3,2,0.0
39,12,3,9,0,2.75,0.3,0.5263157894736842,80.21783102423825,6,196.70000000000002,2,1.0
26,10,6,4,2,3.75,1.2,0.7792207792207793,70.0836424707786,3,331.6,5,0.0
21,19,8,11,5,3.0,0.6666666666666666,1.2903225806451613,62.741928431033124,5,187.5,0,0.0
33,24,12,12,5,5.25,0.9230769230769231,1.1214953271028039,80.2150657823999,6,716.4,4,0.0
17,17,10,7,8,6.0,1.25,0.819672131147541,82.33387091099614,5,319.1,1,0.0
19,11,5,6,2,2.0,0.7142857142857143,1.1904761904761905,62.6736225263786,4,128.8,1,0.0
26,21,11,10,7,4.0,1.0,1.3414634146341464,85.69218192827503,7,458.8,2,0.0
22,17,6,11,3,3.25,0.5,0.8955223880597015,53.97409781666775,5,342.8,1,0.0
19,27,16,11,7,6.75,1.3333333333333333,1.1678832116788322,70.82361016472417,8,520.2,2,0.0
24,14,9,5,3,2.75,1.5,1.5789473684210527,52.91106454836403,5,311.8,4,0.0
39,7,4,3,2,1.25,1.0,1.4814814814814814,,2,208.8,2,0.0
24,13,8,5,7,3.5,1.3333333333333333,1.1111111111111112,58.328067887223426,6,242.20000000000002,2,0.0
40,15,12,3,4,3.0,3.0,1.9354838709677418,65.59309512272397,4,243.9,0,0.0
35,15,7,8,4,3.0,0.7777777777777778,1.129032258064516,72.6345311266662,3,385.2,1,0.0
37,18,8,10,3,4.75,0.7272727272727273,0.8247422680412372,62.87500379295319,7,454.3,0,0.0
40,16,6,10,4,4.75,0.5454545454545454,0.6185567010309279,65.44199870322397,3,292.40000000000003,2,0.0
16,24,6,18,4,3.25,0.3157894736842105,0.8955223880597015,59.368378308060294,3,435.3,3,0.0
28,8,3,5,1,3.75,0.5,0.38961038961038963,63.755113317638916,5,165.7,0,0.0
43,16,9,7,5,4.0,1.125,1.0975609756097562,61.65361520677095,6,529.8,3,0.0
20,3,2,1,1,1.25,1.0,0.7407407407407407,50.894695112202676,0,138.9,1,0.0
30,11,5,6,3,1.75,0.7142857142857143,1.3513513513513513,63.68717139467485,4,277.1,1,0.0
23,6,4,2,1,2.0,1.3333333333333333,0.9523809523809523,47.45066790574744,2,42.7,2,0.0
20,8,1,7,0,2.5,0.125,0.1923076923076923,47.168133921388154,1,261.7,2,1.0
38,9,5,4,1,2.25,1.0,1.0638297872340425,62.79772871807359,4,339.6,1,0.0
28,15,9,6,5,3.25,1.2857142857142858,1.3432835820895521,69.61940388107827,3,129.8,2,0.0
22,13,8,5,0,5.0,1.3333333333333333,0.7843137254901962,52.25870737740266,3,245.89999999999998,2,1.0
35,7,3,4,0,4.75,0.6,0.30927835051546393,69.81393632480703,2,480.8,3,1.0
42,23,6,17,2,4.25,0.3333333333333333,0.6896551724137931,69.64749972900967,4,307.40000000000003,1,0.0
27,21,5,16,2,7.0,0.29411764705882354,0.35211267605633806,73.52596738349405,6,224.8,5,0.0
39,6,4,2,2,0.75,1.3333333333333333,2.3529411764705883,32.511626985883105,4,124.2,2,0.0
29,7,1,6,0,2.5,0.14285714285714285,0.1923076923076923,52.525845479809114,3,133.4,2,1.0
28,9,5,4,1,3.5,1.0,0.6944444444444444,55.63031506115484,3,316.5,2,0.0
29,16,5,11,3,5.0,0.4166666666666667,0.4901960784313726,78.05231310175924,6,500.59999999999997,1,0.0
28,3,2,1,1,0.75,1.0,1.1764705882352942,35.12273792186705,0,70.9,2,0.0
41,17,11,6,5,8.5,1.5714285714285714,0.6395348837209303,75.99465794389818,4,415.59999999999997,3,0.0
36,9,2,7,0,3.0,0.25,0.3225806451612903,52.38938819635603,2,129.0,4,1.0
16,5,1,4,1,4.0,0.2,0.12195121951219513,68.25314262131215,4,172.1,4,0.0
36,10,5,5,5,2.0,0.8333333333333334,1.1904761904761905,50.834177655151606,1,116.8,1,0.0
21,7,2,5,2,2.75,0.3333333333333333,0.3508771929824561,60.70285090288582,4,205.5,2,0.0
40,14,8,6,4,2.25,1.1428571428571428,1.702127659574468,54.30911429549529,1,156.8,1,0.0
19,12,4,8,3,1.75,0.4444444444444444,1.081081081081081,49.76651657270955,2,149.6,2,0.0
20,17,6,11,2,2.0,0.5,1.4285714285714286,59.899321539037295,3,134.6,3,0.0
18,24,12,12,5,6.0,0.9230769230769231,0.9836065573770493,79.77897765329382,5,251.5,1,0.0
37,13,7,6,4,3.0,1.0,1.129032258064516,43.22724756208672,2,223.4,0,0.0
21,16,6,10,3,5.0,0.5454545454545454,0.5882352941176471,64.36528253395797,2,210.0,1,0.0
24,15,3,12,2,5.5,0.23076923076923078,0.26785714285714285,74.72261749538423,6,316.9,3,0.0
18,21,8,13,3,4.5,0.5714285714285714,0.8695652173913044,73.53527392371731,5,354.1,5,0.0
29,14,8,6,3,3.25,1.1428571428571428,1.1940298507462686,60.762320682024864,5,157.5,3,0.0
36,11,5,6,2,2.0,0.7142857142857143,1.1904761904761905,56.06738944965197,3,208.2,4,0.0
22,21,11,10,5,3.25,1.0,1.6417910447761193,71.71523267645918,6,312.5,4,0.0
38,7,3,4,1,2.5,0.6,0.5769230769230769,57.90595990161486,2,107.9,1,0.0
44,17,5,12,3,4.75,0.38461538461538464,0.5154639175257733,55.13608354937361,5,255.6,0,0.0
20,16,8,8,5,3.25,0.8888888888888888,1.1940298507462686,63.64140107602032,6,265.59999999999997,3,0.0
40,1,1,0,0,0.75,1.0,0.5882352941176471,55.638429899918954,0,93.7,1,1.0
20,21,8,13,2,5.25,0.5714285714285714,0.7476635514018692,85.60929458243297,7,329.5,5,0.0
29,34,16,18,7,7.25,0.8421052631578947,1.08843537414966,78.55434382195732,7,608.0,3,0.0
31,17,9,8,4,4.75,1.0,0.9278350515463918,55.028543987172995,4,431.0,1,0.0
19,7,2,5,2,2.0,0.3333333333333333,0.47619047619047616,43.93529756235802,3,125.10000000000001,0,0.0
19,10,4,6,0,4.5,0.5714285714285714,0.4347826086956522,77.28067764874953,6,277.9,4,1.0
17,16,8,8,3,6.0,0.8888888888888888,0.6557377049180328,68.57690981278036,5,410.3,1,0.0
30,9,5,4,3,1.5,1.0,1.5625,32.576401964881754,2,138.2,3,0.0
43,14,6,8,5,5.5,0.6666666666666666,0.5357142857142857,55.11625058430407,3,451.6,2,0.0
44,13,6,7,4,2.5,0.75,1.1538461538461537,53.223532825656065,4,333.8,4,0.0
43,14,9,5,6,4.5,1.5,0.9782608695652175,59.812450803816105,5,254.9,3,0.0
34,8,4,4,2,2.5,0.8,0.7692307692307692,62.96422817671686,3,146.4,2,0.0
29,18,10,8,5,1.5,1.1111111111111112,3.125,55.310575005706596,7,392.0,1,0.0
42,19,10,9,8,6.5,1.0,0.7575757575757576,80.22955490495038,7,441.8,3,0.0
35,20,10,10,7,4.5,0.9090909090909091,1.0869565217391306,73.21325177444555,5,254.8,5,0.0
21,4,2,2,1,3.5,0.6666666666666666,0.2777777777777778,57.9694895231791,5,144.6,3,0.0
19,19,10,9,4,5.0,1.0,0.9803921568627452,67.60160864774484,3,376.8,4,0.0
33,15,8,7,5,3.75,1.0,1.0389610389610389,59.193889836082676,2,324.5,3,0.0
16,15,5,10,3,3.0,0.45454545454545453,0.8064516129032258,63.78675634262193,3,182.0,3,0.0
34,15,6,9,1,3.25,0.6,0.8955223880597015,69.1982527842865,4,337.2,3,0.0
18,9,3,6,2,1.75,0.42857142857142855,0.8108108108108107,47.80660866764548,3,67.7,1,0.0
33,23,14,9,8,5.75,1.4,1.1965811965811965,71.2524156912611,7,312.3,5,0.0
37,25,12,13,5,5.25,0.8571428571428571,1.1214953271028039,78.4566656977367,6,555.8,3,0.0
37,17,11,6,6,6.0,1.5714285714285714,0.9016393442622951,80.46749838904353,6,645.4,2,0.0
39,25,13,12,9,6.5,1.0,0.9848484848484849,72.25936149560229,6,288.4,1,0.0
24,16,9,7,3,3.25,1.125,1.3432835820895521,71.59025267918189,8,738.6,3,0.0
22,28,14,14,1,5.5,0.9333333333333333,1.25,68.6996168045657,6,217.0,2,0.0
44,5,2,3,1,2.75,0.5,0.3508771929824561,43.302923238744754,1,165.6,0,0.0
21,12,6,6,3,2.5,0.8571428571428571,1.1538461538461537,66.26196260856501,2,285.2,1,0.0
26,10,7,3,5,3.25,1.75,1.044776119402985,62.06370253111044,4,133.5,0,0.0
35,14,7,7,5,2.25,0.875,1.4893617021276595,62.0315057930672,2,180.5,1,0.0
26,8,2,6,0,1.5,0.2857142857142857,0.625,49.46944598079648,1,62.1,2,1.0
39,26,16,10,8,5.5,1.4545454545454546,1.4285714285714286,88.14246054969438,8,368.7,5,0.0
44,17,6,11,4,3.75,0.5,0.7792207792207793,82.16728667737192,8,359.2,1,0.0
29,8,3,5,0,2.25,0.5,0.6382978723404255,55.19682613770708,1,79.4,1,1.0
40,23,7,16,4,7.75,0.4117647058823529,0.445859872611465,75.4023835801317,8,252.20000000000002,2,0.0
16,21,10,11,4,4.5,0.8333333333333334,1.0869565217391306,71.93242531778895,3,301.0,2,0.0
24,5,1,4,0,3.75,0.2,0.12987012987012986,59.38039912253306,0,144.2,1,1.0
44,6,4,2,2,2.5,1.3333333333333333,0.7692307692307692,57.557820886840666,3,122.80000000000001,3,0.0
40,8,5,3,3,1.75,1.25,1.3513513513513513,45.63563281764041,2,208.3,2,0.0
20,16,7,9,5,4.25,0.7,0.8045977011494253,61.672069134608414,4,181.9,2,0.0
31,15,9,6,3,5.0,1.2857142857142858,0.8823529411764707,70.52693321186653,5,356.7,1,0.0
31,22,11,11,6,3.25,0.9166666666666666,1.6417910447761193,75.18733573543844,5,379.1,1,0.0
37,21,10,11,7,5.25,0.8333333333333334,0.9345794392523366,80.66907405175408,6,461.4,6,0.0
23,10,4,6,2,3.25,0.5714285714285714,0.5970149253731343,61.953771436189825,1,165.70000000000002,3,0.0
27,24,12,12,5,4.0,0.9230769230769231,1.4634146341463417,78.93821248695356,7,480.2,5,0.0
28,16,9,7,1,4.75,1.125,0.9278350515463918,54.80607922330668,5,204.0,4,0.0
43,11,4,7,1,3.25,0.5,0.5970149253731343,55.063977598773214,2,218.7,0,0.0
27,15,9,6,5,7.0,1.2857142857142858,0.6338028169014085,69.63747330871118,5,250.3,1,0.0
41,9,1,8,0,3.75,0.1111111111111111,0.12987012987012986,,2,98.89999999999999,2,1.0
16,4,1,3,0,1.25,0.25,0.37037037037037035,49.030567359297734,2,205.8,1,1.0
31,13,5,8,2,2.75,0.5555555555555556,0.8771929824561403,62.054731544067586,5,240.2,4,0.0
17,16,7,9,5,4.0,0.7,0.853658536585366,75.3407666602076,4,690.5,1,0.0
37,12,5,7,3,2.5,0.625,0.9615384615384615,47.81197069079693,2,173.4,2,0.0
39,16,8,8,5,5.5,0.8888888888888888,0.7142857142857143,63.027399141603055,5,332.90000000000003,2,0.0
37,19,10,9,4,6.25,1.0,0.7874015748031497,62.47113800535286,6,438.0,2,0.0
30,19,9,10,7,4.5,0.8181818181818182,0.9782608695652175,75.01643115406716,5,307.4,1,0.0
35,17,6,11,5,6.0,0.5,0.49180327868852464,73.80038604016838,7,476.29999999999995,2,0.0
27,16,5,11,3,6.75,0.4166666666666667,0.36496350364963503,77.42416806461657,6,203.7,3,0.0
22,14,9,5,5,5.0,1.5,0.8823529411764707,61.703882431058986,4,361.1,2,0.0
43,12,5,7,1,1.0,0.625,2.2727272727272725,54.296626237233426,1,125.3,2,0.0
32,18,9,9,3,3.75,0.9,1.1688311688311688,67.4651324010979,2,206.7,2,0.0
26,14,7,7,4,3.75,0.875,0.9090909090909091,62.05660161531072,1,513.9,4,0.0
30,11,5,6,1,3.0,0.7142857142857143,0.8064516129032258,60.08045212904416,5,176.5,2,0.0
34,17,9,8,5,4.75,1.0,0.9278350515463918,76.88960623297166,6,189.1,2,0.0
32,20,9,11,4,2.75,0.75,1.5789473684210527,65.54268233011534,3,522.5,1,0.0
27,17,13,4,7,6.5,2.6,0.9848484848484849,71.20938247286931,6,337.4,1,0.0
22,7,2,5,1,1.25,0.3333333333333333,0.7407407407407407,49.88945983536921,5,311.5,2,0.0
39,19,11,8,7,4.75,1.2222222222222223,1.1340206185567012,78.6051603175901,6,350.9,1,0.0
32,29,16,13,5,6.0,1.1428571428571428,1.3114754098360657,78.73961021986094,5,350.0,4,0.0
17,30,16,14,11,5.0,1.0666666666666667,1.5686274509803924,70.07643856702735,8,727.0,1,0.0
26,20,8,12,3,4.0,0.6153846153846154,0.9756097560975611,62.87870041210511,5,229.9,2,0.0
44,23,14,9,7,6.75,1.4,1.0218978102189782,74.81420835264186,7,394.1,4,0.0
34,16,9,7,5,4.25,1.125,1.0344827586206897,76.1422128329812,8,364.6,4,0.0
41,19,9,10,5,3.25,0.8181818181818182,1.3432835820895521,59.63168275757684,7,317.3,3,0.0
17,17,8,9,5,2.0,0.8,1.9047619047619047,62.41125197388463,5,103.4,2,0.0
21,3,1,2,0,1.25,0.3333333333333333,0.37037037037037035,53.19827435700981,1,63.4,0,1.0
18,17,8,9,3,7.0,0.8,0.5633802816901409,70.3880525239667,5,748.7,3,0.0
37,13,8,5,3,2.75,1.3333333333333333,1.4035087719298245,55.575293848608425,5,272.6,4,0.0
37,7,3,4,0,3.25,0.6,0.44776119402985076,55.85469983711574,4,219.5,1,1.0
31,18,14,4,5,3.5,2.8,1.9444444444444444,51.4433298097363,5,245.8,2,0.0
29,19,7,12,2,7.5,0.5384615384615384,0.46052631578947373,82.21733414908527,6,637.0,4,0.0
34,14,5,9,4,6.0,0.5,0.4098360655737705,84.4628502067039,7,269.6,2,0.0
25,27,18,9,8,4.5,1.8,1.956521739130435,75.47541279584702,8,248.3,5,0.0
42,12,7,5,2,2.25,1.1666666666666667,1.4893617021276595,74.12603236786885,4,292.0,2,0.0
21,18,11,7,6,5.75,1.375,0.9401709401709403,74.88836081027917,5,263.3,4,0.0
35,18,8,10,5,4.5,0.7272727272727273,0.8695652173913044,69.76382347938379,1,425.4,3,0.0
19,12,7,5,3,1.0,1.1666666666666667,3.1818181818181817,62.05911079753403,4,396.9,2,0.0
26,16,7,9,0,4.5,0.7,0.7608695652173914,51.33479222859044,5,151.7,3,1.0
35,8,1,7,1,3.75,0.125,0.12987012987012986,61.29394513634575,6,161.5,1,0.0
24,20,7,13,2,4.5,0.5,0.7608695652173914,68.48310655761846,5,170.8,2,0.0
22,18,14,4,7,5.5,2.8,1.25,70.30407653694245,5,221.2,1,0.0
27,8,5,3,2,2.75,1.25,0.8771929824561403,47.325271990473894,2,178.7,4,0.0
19,11,4,7,1,1.5,0.5,1.25,60.666716879585564,4,292.59999999999997,0,0.0
19,5,1,4,1,0.75,0.2,0.5882352941176471,41.42954617676853,0,43.0,1,0.0
25,14,4,10,0,5.0,0.36363636363636365,0.3921568627450981,72.53833009334812,5,322.0,4,1.0
44,16,9,7,6,7.25,1.125,0.6122448979591837,68.33984954551612,4,476.3,4,0.0
18,18,11,7,5,2.5,1.375,2.1153846153846154,62.97873705149037,4,154.4,1,0.0
24,7,6,1,3,4.0,3.0,0.7317073170731708,54.720183949226325,2,207.3,2,0.0
42,21,12,9,5,4.25,1.2,1.3793103448275863,78.9609211952606,4,231.0,4,0.0
20,17,10,7,6,3.75,1.25,1.2987012987012987,73.49772318198606,4,516.0,1,0.0
43,7,3,4,2,2.25,0.6,0.6382978723404255,57.40608023202353,3,213.1,2,0.0
17,13,7,6,2,3.25,1.0,1.044776119402985,51.47057926304357,3,258.7,1,0.0
22,25,11,14,4,5.5,0.7333333333333333,0.9821428571428572,80.6312772778135,7,637.7,2,0.0
30,9,6,3,1,4.25,1.5,0.6896551724137931,63.13554819593367,6,272.1,2,0.0
41,1,1,0,0,0.25,1.0,1.4285714285714286,42.37024051894656,1,106.9,1,1.0
38,15,7,8,3,3.0,0.7777777777777778,1.129032258064516,63.7332048175032,3,219.9,1,0.0
32,12,4,8,2,2.25,0.4444444444444444,0.851063829787234,76.30107327076307,3,266.7,2,0.0
16,22,10,12,4,3.25,0.7692307692307693,1.4925373134328357,63.1863957884644,5,176.6,2,0.0
27,9,5,4,3,3.5,1.0,0.6944444444444444,68.57520078110602,6,330.5,2,0.0
16,14,6,8,0,5.75,0.6666666666666666,0.5128205128205129,72.12254703505597,5,630.7,2,1.0
23,12,3,9,0,3.5,0.3,0.41666666666666663,64.70022623593721,5,440.0,1,1.0
43,14,10,4,5,2.75,2.0,1.7543859649122806,61.54166312273511,4,288.4,1,0.0
18,14,6,8,2,3.75,0.6666666666666666,0.7792207792207793,59.10696543846989,4,206.6,2,0.0
16,9,7,2,2,2.0,2.3333333333333335,1.6666666666666665,61.293682241535805,3,144.0,3,0.0
29,16,7,9,6,3.75,0.7,0.9090909090909091,59.81939155643339,3,192.3,0,0.0
29,9,1,8,1,3.5,0.1111111111111111,0.1388888888888889,49.02801489357844,3,176.0,0,0.0
36,13,6,7,5,7.25,0.75,0.40816326530612246,75.18763720573553,5,401.0,1,0.0
35,19,8,11,6,4.5,0.6666666666666666,0.8695652173913044,70.35424600625757,7,586.0,2,0.0
20,12,9,3,8,4.75,2.25,0.9278350515463918,64.76424732264198,2,473.0,4,0.0
26,15,5,10,4,3.75,0.45454545454545453,0.6493506493506493,77.45817389907805,7,406.9,1,0.0
34,4,4,0,1,2.0,4.0,0.9523809523809523,37.360644167929024,3,348.3,3,0.0
40,23,12,11,3,5.0,1.0,1.1764705882352942,73.79627872705231,5,314.6,3,0.0
22,8,2,6,1,1.25,0.2857142857142857,0.7407407407407407,67.0249174662231,5,184.29999999999998,3,0.0
31,11,4,7,2,2.25,0.5,0.851063829787234,53.263600946534794,3,227.7,1,0.0
25,20,10,10,4,4.75,0.9090909090909091,1.0309278350515465,56.782900664466,6,164.1,2,0.0
35,21,8,13,3,5.75,0.5714285714285714,0.6837606837606838,77.65361227054635,6,567.1,1,0.0
21,13,4,9,4,4.0,0.4,0.48780487804878053,70.75263559828416,5,371.6,1,0.0
30,11,5,6,2,2.5,0.7142857142857143,0.9615384615384615,48.97373573993509,1,215.4,1,0.0
41,26,20,6,10,5.25,2.857142857142857,1.869158878504673,75.3610631862825,6,277.6,0,0.0
34,20,9,11,5,4.5,0.75,0.9782608695652175,69.4056817605392,6,307.9,2,0.0
37,25,12,13,7,7.25,0.8571428571428571,0.8163265306122449,76.36313603810126,8,414.7,4,0.0
28,22,11,11,4,5.5,0.9166666666666666,0.9821428571428572,62.47038272143839,4,632.5,3,0.0
20,14,11,3,3,3.75,2.75,1.4285714285714286,67.58284705918493,8,151.0,2,0.0
28,12,7,5,2,1.75,1.1666666666666667,1.8918918918918919,49.175519994400666,2,182.20000000000002,4,0.0
38,10,3,7,1,3.25,0.375,0.44776119402985076,51.56602541130161,3,136.3,1,0.0
36,23,13,10,6,6.25,1.1818181818181819,1.0236220472440944,75.512226557519,8,298.8,3,0.0
24,9,3,6,3,1.25,0.42857142857142855,1.111111111111111,60.36881678966294,2,108.1,1,0.0
33,14,8,6,1,4.0,1.1428571428571428,0.9756097560975611,63.38514759923177,5,361.1,1,0.0
34,25,14,11,8,3.25,1.1666666666666667,2.08955223880597,77.97161387536634,6,263.6,4,0.0
35,28,15,13,6,3.5,1.0714285714285714,2.0833333333333335,76.97682531895036,5,374.6,2,0.0
22,20,12,8,3,4.75,1.3333333333333333,1.2371134020618557,60.296107725678475,4,545.1,1,0.0
22,8,3,5,1,1.75,0.5,0.8108108108108107,53.15975634950819,1,177.5,0,0.0
33,15,8,7,0,1.0,1.0,3.6363636363636362,53.32356030328842,2,140.6,0,1.0
41,13,3,10,0,3.75,0.2727272727272727,0.38961038961038963,60.740425162556484,4,173.4,1,1.0
43,16,10,6,5,4.5,1.4285714285714286,1.0869565217391306,73.38664285509336,7,440.9,1,0.0
31,25,15,10,9,3.75,1.3636363636363635,1.948051948051948,83.35031599679662,7,587.5,5,0.0
39,8,5,3,3,2.75,1.25,0.8771929824561403,56.492046003046035,5,482.7,1,0.0
44,17,10,7,7,2.25,1.25,2.127659574468085,47.757085596870645,2,241.6,3,0.0
16,15,9,6,3,7.75,1.2857142857142858,0.5732484076433121,62.59819068965863,8,427.5,5,0.0
24,10,4,6,2,3.0,0.5714285714285714,0.6451612903225806,52.18611357251267,6,330.9,1,0.0
25,26,12,14,5,5.0,0.8,1.1764705882352942,76.48219468748772,5,305.4,4,0.0
32,21,11,10,3,5.5,1.0,0.9821428571428572,72.10974744194058,8,271.6,2,0.0
24,21,8,13,5,4.5,0.5714285714285714,0.8695652173913044,73.67540923223362,7,329.70000000000005,2,0.0
25,22,12,10,8,3.0,1.0909090909090908,1.9354838709677418,73.11081917891734,7,297.0,2,0.0
16,11,5,6,2,1.75,0.7142857142857143,1.3513513513513513,46.44906324446834,2,186.6,0,0.0
16,9,6,3,4,1.75,1.5,1.6216216216216215,61.06929586140083,2,208.4,2,0.0
23,17,8,9,5,5.25,0.8,0.7476635514018692,68.64723755706376,3,143.1,3,0.0
44,24,11,13,8,6.0,0.7857142857142857,0.9016393442622951,83.41760318386856,8,528.0,2,0.0
34,5,4,1,3,3.5,2.0,0.5555555555555556,63.119669183130526,5,247.3,2,0.0
42,6,2,4,0,1.75,0.4,0.5405405405405405,37.60003467009845,1,95.5,1,1.0
21,16,8,8,4,4.25,0.8888888888888888,0.9195402298850576,72.04098836120902,2,420.09999999999997,2,0.0
44,19,12,7,6,5.75,1.5,1.0256410256410258,76.02563874965048,7,541.3,7,0.0
43,11,5,6,3,3.5,0.7142857142857143,0.6944444444444444,67.26032329058947,6,270.1,0,0.0
32,13,7,6,3,3.5,1.0,0.9722222222222222,56.14917044959758,7,261.6,2,0.0
41,7,4,3,1,4.0,1.0,0.48780487804878053,58.39498709171974,3,234.0,2,0.0
44,19,13,6,2,5.25,1.8571428571428572,1.2149532710280375,63.16721683938342,5,299.7,1,0.0
32,10,4,6,3,2.0,0.5714285714285714,0.9523809523809523,60.06429025371902,3,206.2,2,0.0
25,17,6,11,2,4.25,0.5,0.6896551724137931,64.1394584833189,3,253.20000000000002,0,0.0
21,5,3,2,2,1.75,1.0,0.8108108108108107,49.0177957558816,2,133.5,1,0.0
16,22,5,17,2,3.5,0.2777777777777778,0.6944444444444444,68.20995012248855,5,210.6,4,0.0
43,4,1,3,0,2.25,0.25,0.2127659574468085,,1,39.8,0,1.0
23,12,5,7,4,2.75,0.625,0.8771929824561403,65.64404297847139,6,259.9,2,0.0
28,13,7,6,5,2.5,1.0,1.346153846153846,56.21734514216305,5,251.8,0,0.0
22,17,7,10,6,5.25,0.6363636363636364,0.6542056074766356,63.59874291352668,5,308.8,3,0.0
39,13,8,5,5,2.5,1.3333333333333333,1.5384615384615383,64.12070947517496,3,278.8,0,0.0
30,15,7,8,4,4.5,0.7777777777777778,0.7608695652173914,73.38459646276768,6,516.9,3,0.0
29,14,11,3,2,2.25,2.75,2.3404255319148937,60.66984784361827,3,343.09999999999997,1,0.0
35,25,13,12,5,4.25,1.0,1.4942528735632186,70.92784475307225,7,500.0,3,0.0
39,7,4,3,2,1.0,1.0,1.8181818181818181,46.32584280899478,1,154.8,1,0.0
35,13,5,8,2,2.0,0.5555555555555556,1.1904761904761905,60.71726194097312,5,217.8,3,0.0
41,10,1,9,0,3.5,0.1,0.1388888888888889,65.4232692938263,0,130.7,1,1.0
41,15,4,11,0,6.5,0.3333333333333333,0.30303030303030304,68.63833737667318,2,243.0,0,1.0
18,11,7,4,2,4.25,1.4,0.8045977011494253,59.3866115989239,5,358.3,1,0.0
41,2,2,0,1,0.25,2.0,2.857142857142857,26.638364050729983,0,55.0,0,0.0
21,14,7,7,4,5.0,0.875,0.6862745098039216,74.57683735431003,6,439.5,2,0.0
33,4,2,2,0,1.25,0.6666666666666666,0.7407407407407407,43.316045309112,2,96.7,0,1.0
35,33,17,16,10,8.25,1.0,1.0179640718562875,69.94349011089055,7,895.2,1,0.0
21,17,12,5,6,1.75,2.0,3.243243243243243,60.43764845447157,1,304.3,1,0.0
16,14,8,6,3,4.25,1.1428571428571428,0.9195402298850576,61.149686741145985,3,339.1,2,0.0
43,24,13,11,6,3.0,1.0833333333333333,2.096774193548387,67.73628931766503,5,253.8,1,0.0
41,18,10,8,6,5.0,1.1111111111111112,0.9803921568627452,62.75450341684658,7,379.9,2,0.0
21,16,7,9,2,3.75,0.7,0.9090909090909091,76.51579862361082,4,232.60000000000002,2,0.0
20,17,13,4,6,3.75,2.6,1.6883116883116882,74.60683999551372,2,273.7,2,0.0
32,14,8,6,5,3.25,1.1428571428571428,1.1940298507462686,66.31204369237543,4,443.7,1,0.0
37,21,9,12,4,5.5,0.6923076923076923,0.8035714285714286,73.8334576319906,8,298.1,3,0.0
32,24,11,13,7,6.0,0.7857142857142857,0.9016393442622951,84.54170651560126,8,465.4,4,0.0
30,21,14,7,6,5.25,1.75,1.3084112149532712,61.159482287198415,4,270.5,3,0.0
16,4,2,2,1,1.75,0.6666666666666666,0.5405405405405405,39.79752586069367,1,133.4,2,0.0
33,10,6,4,3,3.25,1.2,0.8955223880597015,65.50191015752567,6,251.6,1,0.0
30,10,6,4,4,2.5,1.2,1.1538461538461537,36.14757731092347,2,124.2,2,0.0
24,6,3,3,1,4.25,0.75,0.3448275862068966,57.896814003607766,1,196.7,1,0.0
38,16,10,6,4,4.5,1.4285714285714286,1.0869565217391306,76.77169502544035,4,561.2,3,0.0
43,2,1,1,0,1.25,0.5,0.37037037037037035,46.22123037366126,1,109.1,1,1.0
25,31,19,12,9,3.0,1.4615384615384615,3.064516129032258,66.81053222332551,6,334.9,1,0.0
38,23,15,8,6,4.5,1.6666666666666667,1.6304347826086958,70.69001899397014,3,302.3,1,0.0
17,12,10,2,5,5.0,3.3333333333333335,0.9803921568627452,63.36404546110706,5,263.4,5,0.0
18,26,14,12,4,5.75,1.0769230769230769,1.1965811965811965,77.53638426712365,7,206.7,4,0.0
21,9,3,6,0,4.75,0.42857142857142855,0.30927835051546393,68.39971535208176,1,69.4,1,1.0
41,17,4,13,2,3.5,0.2857142857142857,0.5555555555555556,83.70166761699211,5,368.2,2,0.0
16,9,4,5,2,3.75,0.6666666666666666,0.5194805194805194,55.151845998654046,1,167.5,2,0.0
38,19,13,6,7,7.75,1.8571428571428572,0.8280254777070064,77.55116571798713,6,546.8000000000001,4,0.0
44,13,10,3,5,4.25,2.5,1.149425287356322,69.57414777811343,6,239.2,4,0.0
35,7,3,4,0,3.0,0.6,0.48387096774193544,60.3087222078249,1,76.1,1,1.0
19,17,11,6,5,5.25,1.5714285714285714,1.0280373831775702,74.57052269355484,7,481.8,3,0.0
33,19,10,9,7,5.0,1.0,0.9803921568627452,74.08730557320482,7,242.6,2,0.0
19,5,2,3,2,3.0,0.5,0.3225806451612903,55.674639024369505,0,183.2,1,0.0
42,13,5,8,4,3.25,0.5555555555555556,0.7462686567164178,67.45822997529065,5,616.9,2,0.0
28,3,1,2,1,2.25,0.3333333333333333,0.2127659574468085,52.68371158900013,1,124.1,1,0.0
23,24,13,11,4,5.75,1.0833333333333333,1.1111111111111112,73.74708876915724,6,201.9,4,0.0
44,13,7,6,1,3.5,1.0,0.9722222222222222,58.77549080823109,3,234.29999999999998,1,0.0
17,25,8,17,5,3.75,0.4444444444444444,1.0389610389610389,72.70126971720391,7,340.5,6,0.0
39,8,3,5,0,2.0,0.5,0.7142857142857143,56.863737412753906,1,64.0,2,1.0
30,3,1,2,1,0.75,0.3333333333333333,0.5882352941176471,52.02359139662468,2,89.69999999999999,0,0.0
23,23,10,13,4,4.0,0.7142857142857143,1.2195121951219514,76.53660363378059,8,304.09999999999997,8,0.0
41,18,10,8,3,2.5,1.1111111111111112,1.923076923076923,46.69967215734738,5,180.7,3,0.0
28,7,4,3,1,2.5,1.0,0.7692307692307692,54.57414803508765,1,200.1,0,0.0
29,12,6,6,0,3.25,0.8571428571428571,0.8955223880597015,77.18977118652218,6,220.0,4,1.0
24,9,5,4,2,1.75,1.0,1.3513513513513513,60.18190129039241,2,153.9,1,0.0
20,29,17,12,11,4.5,1.3076923076923077,1.847826086956522,73.51847194317752,4,279.5,2,0.0
30,16,6,10,4,3.75,0.5454545454545454,0.7792207792207793,69.94465422503626,5,273.8,6,0.0
29,11,6,5,2,3.25,1.0,0.8955223880597015,66.98370523453043,3,399.1,2,0.0
27,18,7,11,4,3.5,0.5833333333333334,0.9722222222222222,74.7347760582873,4,492.1,5,0.0
19,9,8,1,7,1.0,4.0,3.6363636363636362,38.64162762881321,3,212.4,1,0.0
42,20,7,13,3,5.75,0.5,0.5982905982905983,68.3544698984823,6,478.2,1,0.0
41,12,2,10,1,5.0,0.18181818181818182,0.19607843137254904,78.30165604515538,3,242.7,2,0.0
16,17,7,10,3,5.5,0.6363636363636364,0.625,77.22795603198183,6,196.2,4,0.0
22,24,13,11,5,3.5,1.0833333333333333,1.8055555555555556,62.11776572805431,4,384.09999999999997,2,0.0
40,25,14,11,9,7.75,1.1666666666666667,0.89171974522293,79.05027787683235,5,283.1,1,0.0
19,18,8,10,4,3.25,0.7272727272727273,1.1940298507462686,65.63950647994066,4,500.9,5,0.0
24,6,3,3,1,0.25,0.75,4.285714285714286,47.87737484036338,1,100.60000000000001,0,0.0
18,5,3,2,0,4.25,1.0,0.3448275862068966,57.8447324980558,1,107.4,1,1.0
17,14,6,8,4,5.5,0.6666666666666666,0.5357142857142857,80.4264066100144,6,615.0,2,0.0
38,9,2,7,1,4.5,0.25,0.2173913043478261,79.78313983451085,4,121.3,2,0.0
20,19,11,8,7,5.5,1.2222222222222223,0.9821428571428572,67.56479736128023,6,471.5,5,0.0
42,13,7,6,2,2.75,1.0,1.2280701754385965,62.2897062161251,5,477.6,2,0.0
40,6,5,1,3,3.25,2.5,0.7462686567164178,44.015355712669525,2,220.5,0,0.0
34,20,6,14,4,5.75,0.4,0.5128205128205129,75.26513415758316,5,347.6,7,0.0
40,10,4,6,0,4.75,0.5714285714285714,0.4123711340206186,74.21885900878804,3,258.7,3,1.0
24,16,6,10,2,3.0,0.5454545454545454,0.9677419354838709,61.92301807467151,4,233.4,3,0.0
38,13,8,5,7,2.75,1.3333333333333333,1.4035087719298245,63.60946035964049,2,222.7,3,0.0
22,16,7,9,3,5.5,0.7,0.625,79.79924750851734,6,277.0,8,0.0
33,2,1,1,1,0.25,0.5,1.4285714285714286,54.10759412701812,0,54.8,0,0.0
36,18,7,11,5,3.5,0.5833333333333334,0.9722222222222222,68.80179453618882,1,346.4,1,0.0
41,28,14,14,5,4.5,0.9333333333333333,1.5217391304347827,84.78818787107099,7,533.6,3,0.0
37,5,3,2,2,0.0,1.0,15.0,41.398022634175135,2,140.0,0,0.0
37,17,11,6,3,4.75,1.5714285714285714,1.1340206185567012,61.25397611322374,2,619.8,2,0.0
39,25,15,10,10,4.25,1.3636363636363635,1.7241379310344829,56.26063388759967,5,497.2,4,0.0
25,22,13,9,5,4.5,1.3,1.4130434782608696,61.138401373608446,3,272.0,4,0.0
22,25,14,11,7,5.0,1.1666666666666667,1.3725490196078431,76.22273937616372,7,493.9,2,0.0
24,19,9,10,5,5.0,0.8181818181818182,0.8823529411764707,77.90686671087263,8,474.7,4,0.0
28,17,10,7,7,3.5,1.25,1.3888888888888888,56.2810010777249,4,403.1,3,0.0
27,14,5,9,2,4.25,0.5,0.574712643678161,76.131678260227,4,401.8,6,0.0
18,18,6,12,6,4.5,0.46153846153846156,0.6521739130434783,56.228203351647096,6,614.7,3,0.0
20,6,2,4,2,1.75,0.4,0.5405405405405405,,2,130.1,0,0.0
17,7,6,1,3,1.25,3.0,2.222222222222222,59.596251405064606,1,215.0,1,0.0
24,22,15,7,8,6.0,1.875,1.2295081967213115,62.1823683324571,2,274.5,2,0.0
26,15,7,8,3,3.75,0.7777777777777778,0.9090909090909091,62.61965987241489,3,208.3,2,0.0
40,13,7,6,6,6.0,1.0,0.5737704918032788,72.59773900160378,5,292.9,2,0.0
42,18,11,7,5,4.75,1.375,1.1340206185567012,62.68217930590754,5,335.2,2,0.0
27,3,2,1,1,0.75,1.0,1.1764705882352942,43.352927285993744,0,87.7,0,0.0
24,5,3,2,1,4.75,1.0,0.30927835051546393,55.48076555435185,2,237.89999999999998,1,0.0
16,17,14,3,8,3.5,3.5,1.9444444444444444,79.5263477368083,5,145.70000000000002,1,0.0
35,13,4,9,2,3.25,0.4,0.5970149253731343,67.49144263710103,4,410.0,2,0.0
32,14,4,10,2,4.75,0.36363636363636365,0.4123711340206186,60.03697099181388,5,173.8,4,0.0
34,4,1,3,0,1.75,0.25,0.27027027027027023,54.90367149317482,2,74.6,1,1.0
16,23,10,13,5,4.5,0.7142857142857143,1.0869565217391306,65.78480061617641,5,197.4,4,0.0
30,18,13,5,5,5.25,2.1666666666666665,1.2149532710280375,69.36945493225052,4,149.6,4,0.0
26,5,3,2,0,2.75,1.0,0.5263157894736842,77.8440314822091,2,148.9,0,1.0
43,23,16,7,9,5.25,2.0,1.4953271028037385,56.259765364595594,6,354.9,3,0.0
34,6,1,5,0,4.0,0.16666666666666666,0.12195121951219513,84.3774169438667,4,221.9,3,1.0
21,18,11,7,5,5.0,1.375,1.0784313725490198,64.59123235143711,5,228.9,3,0.0
44,17,9,8,5,3.0,1.0,1.4516129032258065,57.31340105947755,4,220.2,3,0.0
37,15,8,7,5,5.25,1.0,0.7476635514018692,63.84982511785263,4,342.90000000000003,3,0.0
28,23,8,15,5,7.25,0.5,0.54421768707483,85.1937520074891,7,623.1,3,0.0
41,13,7,6,2,3.0,1.0,1.129032258064516,74.47866402113404,6,373.4,0,0.0
23,39,18,21,7,7.0,0.8181818181818182,1.267605633802817,76.71774388026276,8,541.0,4,0.0
26,16,8,8,5,5.0,0.8888888888888888,0.7843137254901962,60.70405573376651,6,377.70000000000005,3,0.0
29,6,2,4,0,4.5,0.4,0.2173913043478261,55.44218466998353,1,179.3,1,1.0
34,13,6,7,2,4.25,0.75,0.6896551724137931,61.888198936636684,2,289.5,0,0.0
22,13,3,10,0,3.75,0.2727272727272727,0.38961038961038963,52.44403093067575,4,167.0,1,1.0
36,10,3,7,2,3.75,0.375,0.38961038961038963,69.7251774849972,5,284.59999999999997,1,0.0
35,12,5,7,1,2.25,0.625,1.0638297872340425,65.75892380059717,7,484.70000000000005,1,0.0
23,12,5,7,2,2.0,0.625,1.1904761904761905,60.06448163894888,4,306.09999999999997,2,0.0
28,10,7,3,2,4.0,1.75,0.853658536585366,74.66899246141318,4,244.39999999999998,4,0.0
33,5,1,4,1,1.0,0.2,0.45454545454545453,58.70547010688085,2,94.3,1,0.0
23,19,11,8,5,4.0,1.2222222222222223,1.3414634146341464,64.24150004697289,7,236.6,5,0.0
40,17,6,11,3,3.75,0.5,0.7792207792207793,63.58693860016552,3,260.9,2,0.0
44,16,6,10,4,4.5,0.5454545454545454,0.6521739130434783,66.69793052487196,5,267.3,3,0.0
30,9,6,3,2,2.5,1.5,1.1538461538461537,58.59982206113801,5,159.6,0,0.0
44,10,7,3,3,3.5,1.75,0.9722222222222222,63.308056565390935,6,217.9,3,0.0
37,13,9,4,5,4.75,1.8,0.9278350515463918,54.8965724366023,5,233.60000000000002,1,0.0
39,8,3,5,2,1.0,0.5,1.3636363636363635,46.0833921831844,4,140.9,0,0.0
21,4,2,2,1,1.0,0.6666666666666666,0.9090909090909091,,0,49.0,0,0.0
41,8,3,5,1,3.25,0.5,0.44776119402985076,63.52215007891205,6,193.1,3,0.0
38,9,2,7,2,2.75,0.25,0.3508771929824561,47.282973316235974,1,96.4,0,0.0
39,6,4,2,1,2.25,1.3333333333333333,0.851063829787234,57.84825558507847,3,126.39999999999999,4,0.0
19,3,1,2,0,3.5,0.3333333333333333,0.1388888888888889,43.599573557360124,3,99.8,1,1.0
17,7,3,4,2,4.5,0.6,0.32608695652173914,65.75226163741056,4,335.2,3,0.0
34,18,9,9,3,2.5,0.9,1.7307692307692306,59.173465982576225,3,217.2,1,0.0
20,17,9,8,4,5.5,1.0,0.8035714285714286,76.03335619702278,6,590.0,2,0.0
30,3,2,1,2,0.0,1.0,10.0,39.47877366842295,3,104.3,1,0.0
18,15,6,9,2,2.5,0.6,1.1538461538461537,77.98867399639782,5,459.9,1,0.0
33,7,5,2,0,4.0,1.6666666666666667,0.6097560975609757,68.75310592894388,2,316.7,3,1.0
42,10,3,7,2,2.5,0.375,0.5769230769230769,52.4990995217966,2,216.4,2,0.0
22,17,12,5,6,4.75,2.0,1.2371134020618557,57.83953589190645,5,132.20000000000002,1,0.0
16,13,6,7,2,2.25,0.75,1.276595744680851,60.49416286914056,5,247.1,1,0.0
22,7,1,6,1,3.0,0.14285714285714285,0.16129032258064516,63.1845624497578,3,176.20000000000002,2,0.0
21,9,4,5,2,3.25,0.6666666666666666,0.5970149253731343,65.83605831370723,6,341.8,0,0.0
29,7,3,4,1,3.0,0.6,0.48387096774193544,80.02893091376454,3,316.6,1,0.0
19,16,8,8,3,3.75,0.8888888888888888,1.0389610389610389,74.0338639792307,2,336.8,3,0.0
26,4,3,1,1,0.5,1.5,2.5,44.679884290428134,0,60.5,0,0.0
19,11,7,4,2,2.0,1.4,1.6666666666666665,47.43571317032864,5,183.6,0,0.0
35,9,3,6,1,3.25,0.42857142857142855,0.44776119402985076,75.28922027779912,4,293.7,4,0.0
29,17,11,6,4,3.0,1.5714285714285714,1.7741935483870968,72.60194382986874,4,494.5,1,0.0
18,20,8,12,4,3.0,0.6153846153846154,1.2903225806451613,62.94611900455403,4,315.59999999999997,2,0.0
33,22,11,11,6,3.75,0.9166666666666666,1.4285714285714286,83.58806719332041,6,402.7,2,0.0
25,15,6,9,4,3.75,0.6,0.7792207792207793,55.012043796488726,7,263.3,1,0.0
19,19,8,11,4,4.25,0.6666666666666666,0.9195402298850576,66.98081313819544,3,297.2,4,0.0
27,8,6,2,3,2.75,2.0,1.0526315789473684,56.21570087366526,2,222.60000000000002,0,0.0
21,16,6,10,2,5.0,0.5454545454545454,0.5882352941176471,74.89278949076552,6,339.3,1,0.0
42,22,9,13,4,3.75,0.6428571428571429,1.1688311688311688,60.073842253222324,4,473.7,3,0.0
39,23,14,9,6,5.0,1.4,1.3725490196078431,72.47076117315123,5,417.2,5,0.0
22,23,7,16,2,4.25,0.4117647058823529,0.8045977011494253,67.92333621426788,5,189.4,3,0.0
37,17,3,14,2,3.0,0.2,0.48387096774193544,69.41849048880702,6,276.9,4,0.0
42,4,2,2,0,0.5,0.6666666666666666,1.6666666666666667,37.78856285209239,1,47.1,0,1.0
23,3,1,2,0,2.5,0.3333333333333333,0.1923076923076923,48.43775143567499,4,76.5,1,1.0
34,12,4,8,0,3.5,0.4444444444444444,0.5555555555555556,71.26182434204186,5,324.7,1,1.0
22,19,8,11,5,3.75,0.6666666666666666,1.0389610389610389,63.10870018296382,5,143.3,2,0.0
42,13,7,6,4,6.0,1.0,0.5737704918032788,64.11857316200863,6,272.2,1,0.0
24,13,10,3,4,3.0,2.5,1.6129032258064515,46.69998948438288,3,290.0,3,0.0
41,18,9,9,5,5.75,0.9,0.7692307692307693,71.56532775398112,4,306.5,1,0.0
43,13,4,9,2,4.5,0.4,0.4347826086956522,62.689693210546416,6,327.8,3,0.0
27,27,14,13,7,5.75,1.0,1.1965811965811965,86.82527590197247,6,645.9,6,0.0
42,23,12,11,6,7.5,1.0,0.7894736842105263,84.79437597989383,5,504.7,5,0.0
31,15,6,9,2,4.5,0.6,0.6521739130434783,72.303117697365,5,569.0,2,0.0
33,18,7,11,3,5.0,0.5833333333333334,0.6862745098039216,75.36115121013685,6,404.9,2,0.0
39,6,4,2,3,2.25,1.3333333333333333,0.851063829787234,51.52323759810559,1,131.7,3,0.0
38,22,10,12,2,4.5,0.7692307692307693,1.0869565217391306,65.95546390848337,5,439.5,2,0.0
20,13,5,8,3,2.0,0.5555555555555556,1.1904761904761905,60.03426813935941,7,331.5,4,0.0
28,6,3,3,0,3.75,0.75,0.38961038961038963,60.51416882227278,3,182.0,1,1.0
19,5,3,2,1,3.5,1.0,0.41666666666666663,,2,87.8,1,0.0
20,9,6,3,2,4.25,1.5,0.6896551724137931,72.44673958880382,5,208.1,2,0.0
30,19,9,10,5,6.75,0.8181818181818182,0.6569343065693432,79.23944331288114,8,360.79999999999995,3,0.0
22,12,9,3,5,4.25,2.25,1.0344827586206897,55.72927469109818,2,621.8,2,0.0
21,20,15,5,9,3.75,2.5,1.948051948051948,63.219093725000185,3,146.4,3,0.0
29,15,9,6,4,2.5,1.2857142857142858,1.7307692307692306,67.37621193553976,5,413.40000000000003,1,0.0
39,6,1,5,0,2.75,0.16666666666666666,0.17543859649122806,58.2793693679013,1,128.0,4,1.0
30,12,3,9,1,3.0,0.3,0.48387096774193544,54.679902692347206,3,320.7,5,0.0
35,9,4,5,2,5.25,0.6666666666666666,0.3738317757009346,75.34795990357846,7,270.8,4,0.0
33,27,18,9,9,3.25,1.8,2.6865671641791042,67.21825311564439,3,288.5,1,0.0
40,16,9,7,3,3.75,1.125,1.1688311688311688,73.91717054186601,3,390.70000000000005,1,0.0
30,17,9,8,6,3.5,1.0,1.25,63.1652523810985,3,106.9,2,0.0
35,8,2,6,1,3.5,0.2857142857142857,0.2777777777777778,57.49814732162616,3,308.2,1,0.0
25,12,5,7,0,5.0,0.625,0.4901960784313726,60.342895804860625,3,215.3,0,1.0
41,17,6,11,4,5.25,0.5,0.5607476635514019,58.093113985965076,4,132.1,0,0.0
24,21,13,8,10,8.25,1.4444444444444444,0.7784431137724551,71.10448522581493,6,572.3,6,0.0
22,12,6,6,1,3.0,0.8571428571428571,0.9677419354838709,71.38379036826848,5,254.5,3,0.0
23,25,17,8,6,4.0,1.8888888888888888,2.073170731707317,67.02420824871726,2,301.4,2,0.0
27,2,1,1,0,1.25,0.5,0.37037037037037035,37.93363658853386,2,39.6,0,1.0
16,25,13,12,5,6.0,1.0,1.0655737704918034,79.8081736703378,7,472.7,4,0.0
40,25,11,14,5,4.5,0.7333333333333333,1.1956521739130437,87.27803255043891,3,597.4,4,0.0
27,19,11,8,5,3.25,1.2222222222222223,1.6417910447761193,76.39025151530437,4,299.8,2,0.0
21,5,1,4,0,1.75,0.2,0.27027027027027023,60.59330765414279,2,67.9,1,1.0
24,8,2,6,1,3.75,0.2857142857142857,0.2597402597402597,67.08430734097429,3,551.0,2,0.0
17,8,6,2,1,2.5,2.0,1.1538461538461537,55.72228117106447,2,173.7,0,0.0
43,6,3,3,0,1.0,0.75,1.3636363636363635,53.82067837640797,0,89.3,0,1.0
43,9,1,8,0,4.25,0.1111111111111111,0.1149425287356322,57.30864595771185,1,163.4,1,1.0
19,9,2,7,0,1.75,0.25,0.5405405405405405,64.56619647656053,0,88.7,1,1.0
41,8,1,7,1,2.75,0.125,0.17543859649122806,63.76670952841362,4,129.7,2,0.0
28,21,7,14,4,4.75,0.4666666666666667,0.7216494845360826,66.79876762040497,4,489.8,1,0.0
19,12,8,4,5,2.75,1.6,1.4035087719298245,60.93624891220262,4,191.0,2,0.0
32,15,10,5,3,4.5,1.6666666666666667,1.0869565217391306,60.8821380810267,1,368.5,0,0.0
34,18,11,7,5,4.5,1.375,1.1956521739130437,57.77883685162794,5,275.9,1,0.0
20,7,2,5,1,1.75,0.3333333333333333,0.5405405405405405,47.77535964082762,0,112.5,1,0.0
23,19,11,8,7,4.75,1.2222222222222223,1.1340206185567012,68.17197367301527,5,442.7,2,0.0
25,24,15,9,8,4.0,1.5,1.829268292682927,58.54647375465723,4,448.5,2,0.0
21,7,1,6,0,2.25,0.14285714285714285,0.2127659574468085,50.94311301069816,2,188.70000000000002,0,1.0
39,15,5,10,2,4.0,0.45454545454545453,0.6097560975609757,77.19256338113195,7,265.7,1,0.0
32,12,6,6,1,1.5,0.8571428571428571,1.875,43.06028947614287,1,120.4,1,0.0
29,17,8,9,4,6.5,0.8,0.6060606060606061,72.39259749512233,7,237.6,3,0.0
19,9,4,5,0,3.75,0.6666666666666666,0.5194805194805194,55.07670987848753,5,200.9,5,1.0
18,4,2,2,0,1.25,0.6666666666666666,0.7407407407407407,33.53932543157771,1,103.0,0,1.0
39,8,4,4,3,2.25,0.8,0.851063829787234,42.33685599785046,1,242.89999999999998,2,0.0
44,6,3,3,0,1.25,0.75,1.111111111111111,59.93435918174288,2,152.6,0,1.0
32,20,12,8,5,5.75,1.3333333333333333,1.0256410256410258,68.64174878339854,4,400.8,4,0.0
29,23,10,13,3,3.25,0.7142857142857143,1.4925373134328357,60.661472504730334,5,314.90000000000003,1,0.0
24,18,8,10,4,3.0,0.7272727272727273,1.2903225806451613,73.36141652493882,5,442.8,4,0.0
17,15,8,7,3,2.5,1.0,1.5384615384615383,58.084324200070895,3,317.6,1,0.0
30,20,12,8,7,3.5,1.3333333333333333,1.6666666666666665,67.90316825366449,6,114.8,0,0.0
28,11,7,4,4,2.75,1.4,1.2280701754385965,52.78020691210464,4,159.1,2,0.0
32,15,8,7,5,3.0,1.0,1.2903225806451613,61.61808045584312,4,169.0,2,0.0
36,18,5,13,3,2.75,0.35714285714285715,0.8771929824561403,66.30874954895359,5,370.8,5,0.0
24,11,4,7,1,2.5,0.5,0.7692307692307692,63.359367440740776,3,312.2,1,0.0
35,13,5,8,2,6.5,0.5555555555555556,0.3787878787878788,73.42744577677699,4,480.9,4,0.0
18,14,6,8,3,2.0,0.6666666666666666,1.4285714285714286,62.72365590788209,3,344.1,1,0.0
40,30,11,19,3,5.25,0.55,1.0280373831775702,80.49487660017022,7,452.3,5,0.0
22,30,20,10,13,5.5,1.8181818181818181,1.7857142857142858,60.380817703262124,7,441.9,3,0.0
19,11,7,4,5,3.5,1.4,0.9722222222222222,70.51969081383581,2,382.3,0,0.0
37,26,17,9,8,4.0,1.7,2.073170731707317,70.78341176981888,6,225.0,6,0.0
31,13,6,7,4,3.25,0.75,0.8955223880597015,60.45123971295011,7,300.6,0,0.0
20,11,4,7,2,2.5,0.5,0.7692307692307692,66.8408158797981,3,320.8,3,0.0
40,12,9,3,6,2.25,2.25,1.9148936170212765,60.17631704363134,4,262.90000000000003,3,0.0
35,13,5,8,2,4.0,0.5555555555555556,0.6097560975609757,58.7056782077678,7,311.6,2,0.0
34,20,10,10,4,4.25,0.9090909090909091,1.149425287356322,68.80377407784987,4,344.3,4,0.0
37,11,7,4,5,4.0,1.4,0.853658536585366,57.393582920503576,5,189.3,1,0.0
17,12,7,5,4,2.25,1.1666666666666667,1.4893617021276595,64.44518804543256,4,299.9,5,0.0
43,14,9,5,7,3.75,1.5,1.1688311688311688,66.02336973317176,5,429.4,2,0.0
19,14,8,6,2,3.0,1.1428571428571428,1.2903225806451613,55.96962985348498,5,332.3,2,0.0
23,12,8,4,3,2.5,1.6,1.5384615384615383,64.03287542656767,4,188.7,1,0.0
28,29,17,12,11,6.25,1.3076923076923077,1.3385826771653544,77.33335212915576,8,121.60000000000001,3,0.0
24,3,3,0,2,1.0,3.0,1.3636363636363635,38.34113835309918,1,103.8,2,0.0
33,16,9,7,3,4.0,1.125,1.0975609756097562,66.20277401023026,1,299.9,1,0.0
26,12,8,4,6,2.75,1.6,1.4035087719298245,60.70345098583328,5,221.0,2,0.0
34,7,3,4,0,1.75,0.6,0.8108108108108107,52.61980544410434,3,70.7,3,1.0
27,18,6,12,2,2.25,0.46153846153846156,1.276595744680851,56.67425870194242,5,195.5,1,0.0
26,16,7,9,4,2.5,0.7,1.346153846153846,62.70884323167731,5,368.7,2,0.0
31,8,4,4,1,1.75,0.8,1.081081081081081,53.7149253718328,0,138.0,0,0.0
20,16,7,9,5,3.75,0.7,0.9090909090909091,56.658057765664665,6,308.20000000000005,1,0.0
20,11,7,4,2,2.0,1.4,1.6666666666666665,51.01387279988006,4,220.1,1,0.0
41,21,12,9,8,5.0,1.2,1.1764705882352942,68.44934403748744,5,319.3,4,0.0
27,11,6,5,2,1.5,1.0,1.875,49.55267725759367,4,212.3,3,0.0
33,18,6,12,3,4.25,0.46153846153846156,0.6896551724137931,64.10414335967668,4,286.9,3,0.0
41,10,3,7,1,5.0,0.375,0.29411764705882354,64.8046354461602,4,244.99999999999997,2,0.0
19,17,11,6,6,2.25,1.5714285714285714,2.3404255319148937,56.80045388822998,7,333.5,3,0.0
26,6,4,2,1,2.0,1.3333333333333333,0.9523809523809523,52.55150698128887,2,253.8,2,0.0
20,9,7,2,4,3.25,2.3333333333333335,1.044776119402985,58.04736423066736,2,230.1,2,0.0
31,14,5,9,1,3.25,0.5,0.7462686567164178,64.4334442147966,4,165.6,3,0.0
16,14,5,9,4,3.5,0.5,0.6944444444444444,65.55939793492931,5,420.59999999999997,4,0.0
44,17,9,8,4,5.25,1.0,0.8411214953271029,78.8002129888467,4,404.4,3,0.0
42,4,2,2,1,3.75,0.6666666666666666,0.2597402597402597,54.261803127449845,5,223.70000000000002,3,0.0
38,7,2,5,2,0.5,0.3333333333333333,1.6666666666666667,51.25923150588608,1,63.9,1,0.0
23,8,4,4,1,3.25,0.8,0.5970149253731343,60.15499744416598,4,219.5,4,0.0
33,5,1,4,0,1.5,0.2,0.3125,50.64206794906087,1,177.8,0,1.0
34,13,9,4,4,6.25,1.8,0.7086614173228347,65.58859623901627,4,306.2,1,0.0
23,18,6,12,4,4.25,0.46153846153846156,0.6896551724137931,88.0847159903617,8,574.4,4,0.0
29,8,4,4,2,5.0,0.8,0.3921568627450981,60.099747402699656,2,145.1,1,0.0
18,12,7,5,5,3.0,1.1666666666666667,1.129032258064516,73.57742743659114,5,299.5,1,0.0
41,13,6,7,3,6.0,0.75,0.49180327868852464,57.913571822253644,3,486.1,2,0.0
36,11,6,5,1,2.0,1.0,1.4285714285714286,56.343806140092404,5,190.9,2,0.0
42,26,13,13,8,5.5,0.9285714285714286,1.1607142857142858,87.0120142264502,8,311.7,2,0.0
24,22,10,12,2,3.25,0.7692307692307693,1.4925373134328357,68.90680549648732,4,273.0,3,0.0
34,12,8,4,5,2.0,1.6,1.9047619047619047,54.051569425376236,3,243.5,1,0.0
42,10,6,4,3,2.5,1.2,1.1538461538461537,52.59052996974141,6,385.70000000000005,0,0.0
22,18,8,10,2,3.5,0.7272727272727273,1.1111111111111112,68.98590430115317,5,260.3,1,0.0
16,20,12,8,8,1.0,1.3333333333333333,5.454545454545454,54.40001398184314,3,170.0,0,0.0
35,7,2,5,1,1.5,0.3333333333333333,0.625,52.318157543210056,3,95.3,1,0.0
20,14,8,6,5,3.75,1.1428571428571428,1.0389610389610389,71.49050437831359,5,364.2,5,0.0
19,23,11,12,7,4.5,0.8461538461538461,1.1956521739130437,76.3608139415488,6,474.3,3,0.0
27,6,4,2,2,2.25,1.3333333333333333,0.851063829787234,56.47796291743715,1,75.5,1,0.0
28,13,8,5,3,5.5,1.3333333333333333,0.7142857142857143,77.47775453941624,6,589.2,2,0.0
24,8,4,4,2,2.0,0.8,0.9523809523809523,,3,165.2,2,0.0
38,24,11,13,10,4.75,0.7857142857142857,1.1340206185567012,67.54168362681907,6,499.8,2,0.0
26,11,5,6,3,1.75,0.7142857142857143,1.3513513513513513,61.85222997696204,2,247.3,1,0.0
26,7,3,4,2,3.75,0.6,0.38961038961038963,62.072546009399446,1,170.3,2,0.0
25,18,12,6,8,4.25,1.7142857142857142,1.3793103448275863,77.59574563433162,5,552.2,0,0.0
35,22,12,10,8,3.0,1.0909090909090908,1.9354838709677418,58.584245907900886,6,168.7,1,0.0
21,8,5,3,2,2.25,1.25,1.0638297872340425,63.99971430878729,5,138.3,3,0.0
19,22,12,10,5,5.25,1.0909090909090908,1.1214953271028039,66.85786797436954,7,297.59999999999997,3,0.0
24,19,11,8,7,4.5,1.2222222222222223,1.1956521739130437,64.33582616322457,5,595.4,3,0.0
25,19,11,8,4,4.25,1.2222222222222223,1.264367816091954,56.24554238888301,5,257.3,2,0.0
33,5,4,1,2,2.0,2.0,0.9523809523809523,57.786850896368094,3,375.2,1,0.0
18,23,16,7,9,7.5,2.0,1.0526315789473684,85.1728611057157,7,259.6,4,0.0
32,6,1,5,1,3.0,0.16666666666666666,0.16129032258064516,62.16027114774178,3,361.5,4,0.0
33,11,4,7,2,3.25,0.5,0.5970149253731343,67.44428082186298,2,105.3,2,0.0
40,3,1,2,0,2.75,0.3333333333333333,0.17543859649122806,49.62100198956787,2,158.3,3,1.0
31,11,5,6,3,4.5,0.7142857142857143,0.5434782608695653,68.24059833645583,4,498.3,5,0.0
31,9,3,6,1,1.75,0.42857142857142855,0.8108108108108107,47.3189847866621,0,77.7,0,0.0
44,13,8,5,4,4.75,1.3333333333333333,0.8247422680412372,48.607382024772164,3,133.5,1,0.0
40,20,11,9,7,4.25,1.1,1.264367816091954,59.624696300969426,5,230.5,6,0.0
18,13,6,7,3,3.25,0.75,0.8955223880597015,64.05768789241394,6,272.1,3,0.0
33,13,7,6,2,5.0,1.0,0.6862745098039216,58.39245408173369,4,325.0,2,0.0
37,17,10,7,4,4.25,1.25,1.149425287356322,62.376791909185215,8,371.5,4,0.0
30,11,7,4,3,4.0,1.4,0.853658536585366,48.31077899052355,5,337.3,2,0.0
19,26,14,12,7,1.5,1.0769230769230769,4.375,74.40674009998153,7,208.4,3,0.0
19,23,8,15,7,1.25,0.5,2.962962962962963,60.13100531974207,3,160.9,2,0.0
33,12,6,6,4,3.25,0.8571428571428571,0.8955223880597015,55.11502071375485,2,262.3,1,0.0
18,14,8,6,2,4.5,1.1428571428571428,0.8695652173913044,46.460114150367005,5,300.4,5,0.0
38,12,6,6,3,1.75,0.8571428571428571,1.6216216216216215,60.58737778193459,2,220.4,0,0.0
29,13,8,5,3,1.75,1.3333333333333333,2.162162162162162,61.546629502541435,3,386.4,3,0.0
18,16,8,8,4,4.0,0.8888888888888888,0.9756097560975611,58.938748832020224,5,310.5,1,0.0
26,6,1,5,0,2.0,0.16666666666666666,0.23809523809523808,56.471725484929024,3,180.1,1,1.0
21,13,9,4,6,4.75,1.8,0.9278350515463918,58.7182281514836,4,190.9,1,0.0
44,11,5,6,0,1.5,0.7142857142857143,1.5625,56.06608796302008,5,198.79999999999998,1,1.0
42,20,10,10,5,4.0,0.9090909090909091,1.2195121951219514,72.51286131021178,4,207.1,2,0.0
19,16,10,6,6,4.25,1.4285714285714286,1.149425287356322,84.30230792495934,7,419.6,2,0.0
32,11,5,6,2,4.0,0.7142857142857143,0.6097560975609757,56.39128378240369,3,269.0,2,0.0
16,3,1,2,1,1.0,0.3333333333333333,0.45454545454545453,62.09343976552567,2,79.2,0,0.0
29,16,9,7,6,3.5,1.125,1.25,62.26715290164307,3,272.8,1,0.0
20,7,3,4,3,2.5,0.6,0.5769230769230769,41.261034646527456,2,101.6,3,0.0
42,8,5,3,2,3.75,1.25,0.6493506493506493,78.70571373330014,2,447.2,2,0.0
22,16,2,14,0,3.5,0.13333333333333333,0.2777777777777778,73.71778905782263,4,230.89999999999998,2,1.0
23,6,2,4,2,1.5,0.4,0.625,45.935404649616295,4,187.9,1,0.0
41,14,8,6,5,6.0,1.1428571428571428,0.6557377049180328,56.99824672134823,6,613.2,4,0.0
42,16,9,7,5,3.5,1.125,1.25,64.58595096583196,5,303.29999999999995,2,0.0
44,17,8,9,3,3.25,0.8,1.1940298507462686,62.34940790810026,3,144.29999999999998,1,0.0
30,26,17,9,8,6.25,1.7,1.3385826771653544,81.45596855364582,8,584.0,2,0.0
20,11,4,7,1,1.5,0.5,1.25,50.7857205371405,4,152.8,1,0.0
35,15,11,4,8,4.75,2.2,1.1340206185567012,77.25293617879406,6,381.2,3,0.0
18,21,9,12,6,5.0,0.6923076923076923,0.8823529411764707,77.54225207329631,8,726.1,4,0.0
34,30,12,18,6,9.0,0.631578947368421,0.6593406593406593,84.16187679067147,8,591.6,1,0.0
39,11,6,5,5,4.5,1.0,0.6521739130434783,71.945855994998,6,257.8,4,0.0
20,15,9,6,6,4.75,1.2857142857142858,0.9278350515463918,66.08141174683466,5,454.8,1,0.0
44,18,12,6,2,4.25,1.7142857142857142,1.3793103448275863,77.85759457178018,6,627.5,2,0.0
19,15,8,7,2,4.25,1.0,0.9195402298850576,66.23751449118444,6,356.2,4,0.0
23,13,9,4,3,2.5,1.8,1.7307692307692306,53.98092921589774,6,220.8,2,0.0
24,11,8,3,6,5.5,2.0,0.7142857142857143,58.35028348125788,4,207.1,2,0.0
42,10,3,7,3,4.0,0.375,0.3658536585365854,74.38102545792461,5,180.9,2,0.0
20,10,2,8,0,5.25,0.2222222222222222,0.1869158878504673,67.84427182254055,2,139.70000000000002,2,1.0
38,10,5,5,4,2.5,0.8333333333333334,0.9615384615384615,54.28636047397342,2,158.2,3,0.0
17,6,3,3,2,1.0,0.75,1.3636363636363635,62.18082331741657,2,151.6,1,0.0
24,16,8,8,4,3.25,0.8888888888888888,1.1940298507462686,50.27056207953272,2,202.5,1,0.0
44,9,6,3,3,5.0,1.5,0.5882352941176471,70.62809030737212,7,108.4,2,0.0
42,12,2,10,0,1.5,0.18181818181818182,0.625,56.26439907161388,4,143.7,3,1.0
41,2,1,1,0,3.25,0.5,0.14925373134328357,45.131186739219736,2,99.7,0,1.0
19,4,2,2,2,0.5,0.6666666666666666,1.6666666666666667,,0,82.1,0,0.0
27,19,11,8,3,5.0,1.2222222222222223,1.0784313725490198,66.87696081010643,5,412.09999999999997,3,0.0
31,23,14,9,8,5.25,1.4,1.3084112149532712,90.61484219167173,8,488.6,3,0.0
44,11,7,4,4,1.0,1.4,3.1818181818181817,54.29405674517846,1,147.1,0,0.0
33,7,4,3,2,1.5,1.0,1.25,52.49072504689408,6,103.4,1,0.0
36,1,1,0,0,1.25,1.0,0.37037037037037035,53.49535279872798,1,79.4,0,1.0
19,8,2,6,0,2.0,0.2857142857142857,0.47619047619047616,44.415791944090444,2,199.4,0,1.0
16,16,9,7,6,5.5,1.125,0.8035714285714286,71.37749740298497,7,292.7,1,0.0
34,11,7,4,4,4.0,1.4,0.853658536585366,59.756779657954844,1,247.29999999999998,1,0.0
17,20,9,11,5,3.5,0.75,1.25,60.330057630071686,5,383.1,2,0.0
24,7,4,3,1,2.25,1.0,0.851063829787234,54.06885600576471,1,288.6,3,0.0
30,10,6,4,2,3.5,1.2,0.8333333333333333,58.63069953364382,4,211.5,1,0.0
26,6,2,4,0,2.0,0.4,0.47619047619047616,42.834327843695206,2,92.2,1,1.0
24,14,7,7,2,2.75,0.875,1.2280701754385965,64.27418963416325,4,162.5,2,0.0
35,18,10,8,6,5.0,1.1111111111111112,0.9803921568627452,87.14563673321175,8,302.7,4,0.0
28,23,15,8,7,4.25,1.6666666666666667,1.7241379310344829,64.3117870364741,4,449.09999999999997,1,0.0
18,13,4,9,2,4.0,0.4,0.48780487804878053,77.17666737974427,7,286.2,7,0.0
20,13,6,7,4,3.5,0.75,0.8333333333333333,50.23652109552505,5,264.9,0,0.0
23,19,9,10,2,3.25,0.8181818181818182,1.3432835820895521,84.05850025549768,7,496.6,1,0.0
27,13,6,7,1,3.5,0.75,0.8333333333333333,63.437140022050585,4,286.0,4,0.0
44,4,2,2,1,2.75,0.6666666666666666,0.3508771929824561,52.905596645806604,1,87.5,2,0.0
17,18,7,11,3,5.5,0.5833333333333334,0.625,68.24309345278022,7,287.6,2,0.0
26,16,7,9,3,5.25,0.7,0.6542056074766356,69.38196553615995,5,385.0,5,0.0
43,5,4,1,2,2.5,2.0,0.7692307692307692,46.94270834472082,1,122.5,1,0.0
35,11,5,6,1,5.0,0.7142857142857143,0.4901960784313726,72.06298137704569,4,174.70000000000002,1,0.0
27,16,9,7,6,4.25,1.125,1.0344827586206897,71.88095842376357,5,244.3,0,0.0
31,19,8,11,3,5.5,0.6666666666666666,0.7142857142857143,71.46301496770617,4,507.3,4,0.0
41,18,6,12,0,2.75,0.46153846153846156,1.0526315789473684,54.22172951405855,1,128.0,1,1.0
40,21,13,8,9,3.75,1.4444444444444444,1.6883116883116882,67.99796809452629,5,469.1,0,0.0
40,23,11,12,6,4.5,0.8461538461538461,1.1956521739130437,80.18336379752542,7,419.4,3,0.0
44,13,7,6,3,1.75,1.0,1.8918918918918919,67.94866701770877,5,382.2,1,0.0
44,6,2,4,0,4.5,0.4,0.2173913043478261,67.88701612253377,6,175.9,2,1.0
29,23,14,9,9,6.0,1.4,1.1475409836065575,79.21314397615845,7,559.4,1,0.0
26,18,13,5,7,2.0,2.1666666666666665,3.095238095238095,48.46028968802947,2,173.6,1,0.0
25,9,4,5,1,1.25,0.6666666666666666,1.4814814814814814,37.1643562417168,1,199.9,2,0.0
23,13,6,7,2,4.5,0.75,0.6521739130434783,60.55650042049997,5,207.2,0,0.0
43,17,7,10,4,3.25,0.6363636363636364,1.044776119402985,81.17541806947993,4,650.3,1,0.0
35,25,12,13,7,5.25,0.8571428571428571,1.1214953271028039,68.11836409027532,5,273.6,3,0.0
22,3,2,1,0,0.25,1.0,2.857142857142857,,0,61.2,0,1.0
34,15,7,8,2,5.0,0.7777777777777778,0.6862745098039216,64.61613632120392,5,329.3,1,0.0
36,9,5,4,1,4.5,1.0,0.5434782608695653,64.02770286828348,5,147.79999999999998,1,0.0
31,9,3,6,1,4.25,0.42857142857142855,0.3448275862068966,63.12790187380669,6,324.0,0,0.0
43,15,7,8,6,4.75,0.7777777777777778,0.7216494845360826,56.24207980379631,3,321.8,3,0.0
44,8,1,7,0,1.5,0.125,0.3125,58.72003793629553,3,259.7,2,1.0
28,14,7,7,2,5.25,0.875,0.6542056074766356,79.24468175242662,6,326.7,7,0.0
22,14,8,6,3,4.25,1.1428571428571428,0.9195402298850576,56.02538526215415,8,100.1,1,0.0
38,14,7,7,3,3.5,0.875,0.9722222222222222,66.54378048787542,5,665.2,0,0.0
43,23,16,7,13,5.5,2.0,1.4285714285714286,69.82799615417916,6,260.1,6,0.0
21,29,13,16,7,5.0,0.7647058823529411,1.2745098039215688,83.66427215431455,6,449.0,3,0.0
31,15,5,10,2,6.75,0.45454545454545453,0.36496350364963503,66.19089820059101,1,206.8,1,0.0
17,10,4,6,2,2.75,0.5714285714285714,0.7017543859649122,52.652475521204266,2,150.0,0,0.0
35,12,5,7,1,4.5,0.625,0.5434782608695653,78.27406109808568,3,270.3,1,0.0
31,3,2,1,2,1.25,1.0,0.7407407407407407,54.11132279801576,0,95.9,2,0.0
34,4,1,3,0,1.5,0.25,0.3125,60.249875357308184,3,117.89999999999999,0,1.0
41,23,12,11,6,3.75,1.0,1.5584415584415585,69.05659226874006,7,294.90000000000003,3,0.0
19,15,7,8,4,4.75,0.7777777777777778,0.7216494845360826,68.36274514228442,4,766.8,1,0.0
39,10,6,4,4,1.75,1.2,1.6216216216216215,61.56760994243407,3,255.2,1,0.0
29,21,13,8,8,4.5,1.4444444444444444,1.4130434782608696,89.31423269638427,7,398.0,3,0.0
44,22,11,11,7,9.0,0.9166666666666666,0.6043956043956045,80.74944538941203,8,296.7,4,0.0
28,21,8,13,1,4.5,0.5714285714285714,0.8695652173913044,58.29151011063379,6,398.3,0,0.0
39,18,8,10,4,2.75,0.7272727272727273,1.4035087719298245,57.229394457218724,5,196.5,1,0.0
28,5,3,2,1,0.75,1.0,1.7647058823529411,44.82678661319654,2,134.8,1,0.0
25,3,1,2,0,2.25,0.3333333333333333,0.2127659574468085,45.82194579045995,2,133.9,1,1.0
32,21,11,10,2,5.5,1.0,0.9821428571428572,68.048790187339,5,442.1,1,0.0
44,14,7,7,3,2.5,0.875,1.346153846153846,50.333484374134834,1,164.3,3,0.0
21,8,2,6,1,1.5,0.2857142857142857,0.625,35.312929254563976,2,181.0,3,0.0
44,15,2,13,1,4.5,0.14285714285714285,0.2173913043478261,65.36411901960807,4,164.7,3,0.0
28,13,8,5,1,1.75,1.3333333333333333,2.162162162162162,57.48640645772532,5,152.3,2,0.0
19,16,9,7,4,5.5,1.125,0.8035714285714286,61.4234059280599,5,206.2,1,0.0
38,11,3,8,1,3.75,0.3333333333333333,0.38961038961038963,49.276572861307265,2,227.4,2,0.0
16,20,13,7,4,5.5,1.625,1.1607142857142858,57.396819139336415,7,712.4,6,0.0
42,13,7,6,4,3.75,1.0,0.9090909090909091,74.45734748184827,5,158.4,1,0.0
27,14,8,6,4,4.0,1.1428571428571428,0.9756097560975611,60.45031946274997,2,337.5,3,0.0
33,8,5,3,3,3.25,1.25,0.7462686567164178,66.01134992086229,3,192.1,0,0.0
41,11,10,1,3,2.0,5.0,2.380952380952381,65.51352384366692,4,373.8,0,0.0
42,7,5,2,2,0.75,1.6666666666666667,2.9411764705882355,65.50151575171003,2,182.79999999999998,2,0.0
22,22,7,15,3,3.5,0.4375,0.9722222222222222,60.27252422477076,5,316.1,4,0.0
30,6,2,4,1,3.0,0.4,0.3225806451612903,74.55290256164793,3,243.4,0,0.0
22,15,6,9,2,3.5,0.6,0.8333333333333333,77.18747377272364,3,143.0,0,0.0
33,17,11,6,5,4.25,1.5714285714285714,1.264367816091954,58.518776808018686,5,371.1,3,0.0
24,14,5,9,2,3.25,0.5,0.7462686567164178,63.11530093487527,4,209.9,2,0.0
21,12,6,6,4,2.75,0.8571428571428571,1.0526315789473684,57.79072006396214,2,309.2,2,0.0
19,15,9,6,6,1.5,1.2857142857142858,2.8125,53.41330906709691,4,270.3,2,0.0
39,26,12,14,7,6.75,0.8,0.8759124087591241,74.26458236735392,6,516.7,3,0.0
18,2,1,1,0,1.5,0.5,0.3125,55.08544250000381,1,55.5,0,1.0
27,23,10,13,5,5.25,0.7142857142857143,0.9345794392523366,67.65105091868973,6,357.7,3,0.0
28,18,11,7,5,5.0,1.375,1.0784313725490198,70.29948481798618,6,160.4,1,0.0
44,14,9,5,4,3.25,1.5,1.3432835820895521,51.825653748394,2,191.3,4,0.0
25,16,6,10,4,4.25,0.5454545454545454,0.6896551724137931,79.40744479508582,6,195.9,4,0.0
33,10,6,4,1,3.75,1.2,0.7792207792207793,53.71800294937834,3,136.29999999999998,2,0.0
32,14,8,6,4,3.0,1.1428571428571428,1.2903225806451613,,1,281.3,0,0.0
43,13,4,9,0,5.5,0.4,0.35714285714285715,76.56822365190315,4,259.5,2,1.0
38,13,5,8,1,4.0,0.5555555555555556,0.6097560975609757,67.13268985142591,3,232.9,1,0.0
23,16,6,10,4,4.25,0.5454545454545454,0.6896551724137931,62.89720475912264,2,300.1,3,0.0
44,17,8,9,3,4.75,0.8,0.8247422680412372,65.17777436157824,4,528.3,6,0.0
43,10,7,3,1,2.75,1.75,1.2280701754385965,56.027037390997165,4,458.2,1,0.0
24,18,11,7,3,3.25,1.375,1.6417910447761193,69.86984046171207,1,175.9,1,0.0
33,26,16,10,8,7.5,1.4545454545454546,1.0526315789473684,73.92970280248855,5,395.2,3,0.0
41,19,11,8,5,5.5,1.2222222222222223,0.9821428571428572,60.25511783536014,7,241.5,3,0.0
32,21,12,9,8,3.75,1.2,1.5584415584415585,79.06658262939438,5,518.7,1,0.0
24,7,1,6,0,4.5,0.14285714285714285,0.10869565217391305,64.24216488229276,1,84.0,2,1.0
18,6,6,0,4,0.75,6.0,3.5294117647058822,55.430871197194925,1,97.3,2,0.0
41,7,2,5,1,2.0,0.3333333333333333,0.47619047619047616,68.80099472279474,0,201.39999999999998,4,0.0
29,8,6,2,3,1.5,2.0,1.875,50.652006759282074,1,141.4,1,0.0
44,12,5,7,4,2.0,0.625,1.1904761904761905,68.42713391096626,5,210.2,1,0.0
23,22,13,9,8,5.0,1.3,1.2745098039215688,75.14196871423033,7,517.2,1,0.0
24,4,1,3,0,1.0,0.25,0.45454545454545453,20.913296402506454,0,125.4,1,1.0
40,19,11,8,8,4.75,1.2222222222222223,1.1340206185567012,81.05364271028844,6,212.9,0,0.0
29,23,7,16,4,3.75,0.4117647058823529,0.9090909090909091,69.05817961401375,5,468.1,2,0.0
37,10,7,3,4,2.75,1.75,1.2280701754385965,55.935234725557585,4,128.3,1,0.0
30,11,4,7,1,3.25,0.5,0.5970149253731343,62.10679717993596,3,142.2,2,0.0
22,4,4,0,2,2.75,4.0,0.7017543859649122,48.973168561212624,4,206.70000000000002,1,0.0
16,26,17,9,9,3.5,1.7,2.361111111111111,64.05580939190958,5,223.9,1,0.0
21,23,11,12,2,6.25,0.8461538461538461,0.8661417322834646,84.77128769816281,6,539.4,2,0.0
24,10,6,4,3,3.0,1.2,0.9677419354838709,67.474999679963,3,137.8,1,0.0
40,4,1,3,0,0.25,0.25,1.4285714285714286,48.59601878318538,0,34.3,0,1.0
30,26,14,12,7,3.5,1.0769230769230769,1.9444444444444444,72.45013207071847,5,387.0,1,0.0
19,17,9,8,6,5.5,1.0,0.8035714285714286,71.68776687807065,5,139.6,0,0.0
17,14,5,9,1,3.25,0.5,0.7462686567164178,58.06025862825445,4,175.6,5,0.0
27,16,2,14,0,5.5,0.13333333333333333,0.17857142857142858,70.14973469937115,5,253.1,3,1.0
20,7,3,4,2,1.75,0.6,0.8108108108108107,52.716160911714496,1,218.0,1,0.0
42,7,2,5,1,1.0,0.3333333333333333,0.9090909090909091,40.87599780203704,5,189.1,3,0.0
34,21,10,11,6,2.25,0.8333333333333334,2.127659574468085,63.69517759406982,6,416.8,3,0.0
38,13,8,5,4,3.0,1.3333333333333333,1.2903225806451613,67.05909919152575,5,363.9,3,0.0
29,17,9,8,6,2.75,1.0,1.5789473684210527,48.787263177274504,4,305.1,3,0.0
39,13,7,6,6,3.25,1.0,1.044776119402985,67.1017459205376,4,350.1,5,0.0
23,23,12,11,11,4.75,1.0,1.2371134020618557,79.65311239242942,5,350.3,3,0.0
16,21,10,11,3,4.75,0.8333333333333334,1.0309278350515465,71.04662315134465,8,356.5,2,0.0
20,14,5,9,1,2.5,0.5,0.9615384615384615,60.14727123536876,2,129.1,0,0.0
27,15,7,8,1,2.75,0.7777777777777778,1.2280701754385965,78.39382893142074,6,242.2,3,0.0
38,21,10,11,4,3.0,0.8333333333333334,1.6129032258064515,62.51045193766469,2,502.4,5,0.0
25,15,7,8,4,3.25,0.7777777777777778,1.044776119402985,81.63032151031439,7,472.3,4,0.0
33,9,2,7,2,3.75,0.25,0.2597402597402597,68.12107005394975,5,287.0,3,0.0
33,7,3,4,1,3.0,0.6,0.48387096774193544,43.80019531522886,2,149.0,2,0.0
43,12,5,7,1,3.0,0.625,0.8064516129032258,50.203128399056276,4,301.9,1,0.0
25,13,8,5,5,2.75,1.3333333333333333,1.4035087719298245,65.17933735768882,4,216.6,5,0.0
33,5,3,2,2,2.0,1.0,0.7142857142857143,45.18953826978611,0,134.4,2,0.0
27,11,6,5,4,2.5,1.0,1.1538461538461537,54.32042225848011,3,236.9,2,0.0
43,10,4,6,1,4.5,0.5714285714285714,0.4347826086956522,61.57373718570027,2,648.8,4,0.0
33,20,9,11,5,2.25,0.75,1.9148936170212765,78.05551643964172,7,441.4,0,0.0
32,10,7,3,0,1.0,1.75,3.1818181818181817,62.054617751563306,1,295.9,2,1.0
44,13,5,8,2,5.75,0.5555555555555556,0.4273504273504274,73.80766791700833,4,387.6,2,0.0
43,9,7,2,3,2.75,2.3333333333333335,1.2280701754385965,64.53741896151848,6,240.1,2,0.0
21,8,4,4,3,2.5,0.8,0.7692307692307692,45.358605680745086,5,201.5,0,0.0
27,10,6,4,3,5.25,1.2,0.5607476635514019,64.71459812582808,5,392.9,4,0.0
44,20,5,15,2,4.0,0.3125,0.6097560975609757,51.87177405709566,5,214.9,2,0.0
32,19,12,7,5,3.75,1.5,1.5584415584415585,72.5201792345592,2,445.1,4,0.0
24,6,3,3,1,2.5,0.75,0.5769230769230769,61.842910762904935,3,280.7,0,0.0
38,10,4,6,0,1.75,0.5714285714285714,1.081081081081081,44.343318929619066,4,222.7,1,1.0
32,14,8,6,3,3.75,1.1428571428571428,1.0389610389610389,59.13000181443275,4,247.5,2,0.0
31,23,11,12,5,6.0,0.8461538461538461,0.9016393442622951,67.0821047493097,5,290.3,4,0.0
42,4,1,3,0,1.0,0.25,0.45454545454545453,50.00056784584649,3,251.5,1,1.0
26,21,10,11,4,6.5,0.8333333333333334,0.7575757575757576,71.41813473729925,8,296.6,2,0.0
34,11,3,8,3,4.0,0.3333333333333333,0.3658536585365854,63.652079758801555,5,235.5,3,0.0
17,8,5,3,2,3.75,1.25,0.6493506493506493,53.97178395879723,3,139.4,2,0.0
36,12,7,5,3,3.5,1.1666666666666667,0.9722222222222222,56.85490417168363,2,339.2,0,0.0
31,15,7,8,4,3.75,0.7777777777777778,0.9090909090909091,65.87799055040915,4,162.8,2,0.0
41,21,11,10,4,6.25,1.0,0.8661417322834646,58.6625096510357,7,239.3,2,0.0
25,7,4,3,3,3.25,1.0,0.5970149253731343,52.74546829351586,3,300.7,1,0.0
42,33,14,19,8,5.25,0.7,1.3084112149532712,67.35978365371687,5,338.4,2,0.0
32,9,2,7,0,2.25,0.25,0.425531914893617,53.88662601292735,3,262.2,2,1.0
22,2,1,1,0,4.0,0.5,0.12195121951219513,,0,50.5,0,1.0
21,24,12,12,6,6.75,0.9230769230769231,0.8759124087591241,68.93500483030704,7,220.8,4,0.0
24,19,9,10,4,2.25,0.8181818181818182,1.9148936170212765,78.22699896697713,5,395.90000000000003,4,0.0
44,17,8,9,6,4.75,0.8,0.8247422680412372,56.03053714091401,4,185.4,3,0.0
30,15,8,7,5,3.0,1.0,1.2903225806451613,58.00076684170076,4,499.09999999999997,2,0.0
33,5,3,2,1,2.5,1.0,0.5769230769230769,62.127430663087594,1,97.6,1,0.0
25,17,9,8,4,1.0,1.0,4.090909090909091,63.036881888190955,5,298.0,2,0.0
23,13,7,6,1,2.75,1.0,1.2280701754385965,63.21633143823955,6,521.3,0,0.0
39,8,5,3,1,2.25,1.25,1.0638297872340425,61.85814216947781,1,282.9,2,0.0
17,14,10,4,5,4.75,2.0,1.0309278350515465,61.85222391027952,7,253.1,2,0.0
21,5,4,1,0,1.0,2.0,1.8181818181818181,49.9065800166497,1,166.8,0,1.0
22,11,9,2,5,4.0,3.0,1.0975609756097562,51.60728494827337,3,236.29999999999998,1,0.0
20,20,13,7,5,3.75,1.625,1.6883116883116882,72.03702841706594,5,212.7,5,0.0
19,19,8,11,5,6.5,0.6666666666666666,0.6060606060606061,73.93935894416276,6,367.8,3,0.0
16,5,4,1,2,2.25,2.0,0.851063829787234,46.53441552416593,0,103.0,2,0.0
26,16,7,9,3,3.0,0.7,1.129032258064516,56.18778773601177,5,458.1,3,0.0
36,23,12,11,7,3.5,1.0,1.6666666666666665,68.28065971533604,7,323.2,2,0.0
25,8,8,0,4,2.0,8.0,1.9047619047619047,50.78448725083419,0,60.5,1,0.0
44,11,6,5,4,4.5,1.0,0.6521739130434783,79.85588562177735,6,288.0,3,0.0
44,18,7,11,7,6.25,0.5833333333333334,0.5511811023622047,73.77632523247411,7,579.1,5,0.0
30,12,5,7,3,3.25,0.625,0.7462686567164178,64.45932509370006,3,256.90000000000003,3,0.0
37,14,7,7,4,2.5,0.875,1.346153846153846,76.82540137210164,1,179.4,1,0.0
25,19,11,8,3,3.75,1.2222222222222223,1.4285714285714286,65.51383546493328,4,577.9,3,0.0
27,10,6,4,3,3.0,1.2,0.9677419354838709,53.100834876022574,1,449.1,3,0.0
19,12,6,6,4,2.25,0.8571428571428571,1.276595744680851,66.97535243755404,3,298.1,1,0.0
25,13,7,6,2,4.0,1.0,0.853658536585366,58.674444086771,3,210.0,3,0.0
41,11,7,4,3,2.75,1.4,1.2280701754385965,67.87282110259358,5,369.5,2,0.0
16,17,11,6,5,4.25,1.5714285714285714,1.264367816091954,72.0755068746384,5,326.1,1,0.0
32,14,7,7,4,4.25,0.875,0.8045977011494253,67.84662814990925,4,236.8,1,0.0
19,24,12,12,6,4.0,0.9230769230769231,1.4634146341463417,81.35586770585184,7,187.4,1,0.0
32,12,7,5,3,2.25,1.1666666666666667,1.4893617021276595,50.19182386386493,2,292.9,4,0.0
22,10,7,3,3,5.25,1.75,0.6542056074766356,79.71275741652602,6,247.2,3,0.0
44,13,8,5,3,2.75,1.3333333333333333,1.4035087719298245,59.541998391350205,2,418.8,1,0.0
25,11,6,5,6,2.5,1.0,1.1538461538461537,57.79282049951564,1,237.3,1,0.0
20,7,4,3,1,2.0,1.0,0.9523809523809523,56.12862432483743,2,252.3,3,0.0
35,19,10,9,6,1.25,1.0,3.7037037037037033,61.69519664027809,5,173.5,1,0.0
26,4,3,1,3,3.5,1.5,0.41666666666666663,79.01129562620216,4,273.9,2,0.0
31,17,12,5,6,3.5,2.0,1.6666666666666665,74.18203166856695,6,341.09999999999997,2,0.0
23,11,1,10,0,4.25,0.09090909090909091,0.1149425287356322,63.703374918158225,4,469.40000000000003,1,1.0
18,21,11,10,4,5.0,1.0,1.0784313725490198,69.92874618584297,6,214.8,2,0.0
17,18,7,11,6,3.25,0.5833333333333334,1.044776119402985,62.8574150094514,5,539.8,1,0.0
41,20,10,10,7,5.25,0.9090909090909091,0.9345794392523366,84.43730428762473,7,250.3,7,0.0
24,19,10,9,5,4.25,1.0,1.149425287356322,63.72429226056743,5,436.09999999999997,1,0.0
18,11,5,6,2,2.0,0.7142857142857143,1.1904761904761905,60.82516907897656,6,262.7,0,0.0
33,18,12,6,8,5.0,1.7142857142857142,1.1764705882352942,75.74013756294582,8,343.1,4,0.0
31,9,3,6,2,1.25,0.42857142857142855,1.111111111111111,59.022571034319085,1,102.7,2,0.0
19,19,7,12,3,6.25,0.5384615384615384,0.5511811023622047,87.72717049133884,4,529.2,2,0.0
16,14,7,7,5,6.25,0.875,0.5511811023622047,78.27827042517588,8,329.2,6,0.0
26,8,3,5,2,2.5,0.5,0.5769230769230769,50.13619149550857,1,163.2,1,0.0
17,16,9,7,6,5.0,1.125,0.8823529411764707,73.66339025853253,3,360.5,0,0.0
32,27,13,14,4,5.25,0.8666666666666667,1.2149532710280375,73.36000547961495,6,429.6,5,0.0
29,28,17,11,9,6.25,1.4166666666666667,1.3385826771653544,82.29764131646273,6,604.8,7,0.0
43,18,11,7,3,3.5,1.375,1.5277777777777777,64.52683090525717,1,316.0,1,0.0
31,16,7,9,4,4.0,0.7,0.853658536585366,78.79093673626959,7,203.2,1,0.0
20,14,5,9,1,3.0,0.5,0.8064516129032258,53.64790118943526,1,375.0,1,0.0
37,18,6,12,4,6.5,0.46153846153846156,0.4545454545454546,79.48638349956626,6,566.5,2,0.0
21,18,11,7,4,2.75,1.375,1.9298245614035088,59.122660023489175,5,251.8,1,0.0
33,6,1,5,0,3.0,0.16666666666666666,0.16129032258064516,37.86799962991074,1,127.3,1,1.0
26,14,7,7,2,8.5,0.875,0.4069767441860465,78.41669151402341,6,409.6,3,0.0
30,18,6,12,4,2.0,0.46153846153846156,1.4285714285714286,50.287825819021734,5,74.6,2,0.0
27,24,10,14,6,6.75,0.6666666666666666,0.7299270072992701,93.47736146021536,8,304.1,3,0.0
21,22,7,15,3,7.75,0.4375,0.445859872611465,85.13171538788448,7,363.7,3,0.0
34,14,4,10,4,3.0,0.36363636363636365,0.6451612903225806,59.50578246216672,2,104.0,2,0.0
20,13,8,5,5,4.5,1.3333333333333333,0.8695652173913044,79.39045719686115,4,319.1,2,0.0
19,6,3,3,1,2.75,0.75,0.5263157894736842,53.58230145614854,3,249.6,2,0.0
23,12,6,6,3,3.75,0.8571428571428571,0.7792207792207793,63.54497870859138,2,255.2,4,0.0
22,8,1,7,0,1.25,0.125,0.37037037037037035,25.285016734959534,2,224.1,1,1.0
20,15,11,4,6,4.75,2.2,1.1340206185567012,69.37592557192767,4,191.5,1,0.0
31,21,11,10,7,3.25,1.0,1.6417910447761193,71.41752388075695,2,339.9,3,0.0
16,5,2,3,0,1.25,0.5,0.7407407407407407,,1,52.199999999999996,0,1.0
22,14,7,7,5,4.75,0.875,0.7216494845360826,75.42299566199198,4,283.2,2,0.0
35,21,9,12,5,6.25,0.6923076923076923,0.7086614173228347,73.09565711887285,7,381.6,1,0.0
37,14,7,7,2,4.25,0.875,0.8045977011494253,75.24791800572251,7,839.8000000000001,3,0.0
18,14,6,8,3,4.25,0.6666666666666666,0.6896551724137931,69.8225749294188,5,490.6,3,0.0
22,10,5,5,0,4.0,0.8333333333333334,0.6097560975609757,66.02863336893864,2,168.8,0,1.0
29,19,10,9,5,1.5,1.0,3.125,61.45331042876812,2,579.9,0,0.0
38,21,11,10,4,4.5,1.0,1.1956521739130437,65.37885878995336,4,394.70000000000005,4,0.0
38,21,5,16,1,4.75,0.29411764705882354,0.5154639175257733,57.88424944687022,3,144.9,1,0.0
42,16,7,9,4,4.0,0.7,0.853658536585366,54.233844183332366,5,301.3,2,0.0
38,6,3,3,0,2.0,0.75,0.7142857142857143,43.53232207435425,3,137.4,0,1.0
28,9,4,5,3,2.75,0.6666666666666666,0.7017543859649122,59.742407908364065,3,267.1,0,0.0
27,15,12,3,6,3.5,3.0,1.6666666666666665,56.16227931506555,1,177.29999999999998,3,0.0
28,14,6,8,4,4.25,0.6666666666666666,0.6896551724137931,64.7276403416563,7,228.6,1,0.0
34,9,3,6,0,5.5,0.42857142857142855,0.26785714285714285,67.55223300460817,5,462.4,5,1.0
37,10,8,2,2,2.0,2.6666666666666665,1.9047619047619047,62.78530234239935,3,189.0,1,0.0
27,13,9,4,4,5.25,1.8,0.8411214953271029,53.2074374811892,3,234.4,1,0.0
40,26,12,14,8,5.75,0.8,1.0256410256410258,63.403105017668175,4,379.4,5,0.0
18,15,8,7,6,2.0,1.0,1.9047619047619047,45.6776408189069,2,346.4,2,0.0
39,16,7,9,3,2.0,0.7,1.6666666666666665,51.507411042243554,2,232.1,2,0.0
35,17,10,7,6,2.75,1.25,1.7543859649122806,79.7994380502039,5,201.5,3,0.0
30,6,4,2,0,1.5,1.3333333333333333,1.25,45.67764289762968,1,172.8,1,1.0
26,11,6,5,3,3.75,1.0,0.7792207792207793,57.3476310303074,2,241.0,1,0.0
26,9,4,5,3,2.5,0.6666666666666666,0.7692307692307692,58.066646292006084,1,238.20000000000002,1,0.0
26,5,4,1,3,0.25,2.0,5.714285714285714,40.8167361483197,0,156.4,3,0.0
43,21,13,8,4,6.0,1.4444444444444444,1.0655737704918034,86.985564800533,8,307.1,3,0.0
16,17,11,6,5,2.75,1.5714285714285714,1.9298245614035088,83.03307637928867,5,315.0,2,0.0
34,26,11,15,5,4.0,0.6875,1.3414634146341464,86.6909696514251,7,431.2,4,0.0
44,14,8,6,4,1.75,1.1428571428571428,2.162162162162162,62.11273764769199,3,270.4,3,0.0
34,8,4,4,3,3.5,0.8,0.5555555555555556,58.3433993888167,7,228.79999999999998,2,0.0
33,9,7,2,1,1.25,2.3333333333333335,2.5925925925925926,46.743477185611155,3,133.5,0,0.0
34,13,6,7,3,3.75,0.75,0.7792207792207793,59.21577945264602,4,228.4,1,0.0
42,19,11,8,8,5.0,1.2222222222222223,1.0784313725490198,61.392329161227885,3,288.90000000000003,1,0.0
36,16,8,8,3,4.0,0.8888888888888888,0.9756097560975611,64.55317145485537,6,204.7,2,0.0
40,16,7,9,3,2.25,0.7,1.4893617021276595,70.68992366326032,2,119.80000000000001,2,0.0
41,14,5,9,3,2.5,0.5,0.9615384615384615,55.12022964503884,5,181.0,2,0.0
40,5,3,2,2,2.5,1.0,0.5769230769230769,48.95982048532018,0,172.3,0,0.0
35,11,2,9,0,2.25,0.2,0.425531914893617,49.92537953183629,0,94.6,0,1.0
38,11,7,4,3,4.0,1.4,0.853658536585366,58.06398463621446,6,298.3,0,0.0
36,13,6,7,5,4.75,0.75,0.6185567010309279,61.718638171016465,5,447.5,4,0.0
41,11,4,7,1,4.75,0.5,0.4123711340206186,55.752015524192,3,235.6,1,0.0
34,5,2,3,2,3.25,0.5,0.29850746268656714,51.385796001064136,2,215.7,0,0.0
31,12,8,4,6,3.5,1.6,1.1111111111111112,63.55603449407382,3,230.8,3,0.0
41,11,9,2,6,2.75,3.0,1.5789473684210527,54.04888282426677,5,180.7,5,0.0
38,6,2,4,1,5.5,0.4,0.17857142857142858,62.29743178657253,5,415.40000000000003,3,0.0
18,14,8,6,4,5.5,1.1428571428571428,0.7142857142857143,68.51434547375625,5,565.6,2,0.0
41,17,10,7,6,3.0,1.25,1.6129032258064515,45.03905577908837,2,138.1,1,0.0
43,21,9,12,3,6.75,0.6923076923076923,0.6569343065693432,82.53545046606011,8,335.0,4,0.0
27,21,8,13,5,5.5,0.5714285714285714,0.7142857142857143,61.393499034353816,6,677.3000000000001,1,0.0
28,13,8,5,6,3.5,1.3333333333333333,1.1111111111111112,64.22044576091952,4,237.6,2,0.0
38,13,7,6,4,6.25,1.0,0.5511811023622047,68.67757259834288,3,332.6,0,0.0
28,15,11,4,5,3.0,2.2,1.7741935483870968,48.428922543668016,4,283.2,2,0.0
34,19,10,9,1,7.0,1.0,0.7042253521126761,71.18127547953927,7,343.5,3,0.0
43,15,11,4,4,3.25,2.2,1.6417910447761193,87.33162357338142,6,378.4,3,0.0
23,16,5,11,1,4.25,0.4166666666666667,0.574712643678161,77.23421243896468,4,219.6,1,0.0
27,11,8,3,3,2.0,2.0,1.9047619047619047,57.25101772063909,4,162.29999999999998,0,0.0
25,9,8,1,1,2.5,4.0,1.5384615384615383,54.26543984739841,4,142.4,2,0.0
24,25,15,10,5,6.25,1.3636363636363635,1.1811023622047245,75.98689530032186,5,816.8,8,0.0
35,4,2,2,0,0.5,0.6666666666666666,1.6666666666666667,43.63731838264974,0,43.8,0,1.0
26,11,7,4,4,3.5,1.4,0.9722222222222222,69.1960843703637,3,186.0,1,0.0
34,4,1,3,1,1.25,0.25,0.37037037037037035,41.03054565186575,1,80.4,0,0.0
16,6,1,5,1,1.75,0.16666666666666666,0.27027027027027023,44.5987274937057,0,109.8,1,0.0
35,15,5,10,2,3.75,0.45454545454545453,0.6493506493506493,61.216940828223045,4,385.1,3,0.0
19,6,4,2,2,1.5,1.3333333333333333,1.25,52.170616062072085,2,160.29999999999998,2,0.0
26,9,5,4,4,3.0,1.0,0.8064516129032258,56.45589026862612,3,198.5,2,0.0
41,8,2,6,1,3.25,0.2857142857142857,0.29850746268656714,70.54254317611196,4,422.09999999999997,2,0.0
25,15,7,8,3,4.25,0.7777777777777778,0.8045977011494253,61.12347232946005,6,157.5,2,0.0
42,16,8,8,5,4.75,0.8888888888888888,0.8247422680412372,64.92748863794625,6,232.6,1,0.0
43,19,9,10,5,2.5,0.8181818181818182,1.7307692307692306,77.46259635556794,2,192.1,1,0.0
42,6,4,2,1,1.75,1.3333333333333333,1.081081081081081,40.7740264660037,2,159.20000000000002,1,0.0
27,11,7,4,3,2.5,1.4,1.346153846153846,53.65286242422731,4,228.0,2,0.0
25,21,8,13,6,5.0,0.5714285714285714,0.7843137254901962,74.16169416329004,7,385.70000000000005,1,0.0
33,21,11,10,6,6.75,1.0,0.8029197080291971,67.63731787763882,6,460.90000000000003,7,0.0
39,15,6,9,3,4.5,0.6,0.6521739130434783,70.54475204736737,5,388.7,2,0.0
31,11,7,4,4,3.0,1.4,1.129032258064516,63.84890492284361,4,445.8,1,0.0
37,11,4,7,1,5.0,0.5,0.3921568627450981,58.92936290715063,5,292.7,0,0.0
41,11,6,5,4,3.75,1.0,0.7792207792207793,58.70318633976871,3,401.8,0,0.0
37,15,6,9,2,1.75,0.6,1.6216216216216215,56.28243211465505,4,276.2,1,0.0
26,24,9,15,3,4.25,0.5625,1.0344827586206897,84.74253032318333,6,373.1,3,0.0
23,7,4,3,1,0.75,1.0,2.3529411764705883,38.43880248866216,0,109.6,1,0.0
28,6,1,5,0,3.0,0.16666666666666666,0.16129032258064516,53.16565447347027,2,135.0,0,1.0
32,13,7,6,3,4.0,1.0,0.853658536585366,56.319409216750934,4,149.1,2,0.0
40,19,7,12,4,4.75,0.5384615384615384,0.7216494845360826,76.45385632006467,7,499.59999999999997,5,0.0
24,9,6,3,4,3.75,1.5,0.7792207792207793,56.81616651167569,3,181.5,2,0.0
20,22,9,13,4,3.25,0.6428571428571429,1.3432835820895521,78.42982523944988,7,365.20000000000005,3,0.0
25,13,6,7,5,4.25,0.75,0.6896551724137931,70.10782837880805,4,151.7,1,0.0
33,13,8,5,6,1.5,1.3333333333333333,2.5,61.62681520886336,3,161.2,1,0.0
22,21,12,9,6,2.75,1.2,2.1052631578947367,56.635859691328164,4,333.1,4,0.0
27,17,9,8,5,4.0,1.0,1.0975609756097562,71.72580467502938,4,209.5,4,0.0
23,16,8,8,3,4.75,0.8888888888888888,0.8247422680412372,61.592081803584236,5,411.1,3,0.0
30,19,10,9,5,5.0,1.0,0.9803921568627452,77.85200568286123,5,331.6,4,0.0
31,18,6,12,2,2.75,0.46153846153846156,1.0526315789473684,73.75597623859028,7,377.7,1,0.0
16,6,2,4,1,3.25,0.4,0.29850746268656714,79.28659042295655,5,327.4,4,0.0
23,17,11,6,7,3.75,1.5714285714285714,1.4285714285714286,69.32341743095347,4,251.6,2,0.0
40,14,6,8,5,4.25,0.6666666666666666,0.6896551724137931,62.941400014831444,7,461.0,3,0.0
30,3,1,2,0,3.25,0.3333333333333333,0.14925373134328357,,0,99.0,2,1.0
36,18,7,11,2,2.25,0.5833333333333334,1.4893617021276595,64.34675748039055,3,167.4,2,0.0
38,11,5,6,3,2.75,0.7142857142857143,0.8771929824561403,50.59331185465977,5,167.4,2,0.0
32,23,15,8,7,5.25,1.6666666666666667,1.4018691588785048,69.61866221749426,6,421.20000000000005,1,0.0
32,3,2,1,2,1.25,1.0,0.7407407407407407,41.36239880864548,1,71.5,0,0.0
20,19,8,11,3,5.5,0.6666666666666666,0.7142857142857143,51.391381784828106,4,218.0,2,0.0
24,21,12,9,10,4.0,1.2,1.4634146341463417,78.02701937993439,7,473.3,2,0.0
34,8,2,6,2,2.5,0.2857142857142857,0.3846153846153846,52.08804015749821,4,226.8,1,0.0
28,11,3,8,0,7.0,0.3333333333333333,0.21126760563380284,75.19506615303192,4,352.0,0,1.0
33,7,2,5,0,1.5,0.3333333333333333,0.625,68.20872684181079,2,133.0,1,1.0
35,24,13,11,7,5.25,1.0833333333333333,1.2149532710280375,84.01629330978766,7,404.9,2,0.0
23,14,10,4,5,2.25,2.0,2.127659574468085,56.93140730958746,3,214.0,2,0.0
34,3,2,1,1,1.75,1.0,0.5405405405405405,51.785459611954245,1,84.8,0,0.0
24,24,12,12,5,6.0,0.9230769230769231,0.9836065573770493,69.37711289102742,4,476.8,2,0.0
23,8,6,2,1,2.5,2.0,1.1538461538461537,56.84502816693172,3,289.0,2,0.0
33,25,10,15,7,3.5,0.625,1.3888888888888888,56.12534451408744,6,355.5,5,0.0
34,14,6,8,4,3.5,0.6666666666666666,0.8333333333333333,55.647311793693326,5,354.0,3,0.0
23,19,13,6,8,5.75,1.8571428571428572,1.1111111111111112,68.50646446047975,5,350.0,2,0.0
17,23,12,11,7,4.5,1.0,1.3043478260869565,62.53880505666416,7,420.4,3,0.0
38,21,10,11,7,2.5,0.8333333333333334,1.923076923076923,57.64319674041305,4,139.8,2,0.0
27,14,8,6,2,3.25,1.1428571428571428,1.1940298507462686,63.00973792110354,6,234.5,3,0.0
34,19,11,8,4,7.25,1.2222222222222223,0.7482993197278912,74.96743099834391,7,310.6,1,0.0
21,12,5,7,3,1.25,0.625,1.8518518518518516,61.63687797392702,5,234.3,2,0.0
25,7,6,1,2,3.0,3.0,0.9677419354838709,50.87504650899393,2,268.5,1,0.0
19,19,9,10,5,2.0,0.8181818181818182,2.142857142857143,62.523278427728705,3,250.3,4,0.0
25,2,2,0,0,0.75,2.0,1.1764705882352942,36.10274100468619,0,57.599999999999994,0,1.0
36,11,6,5,4,1.5,1.0,1.875,62.613164421999386,4,124.10000000000001,2,0.0
26,24,15,9,9,5.0,1.5,1.4705882352941178,82.73564848748707,6,391.6,10,0.0
32,16,9,7,4,5.5,1.125,0.8035714285714286,52.342184207567975,7,322.8,1,0.0
36,11,4,7,2,5.5,0.5,0.35714285714285715,61.57214792404245,5,158.9,3,0.0
33,11,6,5,3,2.75,1.0,1.0526315789473684,50.525835606564016,2,121.3,0,0.0
27,16,2,14,1,7.75,0.13333333333333333,0.12738853503184713,69.94714574139478,6,369.2,3,0.0
16,21,8,13,2,4.0,0.5714285714285714,0.9756097560975611,61.47473481264725,6,431.20000000000005,4,0.0
22,9,5,4,2,5.5,1.0,0.44642857142857145,55.23294804229111,4,524.8,2,0.0
17,18,11,7,6,3.0,1.375,1.7741935483870968,66.60135750453793,5,583.6999999999999,3,0.0
29,16,6,10,2,4.0,0.5454545454545454,0.7317073170731708,66.56320160108017,6,416.7,3,0.0
24,17,9,8,4,3.5,1.0,1.25,62.72460381659903,5,461.3,3,0.0
18,11,6,5,3,3.5,1.0,0.8333333333333333,54.08503618045963,4,138.3,1,0.0
33,21,13,8,6,3.0,1.4444444444444444,2.096774193548387,75.94918443322541,8,262.0,3,0.0
26,14,8,6,5,4.75,1.1428571428571428,0.8247422680412372,79.02472665772395,5,200.6,2,0.0
43,25,12,13,4,4.25,0.8571428571428571,1.3793103448275863,69.27361438217117,5,535.0,3,0.0
28,11,6,5,2,3.25,1.0,0.8955223880597015,55.194793511930094,4,292.8,2,0.0
36,9,3,6,1,2.75,0.42857142857142855,0.5263157894736842,67.22251122950708,5,406.7,3,0.0
42,22,9,13,3,4.5,0.6428571428571429,0.9782608695652175,76.52579210475933,6,256.3,5,0.0
36,12,6,6,4,4.0,0.8571428571428571,0.7317073170731708,81.17802464209282,6,419.5,2,0.0
26,16,10,6,7,4.5,1.4285714285714286,1.0869565217391306,58.062828807253176,6,320.4,4,0.0
39,12,8,4,7,3.75,1.6,1.0389610389610389,48.49121006196214,4,228.5,2,0.0
30,10,3,7,2,4.0,0.375,0.3658536585365854,52.67225479232766,2,226.1,0,0.0
39,14,9,5,5,5.75,1.5,0.7692307692307693,66.38438623109798,2,541.2,2,0.0
30,17,8,9,4,3.75,0.8,1.0389610389610389,75.96008850679821,3,277.5,2,0.0
41,7,3,4,1,3.0,0.6,0.48387096774193544,55.178599936788636,0,75.4,1,0.0
16,6,1,5,0,1.25,0.16666666666666666,0.37037037037037035,65.36898062696645,2,177.6,3,1.0
39,12,4,8,3,5.75,0.4444444444444444,0.3418803418803419,60.77480213334103,6,346.2,2,0.0
44,17,9,8,4,3.0,1.0,1.4516129032258065,63.02944317528881,6,392.2,2,0.0
17,17,7,10,3,5.25,0.6363636363636364,0.6542056074766356,81.02679478241205,8,738.4,3,0.0
24,5,1,4,0,5.0,0.2,0.09803921568627452,65.61298235170466,3,74.7,0,1.0
40,3,2,1,1,3.5,1.0,0.2777777777777778,63.73393813042343,3,183.0,0,0.0
19,7,4,3,4,2.75,1.0,0.7017543859649122,43.66681522699972,0,72.1,0,0.0
18,26,18,8,4,5.0,2.0,1.7647058823529413,84.52724846916635,8,448.8,2,0.0
38,16,8,8,4,6.75,0.8888888888888888,0.5839416058394161,55.94523762356018,6,501.0,1,0.0
25,20,10,10,2,3.5,0.9090909090909091,1.3888888888888888,77.47685652258183,5,330.1,3,0.0
35,14,8,6,3,3.5,1.1428571428571428,1.1111111111111112,64.19711489025849,3,151.9,1,0.0
27,7,2,5,1,3.25,0.3333333333333333,0.29850746268656714,66.24915654413384,3,161.8,1,0.0
16,18,11,7,6,3.0,1.375,1.7741935483870968,60.30770951378838,4,250.5,1,0.0
22,3,1,2,1,3.0,0.3333333333333333,0.16129032258064516,40.71857998785002,3,165.2,0,0.0
42,10,3,7,1,4.5,0.375,0.32608695652173914,76.07813345691338,7,295.5,1,0.0
17,5,1,4,1,1.5,0.2,0.3125,35.435598335842144,3,115.19999999999999,2,0.0
28,4,2,2,1,0.5,0.6666666666666666,1.6666666666666667,46.8731802865374,2,62.0,0,0.0
26,21,12,9,4,4.0,1.2,1.4634146341463417,70.23619339959512,6,245.8,2,0.0
37,8,3,5,1,2.0,0.5,0.7142857142857143,57.13760329102997,1,182.1,1,0.0
25,20,11,9,6,4.5,1.1,1.1956521739130437,61.144020784809264,6,393.3,3,0.0
38,11,6,5,4,2.5,1.0,1.1538461538461537,69.03512807109031,3,110.5,4,0.0
43,22,11,11,7,5.0,0.9166666666666666,1.0784313725490198,46.10133970088773,3,190.0,0,0.0
39,12,6,6,2,2.0,0.8571428571428571,1.4285714285714286,67.83311716018157,5,216.7,0,0.0
37,9,5,4,3,3.5,1.0,0.6944444444444444,63.31167195639482,4,367.2,1,0.0
26,21,13,8,7,5.25,1.4444444444444444,1.2149532710280375,63.648134934185094,6,311.0,5,0.0
19,27,13,14,5,6.25,0.8666666666666667,1.0236220472440944,86.08766239991196,6,549.0,4,0.0
30,17,9,8,3,7.25,1.0,0.6122448979591837,89.2304331181354,6,197.8,3,0.0
19,6,3,3,0,2.25,0.75,0.6382978723404255,55.36983222867847,2,186.9,0,1.0
30,4,3,1,1,1.0,1.5,1.3636363636363635,60.70559522272937,0,96.5,0,0.0
41,18,4,14,3,4.0,0.26666666666666666,0.48780487804878053,77.01088572047016,6,497.3,1,0.0
17,11,5,6,2,3.25,0.7142857142857143,0.7462686567164178,71.3442422342803,3,304.7,1,0.0
36,7,3,4,1,3.0,0.6,0.48387096774193544,53.524232012703216,4,233.9,1,0.0
33,12,5,7,2,1.75,0.625,1.3513513513513513,76.04102141858495,4,338.0,0,0.0
30,20,12,8,6,5.5,1.3333333333333333,1.0714285714285714,67.17093533737598,5,486.6,2,0.0
26,12,4,8,1,3.0,0.4444444444444444,0.6451612903225806,61.078830952334826,2,209.4,6,0.0
19,26,13,13,7,2.75,0.9285714285714286,2.280701754385965,59.27771754123747,2,534.4000000000001,7,0.0
38,6,3,3,0,1.25,0.75,1.111111111111111,54.677611538841866,4,223.6,0,1.0
43,27,14,13,9,3.75,1.0,1.8181818181818181,63.56071986070739,5,192.7,0,0.0
26,6,2,4,1,1.5,0.4,0.625,57.76458016144062,1,185.1,0,0.0
23,11,6,5,4,3.0,1.0,0.9677419354838709,60.199393253206814,4,185.0,3,0.0
40,18,8,10,4,6.25,0.7272727272727273,0.6299212598425197,74.95729785959212,8,989.1,2,0.0
30,3,1,2,1,2.25,0.3333333333333333,0.2127659574468085,51.72621252995631,3,246.6,3,0.0
32,13,7,6,4,4.5,1.0,0.7608695652173914,80.30368853419083,7,493.3,2,0.0
33,11,5,6,2,5.25,0.7142857142857143,0.4672897196261683,56.91122891724267,5,224.5,0,0.0
37,22,11,11,6,4.25,0.9166666666666666,1.264367816091954,72.55864609199622,5,415.1,1,0.0
26,6,4,2,1,2.25,1.3333333333333333,0.851063829787234,67.02511468567485,2,221.1,2,0.0
31,26,16,10,7,6.25,1.4545454545454546,1.2598425196850394,73.82533824145062,6,270.3,5,0.0
21,16,7,9,5,7.5,0.7,0.46052631578947373,82.1534393008122,6,660.9,2,0.0
32,20,9,11,8,5.0,0.75,0.8823529411764707,77.00688691629337,4,629.8,0,0.0
20,4,1,3,0,1.25,0.25,0.37037037037037035,53.39507060944629,2,100.0,0,1.0
43,8,1,7,0,3.25,0.125,0.14925373134328357,51.28290535624722,3,226.2,2,1.0
24,18,8,10,4,2.0,0.7272727272727273,1.9047619047619047,59.18530567975853,3,445.2,1,0.0
21,19,10,9,7,3.25,1.0,1.4925373134328357,70.5533608802063,4,100.1,2,0.0
18,18,4,14,2,3.25,0.26666666666666666,0.5970149253731343,66.76549491251988,4,239.8,1,0.0
29,8,7,1,5,5.5,3.5,0.625,75.96931329345021,2,263.2,1,0.0
20,21,14,7,8,2.75,1.75,2.456140350877193,67.13800131037138,4,229.9,0,0.0
21,10,6,4,0,2.5,1.2,1.1538461538461537,55.358241581952235,5,256.0,0,1.0
33,13,6,7,4,3.25,0.75,0.8955223880597015,60.30315737172852,3,278.8,1,0.0
19,22,12,10,3,4.0,1.0909090909090908,1.4634146341463417,71.3579255752658,5,287.9,2,0.0
26,25,11,14,5,5.75,0.7333333333333333,0.9401709401709403,77.96910599488213,6,545.0,4,0.0
33,16,9,7,1,3.25,1.125,1.3432835820895521,69.84450811677456,6,362.9,4,0.0
27,6,1,5,0,3.5,0.16666666666666666,0.1388888888888889,52.88014531931185,1,87.1,2,1.0
39,18,12,6,6,3.25,1.7142857142857142,1.791044776119403,74.11948257011456,3,158.0,2,0.0
35,16,7,9,1,3.25,0.7,1.044776119402985,68.68845504510898,5,323.8,1,0.0
19,7,5,2,1,0.75,1.6666666666666667,2.9411764705882355,57.18053300293283,1,116.80000000000001,0,0.0
39,19,9,10,2,5.0,0.8181818181818182,0.8823529411764707,74.96365427074676,5,312.8,2,0.0
42,7,2,5,1,3.5,0.3333333333333333,0.2777777777777778,57.65255626134728,5,53.4,1,0.0
21,23,9,14,6,5.75,0.6,0.7692307692307693,63.37098538536391,5,261.0,2,0.0
28,18,10,8,3,5.25,1.1111111111111112,0.9345794392523366,69.43088170563232,7,569.3,6,0.0
29,11,6,5,4,3.75,1.0,0.7792207792207793,64.90554181389062,5,311.5,1,0.0
41,15,5,10,4,4.25,0.45454545454545453,0.574712643678161,71.67111634344663,5,328.9,1,0.0
26,12,7,5,1,4.25,1.1666666666666667,0.8045977011494253,70.41007165786735,6,146.29999999999998,1,0.0
24,10,6,4,3,2.75,1.2,1.0526315789473684,59.309229459102255,2,132.7,1,0.0
32,3,1,2,0,0.75,0.3333333333333333,0.5882352941176471,35.183808305661195,0,36.199999999999996,0,1.0
20,23,8,15,8,4.75,0.5,0.8247422680412372,65.37115124811133,8,303.8,3,0.0
43,21,12,9,6,3.5,1.2,1.6666666666666665,61.74305610807932,6,242.9,3,0.0
20,18,9,9,5,3.75,0.9,1.1688311688311688,85.28619726078423,7,247.5,2,0.0
18,19,7,12,3,4.0,0.5384615384615384,0.853658536585366,75.95603429399495,8,553.0,1,0.0
25,20,12,8,6,3.0,1.3333333333333333,1.9354838709677418,62.32714913134081,5,197.0,1,0.0
21,24,16,8,7,6.75,1.7777777777777777,1.1678832116788322,83.84008263382626,7,654.4,1,0.0
21,21,13,8,8,3.5,1.4444444444444444,1.8055555555555556,55.760172458281296,4,254.3,2,0.0
29,12,5,7,3,2.75,0.625,0.8771929824561403,57.2033710370125,2,407.3,1,0.0
26,18,7,11,4,5.0,0.5833333333333334,0.6862745098039216,76.53588455264583,6,308.2,2,0.0
30,20,8,12,4,6.25,0.6153846153846154,0.6299212598425197,85.88528584875348,6,380.1,6,0.0
32,20,10,10,4,4.75,0.9090909090909091,1.0309278350515465,79.31543057325732,6,470.5,2,0.0
30,25,13,12,5,3.25,1.0,1.9402985074626866,81.91227879796875,5,452.1,4,0.0
42,19,10,9,3,3.75,1.0,1.2987012987012987,78.50137475718479,3,437.0,7,0.0
36,18,10,8,6,5.0,1.1111111111111112,0.9803921568627452,72.15009476149412,2,221.9,2,0.0
42,21,13,8,8,3.5,1.4444444444444444,1.8055555555555556,75.43958663320302,7,287.2,4,0.0
42,18,11,7,7,4.25,1.375,1.264367816091954,72.20660812056853,7,332.6,4,0.0
32,18,10,8,7,6.25,1.1111111111111112,0.7874015748031497,71.68659091959299,5,274.40000000000003,1,0.0
41,10,6,4,2,1.25,1.2,2.222222222222222,54.91927314596868,2,179.3,0,0.0
41,17,11,6,6,3.0,1.5714285714285714,1.7741935483870968,65.0140475216249,4,462.3,0,0.0
34,13,6,7,3,5.75,0.75,0.5128205128205129,61.208609329718264,5,334.5,2,0.0
29,13,9,4,7,3.25,1.8,1.3432835820895521,60.82752717269802,3,278.3,1,0.0
22,28,11,17,4,5.0,0.6111111111111112,1.0784313725490198,82.65261215971282,6,458.59999999999997,3,0.0
20,10,4,6,3,2.0,0.5714285714285714,0.9523809523809523,62.22550084463498,3,222.70000000000002,1,0.0
24,14,5,9,3,2.5,0.5,0.9615384615384615,54.94075340873684,2,316.7,2,0.0
37,10,6,4,3,1.0,1.2,2.727272727272727,77.62056469815465,1,135.70000000000002,3,0.0
29,11,5,6,3,2.75,0.7142857142857143,0.8771929824561403,61.231628193521914,4,266.8,2,0.0
27,15,10,5,4,3.5,1.6666666666666667,1.3888888888888888,65.36006483210375,5,276.0,2,0.0
32,5,1,4,0,2.5,0.2,0.1923076923076923,52.996911766268184,2,113.2,1,1.0
34,7,2,5,1,2.5,0.3333333333333333,0.3846153846153846,47.56518031989508,3,191.2,1,0.0
25,31,16,15,6,4.0,1.0,1.9512195121951221,75.40588646232565,7,248.3,4,0.0
18,19,9,10,6,6.25,0.8181818181818182,0.7086614173228347,73.27187048336062,6,246.29999999999998,1,0.0
36,14,4,10,2,4.25,0.36363636363636365,0.4597701149425288,73.95986576501856,4,342.8,3,0.0
32,8,4,4,3,5.0,0.8,0.3921568627450981,67.94301360334994,6,298.3,2,0.0
30,24,13,11,4,6.0,1.0833333333333333,1.0655737704918034,68.8733085159606,5,722.4,1,0.0
43,10,5,5,2,5.5,0.8333333333333334,0.44642857142857145,61.12758626825088,3,274.3,7,0.0
18,14,8,6,6,4.25,1.1428571428571428,0.9195402298850576,63.493824258530026,7,280.0,0,0.0
41,2,1,1,1,1.25,0.5,0.37037037037037035,48.11243297511212,1,109.3,0,0.0
31,20,8,12,2,2.75,0.6153846153846154,1.4035087719298245,59.81332349519182,5,306.79999999999995,6,0.0
29,5,3,2,2,2.0,1.0,0.7142857142857143,51.22589756389369,2,98.4,1,0.0
44,17,10,7,4,2.25,1.25,2.127659574468085,76.97410068636107,5,260.8,1,0.0
29,22,12,10,3,4.25,1.0909090909090908,1.3793103448275863,61.02726396366286,7,257.0,5,0.0
38,6,4,2,1,0.75,1.3333333333333333,2.3529411764705883,51.569918113412164,3,71.6,0,0.0
26,10,2,8,1,4.25,0.2222222222222222,0.2298850574712644,78.44167282907432,5,130.9,0,0.0
27,20,9,11,8,4.5,0.75,0.9782608695652175,76.09704947051111,6,336.1,2,0.0
35,3,2,1,0,1.75,1.0,0.5405405405405405,59.528992998672,3,207.6,0,1.0
27,16,6,10,4,4.0,0.5454545454545454,0.7317073170731708,58.03688020652231,3,251.0,0,0.0
16,2,1,1,1,2.5,0.5,0.1923076923076923,54.52063799922364,4,165.1,1,0.0
21,24,7,17,4,7.0,0.3888888888888889,0.49295774647887325,76.3320846259579,5,357.3,4,0.0
26,30,14,16,7,6.75,0.8235294117647058,1.0218978102189782,75.20688636710187,7,287.7,3,0.0
18,15,8,7,5,5.75,1.0,0.6837606837606838,70.97417664122239,6,498.90000000000003,4,0.0
43,15,6,9,1,6.5,0.6,0.4545454545454546,71.22614615021669,5,263.3,1,0.0
44,7,4,3,3,1.5,1.0,1.25,44.81598688096479,1,155.2,2,0.0
34,21,6,15,3,4.75,0.375,0.6185567010309279,73.35506707714674,6,130.2,3,0.0
37,10,4,6,3,0.75,0.5714285714285714,2.3529411764705883,41.25664902412248,4,122.0,3,0.0
17,28,14,14,5,5.75,0.9333333333333333,1.1965811965811965,84.19318364579401,7,519.8,6,0.0
24,10,3,7,2,4.75,0.375,0.30927835051546393,75.30949948721168,1,397.5,1,0.0
32,11,5,6,3,2.75,0.7142857142857143,0.8771929824561403,66.64734303056012,3,355.6,2,0.0
31,15,8,7,4,5.0,1.0,0.7843137254901962,67.12047520029076,3,129.5,2,0.0
16,5,1,4,0,2.25,0.2,0.2127659574468085,65.23298071987269,2,355.3,1,1.0
33,18,9,9,4,3.5,0.9,1.25,67.46736539664596,7,430.3,3,0.0
28,32,15,17,13,6.0,0.8333333333333334,1.2295081967213115,73.69608281355819,6,282.4,3,0.0
28,11,6,5,3,4.25,1.0,0.6896551724137931,72.32539848765609,6,268.4,1,0.0
35,14,12,2,9,3.25,4.0,1.791044776119403,53.81444459843912,3,291.8,3,0.0
44,3,1,2,0,0.5,0.3333333333333333,0.8333333333333334,42.28207106954733,0,77.6,0,1.0
38,7,1,6,0,4.0,0.14285714285714285,0.12195121951219513,51.25635247039085,4,170.3,2,1.0
35,13,7,6,2,4.0,1.0,0.853658536585366,48.28372324992357,5,267.5,2,0.0
16,3,1,2,0,1.5,0.3333333333333333,0.3125,36.48045859263841,1,35.6,0,1.0
30,17,7,10,4,4.5,0.6363636363636364,0.7608695652173914,70.33642431328616,5,323.2,4,0.0
43,8,4,4,4,1.5,0.8,1.25,47.67462929806677,1,43.4,0,0.0
27,7,3,4,1,1.75,0.6,0.8108108108108107,58.060653668326985,2,102.89999999999999,0,0.0
31,13,9,4,7,3.5,1.8,1.25,67.99792754316248,5,313.6,3,0.0
25,17,9,8,8,4.0,1.0,1.0975609756097562,53.655450818602134,4,282.8,3,0.0
25,12,4,8,2,6.75,0.4444444444444444,0.29197080291970806,73.19754489104432,6,816.3,4,0.0
32,7,3,4,1,2.0,0.6,0.7142857142857143,36.32912977841741,2,148.4,1,0.0
17,27,13,14,6,4.25,0.8666666666666667,1.4942528735632186,82.52041414520478,6,406.3,2,0.0
41,8,4,4,3,2.75,0.8,0.7017543859649122,34.326924597567235,1,263.2,1,0.0
29,15,9,6,6,3.25,1.2857142857142858,1.3432835820895521,61.06393642683812,3,500.6,4,0.0
38,3,1,2,0,1.25,0.3333333333333333,0.37037037037037035,49.61673260940816,3,100.39999999999999,1,1.0
28,12,10,2,4,4.0,3.3333333333333335,1.2195121951219514,66.32504753049298,4,159.1,3,0.0
28,9,5,4,2,3.0,1.0,0.8064516129032258,47.434103995446314,2,171.7,2,0.0
29,20,11,9,6,4.25,1.1,1.264367816091954,77.81818334805901,5,455.9,2,0.0
40,18,11,7,8,3.0,1.375,1.7741935483870968,78.65566353420881,5,314.6,4,0.0
30,8,4,4,2,1.5,0.8,1.25,44.63437584710551,2,94.1,1,0.0
33,8,1,7,0,3.75,0.125,0.12987012987012986,40.07390269342339,0,23.7,2,1.0
36,10,5,5,1,3.5,0.8333333333333334,0.6944444444444444,63.18939463684424,2,262.6,3,0.0
41,15,10,5,6,3.75,1.6666666666666667,1.2987012987012987,65.27297055535821,5,249.29999999999998,2,0.0
38,7,4,3,3,3.0,1.0,0.6451612903225806,70.16832167540066,3,181.9,3,0.0
38,16,7,9,3,3.5,0.7,0.9722222222222222,89.60964271238217,6,460.1,4,0.0
29,10,5,5,2,3.0,0.8333333333333334,0.8064516129032258,51.17819388781499,3,187.0,3,0.0
25,17,11,6,7,4.0,1.5714285714285714,1.3414634146341464,56.34286861556064,4,246.7,1,0.0
32,12,7,5,4,6.5,1.1666666666666667,0.5303030303030303,80.94818399374428,7,336.40000000000003,1,0.0
36,7,4,3,2,3.0,1.0,0.6451612903225806,61.245290537616945,2,140.3,0,0.0
22,8,5,3,2,2.0,1.25,1.1904761904761905,43.20040951618043,2,278.1,0,0.0
16,20,9,11,5,5.5,0.75,0.8035714285714286,74.1848600597349,7,485.4,5,0.0
28,28,17,11,8,4.0,1.4166666666666667,2.073170731707317,68.2860349636338,6,699.4,3,0.0
38,9,4,5,1,5.0,0.6666666666666666,0.3921568627450981,70.5632568176728,2,269.4,2,0.0
36,24,16,8,8,5.75,1.7777777777777777,1.3675213675213675,79.46349068536908,6,617.6999999999999,2,0.0
41,9,3,6,1,3.0,0.42857142857142855,0.48387096774193544,56.64454415800918,3,216.0,2,0.0
40,9,1,8,0,2.75,0.1111111111111111,0.17543859649122806,43.9830149015797,3,230.70000000000002,2,1.0
28,8,1,7,1,5.75,0.125,0.08547008547008547,71.0832699070152,2,219.2,0,0.0
43,13,4,9,2,4.25,0.4,0.4597701149425288,72.39214964769549,6,576.3,2,0.0
42,17,11,6,9,4.0,1.5714285714285714,1.3414634146341464,64.40110343881705,4,402.40000000000003,0,0.0
40,26,17,9,7,3.5,1.7,2.361111111111111,78.29125342501848,4,675.2,4,0.0
40,19,11,8,6,6.0,1.2222222222222223,0.9016393442622951,69.04749030755896,7,488.0,4,0.0
44,17,7,10,2,4.75,0.6363636363636364,0.7216494845360826,60.54031616925291,3,426.3,2,0.0
26,10,7,3,2,3.25,1.75,1.044776119402985,54.70670397707316,1,106.0,2,0.0
34,13,2,11,0,3.75,0.16666666666666666,0.2597402597402597,47.72772702615271,1,112.5,0,1.0
39,14,7,7,4,4.0,0.875,0.853658536585366,24.334754072821596,2,402.8,4,0.0
22,11,2,9,0,4.5,0.2,0.2173913043478261,52.00875313267119,3,142.8,0,1.0
22,7,5,2,2,1.0,1.6666666666666667,2.2727272727272725,48.50359434989904,3,153.9,0,0.0
26,13,7,6,4,5.25,1.0,0.6542056074766356,66.73364642091029,3,192.7,4,0.0
37,17,6,11,2,3.0,0.5,0.9677419354838709,56.54866455458285,5,180.2,4,0.0
43,9,5,4,2,3.0,1.0,0.8064516129032258,60.04985376617743,4,322.2,4,0.0
20,14,8,6,5,4.25,1.1428571428571428,0.9195402298850576,65.86845747642315,3,396.6,2,0.0
25,17,11,6,1,3.5,1.5714285714285714,1.5277777777777777,61.39801536758603,5,205.0,1,0.0
42,20,9,11,4,4.25,0.75,1.0344827586206897,76.55735636911344,8,384.1,5,0.0
33,13,6,7,3,3.5,0.75,0.8333333333333333,61.53534363102398,3,236.9,4,0.0
26,17,10,7,5,3.75,1.25,1.2987012987012987,80.86143151781138,6,170.2,4,0.0
30,15,8,7,5,5.0,1.0,0.7843137254901962,58.271411741603956,1,194.0,2,0.0
33,14,7,7,1,2.75,0.875,1.2280701754385965,51.30592906560258,4,358.2,2,0.0
40,19,11,8,7,4.75,1.2222222222222223,1.1340206185567012,84.02524313232917,8,545.3,2,0.0
32,17,10,7,4,3.25,1.25,1.4925373134328357,80.45377613734834,5,132.2,5,0.0
43,26,14,12,5,4.25,1.0769230769230769,1.6091954022988506,68.89972902263347,6,441.90000000000003,3,0.0
37,11,6,5,3,6.5,1.0,0.4545454545454546,73.17041028519448,4,393.0,2,0.0
28,10,5,5,0,1.75,0.8333333333333334,1.3513513513513513,67.71241583436188,2,313.1,1,1.0
30,20,10,10,5,6.25,0.9090909090909091,0.7874015748031497,72.79639535892143,8,420.59999999999997,1,0.0
36,18,10,8,4,4.5,1.1111111111111112,1.0869565217391306,81.27733797670403,4,410.1,1,0.0
22,10,4,6,0,4.25,0.5714285714285714,0.4597701149425288,67.25784549772649,3,80.3,1,1.0
22,14,3,11,1,4.0,0.25,0.3658536585365854,67.99693993021558,3,242.8,1,0.0
24,20,9,11,4,5.25,0.75,0.8411214953271029,62.11260544584394,4,239.3,6,0.0
25,21,7,14,5,3.5,0.4666666666666667,0.9722222222222222,48.43524178465605,7,153.8,2,0.0
16,22,13,9,6,4.0,1.3,1.5853658536585367,75.54262515188177,8,290.7,1,0.0
23,10,7,3,6,3.0,1.75,1.129032258064516,71.67372284883037,3,136.9,0,0.0
28,9,3,6,2,1.5,0.42857142857142855,0.9375,47.73604101992296,2,116.1,0,0.0
41,24,16,8,7,5.5,1.7777777777777777,1.4285714285714286,66.86589504818723,6,662.3,3,0.0
20,12,6,6,2,2.25,0.8571428571428571,1.276595744680851,57.61858207000593,4,211.8,2,0.0
23,8,5,3,4,3.75,1.25,0.6493506493506493,60.50452602151737,3,367.0,1,0.0
43,15,9,6,4,4.0,1.2857142857142858,1.0975609756097562,50.90523182938553,5,275.4,5,0.0
38,16,5,11,5,4.5,0.4166666666666667,0.5434782608695653,77.99428827371334,6,477.0,3,0.0
44,8,2,6,0,4.0,0.2857142857142857,0.24390243902439027,69.41257691975724,2,169.20000000000002,1,1.0
42,13,5,8,2,4.0,0.5555555555555556,0.6097560975609757,36.879161098981925,1,154.2,1,0.0
33,10,7,3,1,2.5,1.75,1.346153846153846,60.83681839520865,3,99.8,3,0.0
20,11,7,4,5,2.0,1.4,1.6666666666666665,60.51566174321752,4,324.40000000000003,3,0.0
23,11,9,2,4,3.75,3.0,1.1688311688311688,67.13559742840617,4,531.9,3,0.0
25,10,4,6,2,2.25,0.5714285714285714,0.851063829787234,48.7571379068541,3,263.3,1,0.0
23,22,11,11,7,3.75,0.9166666666666666,1.4285714285714286,70.114452632042,7,518.8,2,0.0
44,8,6,2,4,3.0,2.0,0.9677419354838709,65.26165259513269,1,179.9,2,0.0
26,19,9,10,5,6.5,0.8181818181818182,0.6818181818181819,68.97404962369338,7,444.5,3,0.0
29,19,7,12,1,2.75,0.5384615384615384,1.2280701754385965,70.36111751201312,4,449.0,2,0.0
19,4,1,3,0,3.0,0.25,0.16129032258064516,64.01861161729924,2,225.60000000000002,2,1.0
44,14,6,8,3,3.5,0.6666666666666666,0.8333333333333333,62.601751705562684,5,165.1,3,0.0
22,19,9,10,5,5.0,0.8181818181818182,0.8823529411764707,74.90354251811405,6,296.7,1,0.0
19,5,1,4,0,4.0,0.2,0.12195121951219513,43.61540012017604,3,177.2,0,1.0
37,8,3,5,2,0.75,0.5,1.7647058823529411,63.14982425633561,1,116.6,1,0.0
16,10,4,6,3,4.0,0.5714285714285714,0.48780487804878053,71.73166992450602,7,197.2,4,0.0
16,21,13,8,8,5.0,1.4444444444444444,1.2745098039215688,80.26765149133537,5,498.2,1,0.0
40,7,6,1,1,1.75,3.0,1.6216216216216215,41.89375510923167,2,155.7,0,0.0
26,8,2,6,1,0.75,0.2857142857142857,1.1764705882352942,47.05921766141195,1,122.19999999999999,0,0.0
44,16,9,7,4,5.75,1.125,0.7692307692307693,75.89510431738667,7,515.2,0,0.0
27,22,10,12,5,4.75,0.7692307692307693,1.0309278350515465,83.49983558402674,8,487.5,2,0.0
37,13,5,8,3,3.25,0.5555555555555556,0.7462686567164178,65.96384974742693,5,296.5,2,0.0
23,6,1,5,0,1.75,0.16666666666666666,0.27027027027027023,62.409665567682985,1,166.3,1,1.0
23,9,2,7,0,3.75,0.25,0.2597402597402597,64.58915048804658,1,114.2,1,1.0
29,19,9,10,6,4.5,0.8181818181818182,0.9782608695652175,65.92417302137345,5,225.70000000000002,5,0.0
26,17,11,6,4,3.0,1.5714285714285714,1.7741935483870968,69.98399405155571,3,476.20000000000005,3,0.0
29,10,5,5,2,4.25,0.8333333333333334,0.574712643678161,71.3731739782082,3,245.4,3,0.0
23,21,7,14,2,5.0,0.4666666666666667,0.6862745098039216,71.38373833941738,5,437.90000000000003,3,0.0
43,4,1,3,1,2.0,0.25,0.23809523809523808,47.039754843910224,0,84.89999999999999,0,0.0
25,25,9,16,4,6.5,0.5294117647058824,0.6818181818181819,75.32437515106245,6,273.9,7,0.0
35,7,3,4,0,3.0,0.6,0.48387096774193544,63.018734696236834,3,124.10000000000001,1,1.0
44,5,2,3,2,2.75,0.5,0.3508771929824561,51.22796023121455,4,150.9,2,0.0
23,25,12,13,6,3.75,0.8571428571428571,1.5584415584415585,66.73723228824132,4,558.8,3,0.0
22,15,9,6,5,4.25,1.2857142857142858,1.0344827586206897,57.59850255873897,6,217.7,2,0.0
17,6,3,3,2,1.5,0.75,0.9375,55.766004103091205,5,178.1,0,0.0
40,19,9,10,6,6.0,0.8181818181818182,0.7377049180327869,77.74116389025859,4,438.0,2,0.0
40,14,6,8,3,5.0,0.6666666666666666,0.5882352941176471,73.85645561694551,5,235.8,3,0.0
41,16,9,7,2,3.5,1.125,1.25,57.72569767628272,7,255.6,1,0.0
34,5,3,2,1,2.0,1.0,0.7142857142857143,36.88666694189767,0,116.3,0,0.0
44,14,8,6,5,3.0,1.1428571428571428,1.2903225806451613,52.94781482340932,4,217.5,2,0.0
43,12,7,5,6,5.0,1.1666666666666667,0.6862745098039216,67.48527591426878,5,349.90000000000003,3,0.0
34,17,10,7,5,3.0,1.25,1.6129032258064515,67.12902718710552,6,238.60000000000002,2,0.0
20,22,12,10,4,2.25,1.0909090909090908,2.553191489361702,58.61076380408475,5,515.8,2,0.0
41,24,7,17,6,6.5,0.3888888888888889,0.5303030303030303,71.90693109745702,6,202.9,7,0.0
33,17,6,11,5,4.0,0.5,0.7317073170731708,67.47788389217193,6,234.1,0,0.0
38,17,10,7,4,4.25,1.25,1.149425287356322,64.87913301555382,6,246.2,1,0.0
37,14,4,10,1,2.75,0.36363636363636365,0.7017543859649122,62.12882282130144,3,268.8,5,0.0
36,15,8,7,4,3.0,1.0,1.2903225806451613,68.2109124497688,1,307.4,4,0.0
32,14,8,6,2,3.0,1.1428571428571428,1.2903225806451613,48.12638676659911,2,202.1,1,0.0
42,23,11,12,3,4.0,0.8461538461538461,1.3414634146341464,62.13674967818318,6,427.6,7,0.0
26,15,9,6,5,2.5,1.2857142857142858,1.7307692307692306,40.189619205489365,4,432.5,3,0.0
33,6,2,4,1,1.0,0.4,0.9090909090909091,,2,128.8,1,0.0
39,11,5,6,3,4.5,0.7142857142857143,0.5434782608695653,67.42071637486586,6,485.6,2,0.0
38,16,6,10,3,3.75,0.5454545454545454,0.7792207792207793,72.15798652064099,5,510.20000000000005,3,0.0
36,25,12,13,6,6.75,0.8571428571428571,0.8759124087591241,85.85014514640264,8,313.0,8,0.0
23,19,9,10,5,6.0,0.8181818181818182,0.7377049180327869,67.2975500478691,4,440.8,4,0.0
22,10,3,7,1,1.25,0.375,1.111111111111111,47.040919527123876,0,139.7,1,0.0
41,6,2,4,0,2.25,0.4,0.425531914893617,59.205113118072006,5,271.8,3,1.0
27,14,7,7,3,4.75,0.875,0.7216494845360826,72.66545904252897,7,227.8,2,0.0
32,12,8,4,3,2.0,1.6,1.9047619047619047,66.75868424776058,4,247.2,0,0.0
44,10,4,6,3,3.0,0.5714285714285714,0.6451612903225806,73.76692135139432,1,273.7,2,0.0
24,11,5,6,4,6.75,0.7142857142857143,0.36496350364963503,73.78391814775068,5,326.6,0,0.0
31,5,1,4,0,4.75,0.2,0.10309278350515465,57.75976412933079,2,232.1,3,1.0
31,20,10,10,5,2.25,0.9090909090909091,2.127659574468085,63.12768778025865,4,322.0,1,0.0
37,22,9,13,5,5.5,0.6428571428571429,0.8035714285714286,73.53477300737521,7,218.1,4,0.0
27,22,10,12,4,5.0,0.7692307692307693,0.9803921568627452,83.44001326788026,7,667.1,2,0.0
26,10,9,1,1,4.25,4.5,1.0344827586206897,73.1644679218124,7,294.8,4,0.0
36,14,5,9,2,2.5,0.5,0.9615384615384615,62.270382775539474,5,422.0,0,0.0
22,9,3,6,1,3.5,0.42857142857142855,0.41666666666666663,63.8198713765151,5,324.59999999999997,3,0.0
41,10,6,4,1,3.25,1.2,0.8955223880597015,64.4444389744799,1,112.5,0,0.0
29,7,5,2,1,2.0,1.6666666666666667,1.1904761904761905,53.45418168082773,4,131.7,3,0.0
37,27,15,12,6,5.0,1.1538461538461537,1.4705882352941178,76.64601483884623,6,247.1,4,0.0
42,10,4,6,2,3.0,0.5714285714285714,0.6451612903225806,63.59269410865708,5,324.59999999999997,0,0.0
38,12,9,3,3,4.5,2.25,0.9782608695652175,77.22711461283006,4,281.0,4,0.0
24,13,8,5,4,4.25,1.3333333333333333,0.9195402298850576,57.853355772548234,6,409.2,2,0.0
20,23,8,15,3,3.75,0.5,1.0389610389610389,67.33606834565927,4,398.3,0,0.0
40,11,5,6,2,3.0,0.7142857142857143,0.8064516129032258,60.34706539204146,6,319.8,1,0.0
26,4,1,3,0,0.25,0.25,1.4285714285714286,,0,54.6,1,1.0
25,7,4,3,4,4.25,1.0,0.4597701149425288,61.98031520087062,3,468.8,4,0.0
19,28,15,13,9,4.0,1.0714285714285714,1.829268292682927,68.18219603190515,5,348.5,3,0.0
32,12,4,8,2,3.25,0.4444444444444444,0.5970149253731343,67.5487628010359,6,241.0,1,0.0
30,16,8,8,6,2.5,0.8888888888888888,1.5384615384615383,65.23410866762816,4,135.4,5,0.0
40,17,7,10,3,3.5,0.6363636363636364,0.9722222222222222,65.69834218200845,6,432.3,1,0.0
37,12,5,7,1,4.75,0.625,0.5154639175257733,68.92111248878395,2,288.9,1,0.0
36,14,8,6,3,6.0,1.1428571428571428,0.6557377049180328,73.44182707803081,5,279.5,3,0.0
31,12,7,5,5,3.0,1.1666666666666667,1.129032258064516,54.479270588502736,1,238.0,2,0.0
41,21,12,9,8,3.75,1.2,1.5584415584415585,76.42266236153037,5,278.8,5,0.0
44,13,7,6,3,3.75,1.0,0.9090909090909091,64.3829209164056,2,272.2,6,0.0
39,13,9,4,4,3.5,1.8,1.25,68.55548771532146,4,332.8,0,0.0
24,21,13,8,6,4.5,1.4444444444444444,1.4130434782608696,63.202730007913345,4,365.0,3,0.0
16,14,8,6,5,0.5,1.1428571428571428,6.666666666666667,63.46333931839365,4,132.4,2,0.0
44,16,6,10,3,4.75,0.5454545454545454,0.6185567010309279,60.75428120487897,3,219.4,1,0.0
20,10,3,7,0,3.25,0.375,0.44776119402985076,48.59665156138663,3,185.4,5,1.0
38,4,1,3,1,2.25,0.25,0.2127659574468085,34.34343309440028,0,69.0,3,0.0
26,16,7,9,4,3.5,0.7,0.9722222222222222,85.80803663945926,7,171.4,4,0.0
40,4,2,2,1,0.75,0.6666666666666666,1.1764705882352942,47.05819676517934,0,43.7,1,0.0
29,12,6,6,5,1.75,0.8571428571428571,1.6216216216216215,60.37402271038337,5,389.5,1,0.0
43,6,3,3,1,1.75,0.75,0.8108108108108107,56.22774608053269,1,158.3,2,0.0
31,23,10,13,7,3.25,0.7142857142857143,1.4925373134328357,66.63066488107104,7,411.4,2,0.0
40,15,6,9,3,2.75,0.6,1.0526315789473684,63.57765828699358,6,238.3,1,0.0
19,18,6,12,2,4.0,0.46153846153846156,0.7317073170731708,67.85717565343745,6,567.4,3,0.0
21,17,9,8,4,3.25,1.0,1.3432835820895521,57.492013399263584,5,177.8,1,0.0
17,8,5,3,1,2.0,1.25,1.1904761904761905,37.16874880693852,1,126.5,1,0.0
44,20,15,5,9,4.0,2.5,1.829268292682927,64.61617183305188,6,258.0,1,0.0
31,17,5,12,1,3.5,0.38461538461538464,0.6944444444444444,74.75206650331681,6,298.7,2,0.0
26,14,9,5,4,3.5,1.5,1.25,50.126108440678,3,223.89999999999998,0,0.0
26,16,10,6,7,5.75,1.4285714285714286,0.8547008547008548,72.43662567790217,8,218.4,5,0.0
22,17,12,5,7,4.75,2.0,1.2371134020618557,45.47571867328772,6,151.3,0,0.0
19,19,9,10,5,5.75,0.8181818181818182,0.7692307692307693,72.9298384349314,6,495.3,2,0.0
42,8,2,6,0,1.75,0.2857142857142857,0.5405405405405405,50.62104545174125,1,95.9,2,1.0
19,11,6,5,5,4.0,1.0,0.7317073170731708,75.37872265074178,7,287.7,4,0.0
27,12,6,6,4,2.25,0.8571428571428571,1.276595744680851,50.48127465968753,4,199.7,1,0.0
42,14,7,7,3,5.25,0.875,0.6542056074766356,69.51518884469446,7,346.09999999999997,5,0.0
27,17,8,9,5,5.75,0.8,0.6837606837606838,67.44040247193469,3,382.0,1,0.0
27,23,10,13,5,5.0,0.7142857142857143,0.9803921568627452,73.73093358392677,5,580.8,1,0.0
32,6,1,5,0,3.25,0.16666666666666666,0.14925373134328357,31.21184784241985,2,66.5,1,1.0
28,19,4,15,2,8.0,0.25,0.2469135802469136,75.16478044296157,7,602.6,3,0.0
24,28,19,9,12,4.75,1.9,1.9587628865979383,75.46478228620656,8,695.9,6,0.0
33,10,5,5,3,3.25,0.8333333333333334,0.7462686567164178,55.862070945802664,2,191.39999999999998,4,0.0
26,9,3,6,1,3.75,0.42857142857142855,0.38961038961038963,60.30972182207121,6,370.4,1,0.0
43,24,10,14,3,5.25,0.6666666666666666,0.9345794392523366,75.17208637897775,4,543.4,5,0.0
29,25,12,13,7,3.75,0.8571428571428571,1.5584415584415585,70.16999846260381,7,512.6,5,0.0
37,16,6,10,2,4.0,0.5454545454545454,0.7317073170731708,68.38406909831718,7,462.8,4,0.0
22,29,16,13,6,5.25,1.1428571428571428,1.4953271028037385,73.93120049732121,7,346.2,2,0.0
34,10,1,9,0,5.75,0.1,0.08547008547008547,88.64581255106748,1,423.3,3,1.0
37,6,3,3,2,2.25,0.75,0.6382978723404255,53.73417375418168,1,170.0,1,0.0
36,26,13,13,3,3.5,0.9285714285714286,1.8055555555555556,77.67224022535612,7,430.6,6,0.0
17,11,5,6,3,2.75,0.7142857142857143,0.8771929824561403,61.338398436342935,3,171.5,2,0.0
36,22,12,10,7,5.5,1.0909090909090908,1.0714285714285714,72.30749607557095,1,269.59999999999997,3,0.0
37,1,1,0,1,0.5,1.0,0.8333333333333334,38.96412816468275,0,63.2,0,0.0
30,8,1,7,0,5.25,0.125,0.09345794392523366,66.97874280243197,3,195.2,1,1.0
16,7,4,3,2,3.0,1.0,0.6451612903225806,47.319065212957696,2,306.1,2,0.0
32,16,10,6,3,6.25,1.4285714285714286,0.7874015748031497,75.17291101492596,5,434.5,5,0.0
29,7,4,3,1,1.25,1.0,1.4814814814814814,43.929555167365095,0,61.3,1,0.0
27,11,8,3,3,4.5,2.0,0.8695652173913044,53.38635451440834,2,333.1,6,0.0
23,8,4,4,3,1.0,0.8,1.8181818181818181,44.668622318040654,1,118.7,1,0.0
31,22,10,12,4,5.25,0.7692307692307693,0.9345794392523366,70.61963946465963,6,338.7,4,0.0
26,17,10,7,5,3.5,1.25,1.3888888888888888,70.05966961911489,5,271.1,1,0.0
36,11,6,5,3,1.75,1.0,1.6216216216216215,68.93699015752902,6,361.2,5,0.0
27,11,8,3,6,2.75,2.0,1.4035087719298245,51.65872295400971,2,176.1,0,0.0
30,15,9,6,3,6.0,1.2857142857142858,0.7377049180327869,72.97751947413056,8,450.0,4,0.0
23,14,4,10,2,3.5,0.36363636363636365,0.5555555555555556,75.92406889920522,2,171.2,0,0.0
19,8,6,2,1,3.5,2.0,0.8333333333333333,41.20875439229792,6,198.0,1,0.0
36,9,5,4,3,6.0,1.0,0.4098360655737705,70.75326407170421,5,270.7,4,0.0
25,21,10,11,4,3.25,0.8333333333333334,1.4925373134328357,64.17382514964446,3,180.6,3,0.0
26,14,5,9,3,3.5,0.5,0.6944444444444444,73.57033679533524,5,344.6,4,0.0
27,11,6,5,1,2.0,1.0,1.4285714285714286,67.71161234061827,4,272.2,2,0.0
25,12,7,5,5,7.0,1.1666666666666667,0.49295774647887325,48.22778692334965,4,168.9,4,0.0
37,19,10,9,4,3.25,1.0,1.4925373134328357,62.3720021142419,4,477.6,0,0.0
17,7,3,4,0,6.75,0.6,0.21897810218978103,73.07165494136541,4,289.6,2,1.0
18,7,3,4,3,1.25,0.6,1.111111111111111,57.431467393193074,1,163.4,1,0.0
26,16,8,8,3,4.75,0.8888888888888888,0.8247422680412372,74.4023321648765,7,194.7,2,0.0
30,20,10,10,3,4.75,0.9090909090909091,1.0309278350515465,75.03495827452977,8,480.3,3,0.0
24,11,7,4,2,4.5,1.4,0.7608695652173914,65.49920565547235,4,249.0,3,0.0
25,26,18,8,8,5.75,2.0,1.5384615384615385,79.08896226645274,7,428.2,6,0.0
32,9,4,5,3,2.75,0.6666666666666666,0.7017543859649122,51.269470375837436,1,208.5,2,0.0
27,13,5,8,2,4.0,0.5555555555555556,0.6097560975609757,83.13977129057317,6,363.5,3,0.0
43,22,14,8,9,5.5,1.5555555555555556,1.25,80.43581667988839,8,329.90000000000003,1,0.0
44,18,9,9,8,3.5,0.9,1.25,70.88157662824449,5,208.8,3,0.0
32,14,9,5,5,4.25,1.5,1.0344827586206897,61.55591276956257,3,218.0,1,0.0
16,11,4,7,4,2.25,0.5,0.851063829787234,49.64886021306177,4,267.2,2,0.0
34,2,1,1,0,1.25,0.5,0.37037037037037035,46.74180114310818,2,89.1,0,1.0
27,10,4,6,2,4.0,0.5714285714285714,0.48780487804878053,67.64755511831076,3,270.4,1,0.0
39,10,5,5,4,2.75,0.8333333333333334,0.8771929824561403,69.81915269095335,5,265.4,2,0.0
17,11,6,5,1,2.75,1.0,1.0526315789473684,53.87415805721756,0,196.2,0,0.0
42,11,3,8,0,3.5,0.3333333333333333,0.41666666666666663,59.15830842490294,2,215.8,1,1.0
31,20,15,5,8,4.5,2.5,1.6304347826086958,70.17055608344903,4,245.3,4,0.0
44,4,1,3,0,0.5,0.25,0.8333333333333334,56.910167785634656,1,70.9,1,1.0
18,24,12,12,5,5.75,0.9230769230769231,1.0256410256410258,66.56591895750738,8,774.2,2,0.0
29,12,7,5,4,5.5,1.1666666666666667,0.625,72.80558023956667,4,605.3,1,0.0
42,19,9,10,6,4.5,0.8181818181818182,0.9782608695652175,66.75884689014532,5,589.1,3,0.0
44,16,9,7,3,2.5,1.125,1.7307692307692306,59.38863891992074,4,329.7,0,0.0
30,17,12,5,7,2.75,2.0,2.1052631578947367,68.69785596215276,3,195.39999999999998,2,0.0
41,16,8,8,3,4.75,0.8888888888888888,0.8247422680412372,69.1435180282589,5,708.0,3,0.0
20,12,6,6,4,2.0,0.8571428571428571,1.4285714285714286,67.92648294560769,4,169.70000000000002,4,0.0
25,21,11,10,4,4.25,1.0,1.264367816091954,71.69108457313536,6,272.7,1,0.0
23,11,7,4,3,5.25,1.4,0.6542056074766356,74.17062280134243,4,278.7,3,0.0
30,18,5,13,3,6.0,0.35714285714285715,0.4098360655737705,73.22739014805403,5,321.6,2,0.0
21,17,5,12,2,4.5,0.38461538461538464,0.5434782608695653,62.09714641724841,7,320.0,2,0.0
20,25,15,10,7,6.0,1.3636363636363635,1.2295081967213115,70.67856237710069,7,279.8,7,0.0
44,17,10,7,4,1.75,1.25,2.7027027027027026,51.25147362943771,2,181.6,0,0.0
22,14,9,5,4,3.0,1.5,1.4516129032258065,59.66607539458823,5,451.8,4,0.0
28,12,7,5,4,2.75,1.1666666666666667,1.2280701754385965,65.30496245474363,5,291.5,1,0.0
30,9,3,6,3,3.5,0.42857142857142855,0.41666666666666663,55.67971095703457,3,201.70000000000002,3,0.0
30,20,12,8,7,4.75,1.3333333333333333,1.2371134020618557,71.16574790631421,7,391.6,5,0.0
22,12,4,8,2,5.0,0.4444444444444444,0.3921568627450981,74.96692894674858,6,209.2,1,0.0
19,10,1,9,0,1.25,0.1,0.37037037037037035,40.37216672623672,1,72.1,1,1.0
27,8,5,3,2,3.25,1.25,0.7462686567164178,60.2190698368887,5,339.5,1,0.0
16,16,7,9,3,3.25,0.7,1.044776119402985,58.99392773260616,2,436.7,1,0.0
40,3,1,2,0,1.25,0.3333333333333333,0.37037037037037035,53.28211465487472,1,195.79999999999998,2,1.0
24,22,10,12,4,6.75,0.7692307692307693,0.7299270072992701,82.34620886095698,8,629.5,4,0.0
23,6,3,3,2,2.0,0.75,0.7142857142857143,71.29131137637503,5,446.6,3,0.0
29,11,5,6,3,2.0,0.7142857142857143,1.1904761904761905,64.68741884432053,3,278.7,4,0.0
24,3,2,1,0,1.75,1.0,0.5405405405405405,54.87925872999212,1,70.8,0,1.0
23,9,3,6,2,1.5,0.42857142857142855,0.9375,61.158114974826304,4,169.2,3,0.0
27,11,5,6,4,1.5,0.7142857142857143,1.5625,45.49201789650929,1,211.6,0,0.0
26,18,10,8,6,3.25,1.1111111111111112,1.4925373134328357,66.35525086238903,5,271.9,5,0.0
31,17,6,11,3,3.75,0.5,0.7792207792207793,61.383362605232676,3,349.1,2,0.0
34,16,5,11,2,2.5,0.4166666666666667,0.9615384615384615,59.380696146384295,6,171.8,1,0.0
30,23,12,11,9,5.25,1.0,1.1214953271028039,75.7039378647438,6,403.7,3,0.0
40,9,2,7,0,4.5,0.25,0.2173913043478261,45.01148240024487,2,215.3,0,1.0
25,9,3,6,1,3.25,0.42857142857142855,0.44776119402985076,46.26263358992585,4,192.0,1,0.0
17,20,10,10,0,3.0,0.9090909090909091,1.6129032258064515,79.24373069600246,5,205.8,0,1.0
32,3,2,1,1,0.5,1.0,1.6666666666666667,30.92147517315994,0,33.1,0,0.0
25,14,4,10,0,4.5,0.36363636363636365,0.4347826086956522,53.7485391341874,4,224.20000000000002,4,1.0
42,12,9,3,6,2.25,2.25,1.9148936170212765,83.96694308169467,4,447.1,1,0.0
27,22,11,11,6,6.75,0.9166666666666666,0.8029197080291971,69.18978142028251,6,546.0,5,0.0
25,12,6,6,6,3.25,0.8571428571428571,0.8955223880597015,62.24828571646995,6,344.0,4,0.0
41,28,10,18,5,5.0,0.5263157894736842,0.9803921568627452,79.75462452226733,6,401.3,5,0.0
19,18,4,14,1,4.75,0.26666666666666666,0.4123711340206186,79.77178505323377,5,332.2,0,0.0
43,11,7,4,5,2.5,1.4,1.346153846153846,56.18406078832259,1,333.5,0,0.0
22,9,3,6,2,2.5,0.42857142857142855,0.5769230769230769,56.81159625233376,0,132.9,0,0.0
40,5,1,4,0,2.5,0.2,0.1923076923076923,52.46652963881586,1,164.9,0,1.0
32,11,5,6,0,4.0,0.7142857142857143,0.6097560975609757,69.7814237158301,8,277.7,2,1.0
21,22,16,6,8,5.5,2.2857142857142856,1.4285714285714286,78.78213339515132,6,518.5,6,0.0
36,19,7,12,3,5.0,0.5384615384615384,0.6862745098039216,66.26513783209955,6,356.5,2,0.0
34,19,10,9,3,5.25,1.0,0.9345794392523366,72.5675414653373,7,183.5,2,0.0
29,13,6,7,2,4.75,0.75,0.6185567010309279,58.48286156516108,3,181.1,2,0.0
29,12,3,9,1,2.0,0.3,0.7142857142857143,71.30237463525432,4,309.0,1,0.0
33,11,8,3,5,5.25,2.0,0.7476635514018692,58.506854422022755,4,260.09999999999997,2,0.0
29,27,11,16,3,4.5,0.6470588235294118,1.1956521739130437,62.3655760230142,6,408.8,4,0.0
17,14,7,7,6,3.25,0.875,1.044776119402985,56.34910686296275,4,537.4,2,0.0
23,19,10,9,8,5.25,1.0,0.9345794392523366,84.5239646994281,7,357.7,5,0.0
40,7,3,4,0,2.5,0.6,0.5769230769230769,55.22480429936041,2,112.7,1,1.0
26,11,7,4,4,2.0,1.4,1.6666666666666665,61.54415029774691,7,308.2,2,0.0
30,17,9,8,4,4.25,1.0,1.0344827586206897,53.4080026426891,3,505.0,2,0.0
16,18,8,10,5,4.0,0.7272727272727273,0.9756097560975611,60.447195722405496,4,589.0,1,0.0
21,13,6,7,3,5.0,0.75,0.5882352941176471,57.51474117812696,6,306.9,3,0.0
43,17,9,8,3,2.5,1.0,1.7307692307692306,68.32585550080853,4,337.3,1,0.0
34,6,1,5,0,1.75,0.16666666666666666,0.27027027027027023,49.31242550558444,5,335.9,3,1.0
17,21,13,8,7,5.75,1.4444444444444444,1.1111111111111112,74.04860805487648,7,206.4,2,0.0
38,15,7,8,4,5.25,0.7777777777777778,0.6542056074766356,75.61296281649525,6,685.0,1,0.0
27,23,9,14,6,5.75,0.6,0.7692307692307693,82.03580592448635,8,157.2,4,0.0
32,14,8,6,4,3.25,1.1428571428571428,1.1940298507462686,52.75347505475676,4,248.4,2,0.0
19,10,7,3,5,3.5,1.75,0.9722222222222222,53.80045960298984,4,247.3,2,0.0
23,10,4,6,0,3.75,0.5714285714285714,0.5194805194805194,60.77331323114472,3,215.6,1,1.0
42,6,1,5,0,2.75,0.16666666666666666,0.17543859649122806,54.609424764038465,0,63.7,1,1.0
38,3,1,2,0,2.5,0.3333333333333333,0.1923076923076923,40.21238583418956,0,201.7,1,1.0
32,9,5,4,2,3.5,1.0,0.6944444444444444,53.581698569236835,1,111.10000000000001,4,0.0
28,19,13,6,7,7.0,1.8571428571428572,0.9154929577464789,87.82777724228966,5,374.9,3,0.0
24,20,6,14,2,2.5,0.4,1.1538461538461537,61.80053497299375,5,165.70000000000002,0,0.0
43,20,9,11,4,4.25,0.75,1.0344827586206897,69.23087239542618,5,427.6,3,0.0
39,10,4,6,2,1.75,0.5714285714285714,1.081081081081081,59.590084484928035,4,205.4,0,0.0
38,18,8,10,5,4.5,0.7272727272727273,0.8695652173913044,72.30749372971219,5,426.5,2,0.0
37,17,8,9,2,4.25,0.8,0.9195402298850576,65.81449547531324,5,251.70000000000002,0,0.0
40,14,5,9,4,2.75,0.5,0.8771929824561403,58.67964907378505,2,394.8,2,0.0
28,18,9,9,5,4.25,0.9,1.0344827586206897,78.93127232560408,5,408.3,4,0.0
37,20,11,9,5,4.25,1.1,1.264367816091954,64.12113624393118,3,296.90000000000003,3,0.0
43,17,12,5,6,2.5,2.0,2.3076923076923075,59.162758389615334,2,194.1,1,0.0
20,16,7,9,3,4.0,0.7,0.853658536585366,74.28779387959871,3,325.9,7,0.0
34,2,1,1,0,1.75,0.5,0.27027027027027023,67.39888148612035,1,63.6,1,1.0
31,9,5,4,4,3.5,1.0,0.6944444444444444,65.36674218454908,5,220.2,1,0.0
36,8,5,3,2,1.75,1.25,1.3513513513513513,29.705319053503327,1,219.9,1,0.0
18,24,10,14,5,4.25,0.6666666666666666,1.149425287356322,84.18751534836437,7,705.2,6,0.0
32,19,5,14,1,4.0,0.3333333333333333,0.6097560975609757,67.08435103654007,3,325.5,2,0.0
33,24,11,13,5,6.25,0.7857142857142857,0.8661417322834646,77.97216142578534,7,314.7,2,0.0
37,20,11,9,6,3.25,1.1,1.6417910447761193,58.2125531931199,4,255.3,1,0.0
38,8,4,4,1,1.75,0.8,1.081081081081081,50.970603531627134,0,109.39999999999999,1,0.0
22,20,13,7,6,2.75,1.625,2.280701754385965,49.07988262699796,3,393.0,2,0.0
40,6,2,4,1,5.0,0.4,0.19607843137254904,77.29108742584147,3,195.0,1,0.0
20,18,5,13,4,3.5,0.35714285714285715,0.6944444444444444,67.13505312935153,8,262.8,4,0.0
40,15,7,8,3,6.0,0.7777777777777778,0.5737704918032788,70.22619927104485,8,470.6,4,0.0
33,29,12,17,6,6.25,0.6666666666666666,0.9448818897637796,90.55455329085903,6,309.4,5,0.0
31,20,10,10,5,5.25,0.9090909090909091,0.9345794392523366,74.55852271508138,5,587.4,3,0.0
32,11,3,8,0,2.75,0.3333333333333333,0.5263157894736842,44.54651130317444,3,288.6,1,1.0
44,9,4,5,3,4.75,0.6666666666666666,0.4123711340206186,64.82829681746291,6,189.39999999999998,4,0.0
22,19,9,10,3,2.5,0.8181818181818182,1.7307692307692306,70.85934370049604,6,546.3000000000001,2,0.0
24,4,1,3,0,1.5,0.25,0.3125,45.63432419834947,1,128.6,1,1.0
30,19,14,5,7,5.75,2.3333333333333335,1.1965811965811965,79.3477414362399,6,474.8,7,0.0
31,5,3,2,2,1.25,1.0,1.111111111111111,42.1347738649108,1,109.9,2,0.0
39,7,5,2,2,2.25,1.6666666666666667,1.0638297872340425,,0,80.7,3,0.0
29,15,11,4,5,1.25,2.2,4.0740740740740735,,1,365.6,1,0.0
18,10,7,3,2,1.5,1.75,2.1875,56.073281917761705,2,219.1,3,0.0
18,25,11,14,7,3.75,0.7333333333333333,1.4285714285714286,69.93957467895795,7,590.9,2,0.0
30,15,8,7,6,4.75,1.0,0.8247422680412372,65.86319292908736,3,303.2,3,0.0
37,13,4,9,4,3.25,0.4,0.5970149253731343,64.03940739923577,3,151.5,2,0.0
40,10,6,4,3,3.75,1.2,0.7792207792207793,54.882589049507075,6,178.6,1,0.0
27,17,10,7,7,5.25,1.25,0.9345794392523366,66.27174055493256,4,301.9,3,0.0
39,6,3,3,2,1.25,0.75,1.111111111111111,56.622464518629585,3,133.2,1,0.0
25,14,4,10,3,7.75,0.36363636363636365,0.25477707006369427,75.14444104582938,8,837.4,6,0.0
42,5,2,3,0,1.5,0.5,0.625,73.2131894559112,0,101.9,2,1.0
23,13,7,6,2,2.75,1.0,1.2280701754385965,49.43672724075702,3,272.8,1,0.0
21,15,10,5,4,4.25,1.6666666666666667,1.149425287356322,65.57688828978934,4,173.5,3,0.0
28,18,10,8,3,2.5,1.1111111111111112,1.923076923076923,59.23509975724672,6,231.9,2,0.0
37,18,9,9,5,5.0,0.9,0.8823529411764707,46.19195612919167,1,222.39999999999998,3,0.0
42,9,5,4,1,1.75,1.0,1.3513513513513513,46.90193760408482,1,230.70000000000002,1,0.0
40,7,3,4,2,2.0,0.6,0.7142857142857143,45.914637706998626,0,175.39999999999998,1,0.0
25,31,11,20,5,5.0,0.5238095238095238,1.0784313725490198,57.2552343332636,6,611.4,6,0.0
25,7,4,3,2,1.75,1.0,1.081081081081081,47.00226107537048,0,113.6,3,0.0
29,20,11,9,7,6.0,1.1,0.9016393442622951,76.58704072428745,5,202.2,2,0.0
41,12,6,6,2,2.0,0.8571428571428571,1.4285714285714286,65.39888572406677,5,227.4,2,0.0
30,21,9,12,4,4.0,0.6923076923076923,1.0975609756097562,66.30438531460614,5,665.7,5,0.0
42,20,10,10,6,5.75,0.9090909090909091,0.8547008547008548,73.44607887712891,4,327.3,1,0.0
38,3,2,1,0,3.0,1.0,0.3225806451612903,56.052844255112284,3,140.3,0,1.0
31,19,8,11,5,2.25,0.6666666666666666,1.702127659574468,61.076011133459716,4,497.1,1,0.0
21,9,3,6,1,2.5,0.42857142857142855,0.5769230769230769,52.49225569078042,2,196.3,1,0.0
22,17,9,8,7,6.0,1.0,0.7377049180327869,73.47816319788524,6,417.8,2,0.0
43,18,5,13,2,4.5,0.35714285714285715,0.5434782608695653,47.390234161214174,3,332.0,3,0.0
33,15,6,9,0,2.5,0.6,1.1538461538461537,64.12710409878294,4,330.2,1,1.0
32,21,13,8,5,3.75,1.4444444444444444,1.6883116883116882,72.89422723797271,8,501.3,3,0.0
31,21,9,12,3,3.0,0.6923076923076923,1.4516129032258065,72.54726651472592,5,386.5,4,0.0
34,15,7,8,5,6.0,0.7777777777777778,0.5737704918032788,70.49393973076832,5,230.4,3,0.0
42,17,9,8,6,3.75,1.0,1.1688311688311688,62.1489102215683,7,167.4,3,0.0
44,9,3,6,1,1.75,0.42857142857142855,0.8108108108108107,55.98827199829841,3,258.7,2,0.0
29,11,5,6,3,2.75,0.7142857142857143,0.8771929824561403,63.860326608913454,3,328.0,0,0.0
37,9,4,5,1,1.75,0.6666666666666666,1.081081081081081,38.88497284918071,1,83.30000000000001,2,0.0
21,24,15,9,7,4.25,1.5,1.7241379310344829,75.38365847450704,5,326.9,4,0.0
21,20,9,11,7,4.5,0.75,0.9782608695652175,64.81676360891973,8,238.0,3,0.0
19,3,2,1,1,2.25,1.0,0.425531914893617,57.892759990981716,5,191.2,2,0.0
40,13,10,3,3,5.0,2.5,0.9803921568627452,58.98979810032361,2,155.0,1,0.0
44,11,7,4,5,2.25,1.4,1.4893617021276595,43.16928909093406,1,78.0,1,0.0
19,7,2,5,0,1.75,0.3333333333333333,0.5405405405405405,61.07237839672078,1,276.40000000000003,0,1.0
22,12,5,7,1,2.5,0.625,0.9615384615384615,64.30768814665439,2,325.1,3,0.0
22,20,13,7,5,6.5,1.625,0.9848484848484849,68.49070494989131,6,509.7,6,0.0
31,18,11,7,4,4.0,1.375,1.3414634146341464,70.94579385651505,5,367.1,2,0.0
23,16,10,6,5,2.25,1.4285714285714286,2.127659574468085,64.26354802430312,6,162.7,4,0.0
34,17,11,6,5,3.25,1.5714285714285714,1.6417910447761193,74.18179880413899,4,413.5,2,0.0
25,7,5,2,4,2.25,1.6666666666666667,1.0638297872340425,55.86549226547961,4,149.5,4,0.0
24,5,3,2,0,1.25,1.0,1.111111111111111,48.63070475398765,0,125.7,1,1.0
32,24,16,8,9,5.5,1.7777777777777777,1.4285714285714286,77.13044034434904,6,539.3,4,0.0
41,18,9,9,3,5.0,0.9,0.8823529411764707,74.30275434067886,6,639.6,3,0.0
19,21,11,10,7,3.75,1.0,1.4285714285714286,68.65356246118988,6,259.7,3,0.0
35,4,1,3,1,1.5,0.25,0.3125,62.67113641957832,0,100.4,1,0.0
37,6,4,2,1,3.0,1.3333333333333333,0.6451612903225806,59.76874324549896,0,218.8,1,0.0
44,9,5,4,4,2.5,1.0,0.9615384615384615,66.16413132920117,2,167.3,5,0.0
16,19,9,10,6,4.75,0.8181818181818182,0.9278350515463918,62.20632668341872,4,151.5,4,0.0
26,15,8,7,5,4.0,1.0,0.9756097560975611,64.82902583206184,4,298.8,1,0.0
28,17,5,12,4,3.25,0.38461538461538464,0.7462686567164178,75.11104639245885,6,151.7,4,0.0
31,18,11,7,8,4.25,1.375,1.264367816091954,74.66720462892968,7,769.8,3,0.0
25,19,5,14,1,4.5,0.3333333333333333,0.5434782608695653,81.94572665735987,6,342.3,4,0.0
40,6,2,4,2,1.25,0.4,0.7407407407407407,49.847425284278096,2,116.6,3,0.0
22,13,6,7,2,4.0,0.75,0.7317073170731708,64.19421185472007,2,82.6,1,0.0
17,16,10,6,5,2.5,1.4285714285714286,1.923076923076923,63.2847187824347,4,412.9,1,0.0
33,8,5,3,1,3.25,1.25,0.7462686567164178,72.4862177346702,3,272.4,1,0.0
44,18,8,10,4,2.0,0.7272727272727273,1.9047619047619047,66.70366397013093,4,171.5,4,0.0
38,6,5,1,5,1.75,2.5,1.3513513513513513,35.818302554817365,2,217.0,1,0.0
16,10,4,6,2,3.25,0.5714285714285714,0.5970149253731343,57.023975483325565,3,158.8,0,0.0
25,10,7,3,4,2.75,1.75,1.2280701754385965,54.2964604233025,2,191.2,2,0.0
38,7,6,1,3,1.5,3.0,1.875,52.485512958608744,8,566.1,2,0.0
21,5,4,1,1,1.25,2.0,1.4814814814814814,47.46218347787209,2,90.3,2,0.0
26,8,3,5,1,2.25,0.5,0.6382978723404255,57.17460185395667,4,403.7,0,0.0
39,11,8,3,4,2.25,2.0,1.702127659574468,56.184438957703016,2,214.9,3,0.0
33,9,5,4,3,3.0,1.0,0.8064516129032258,60.78873041405742,2,338.0,2,0.0
22,20,13,7,7,4.75,1.625,1.3402061855670104,78.91016419879108,7,640.0,2,0.0
27,13,7,6,4,5.5,1.0,0.625,73.08058469543417,4,408.4,3,0.0
33,15,10,5,5,4.5,1.6666666666666667,1.0869565217391306,70.6992609488875,5,287.4,4,0.0
21,3,1,2,0,3.0,0.3333333333333333,0.16129032258064516,,0,36.7,0,1.0
24,21,11,10,4,6.0,1.0,0.9016393442622951,77.03192058934096,5,422.6,4,0.0
21,6,3,3,2,1.75,0.75,0.8108108108108107,38.703443738499026,1,187.4,3,0.0
28,21,10,11,7,5.75,0.8333333333333334,0.8547008547008548,69.339316362474,6,292.9,5,0.0
31,13,8,5,5,3.25,1.3333333333333333,1.1940298507462686,58.55897644675662,6,264.3,1,0.0
43,20,12,8,6,4.5,1.3333333333333333,1.3043478260869565,78.66386279274816,6,439.0,3,0.0
34,26,12,14,7,4.5,0.8,1.3043478260869565,79.35241763899116,6,280.3,1,0.0
32,22,10,12,5,3.5,0.7692307692307693,1.3888888888888888,70.13678261886213,4,704.8,4,0.0
26,20,10,10,6,2.75,0.9090909090909091,1.7543859649122806,68.35438876815671,7,571.2,0,0.0
34,4,1,3,0,0.75,0.25,0.5882352941176471,48.36896266318633,1,193.4,1,1.0
43,12,5,7,2,4.25,0.625,0.574712643678161,71.43100335514741,7,517.4,2,0.0
26,5,2,3,1,1.75,0.5,0.5405405405405405,52.80976477735445,1,93.7,1,0.0
39,15,6,9,0,3.75,0.6,0.7792207792207793,73.70642673415794,6,265.7,3,1.0
43,27,14,13,9,6.25,1.0,1.1023622047244095,74.67314205116371,7,511.1,4,0.0
22,2,1,1,0,0.5,0.5,0.8333333333333334,25.510550503815374,0,30.1,1,1.0
36,4,2,2,1,3.0,0.6666666666666666,0.3225806451612903,48.152354660877535,2,75.6,1,0.0
25,23,11,12,5,4.25,0.8461538461538461,1.264367816091954,66.7875600614147,6,239.8,3,0.0
25,9,3,6,0,3.75,0.42857142857142855,0.38961038961038963,54.76485694788047,1,126.9,0,1.0
33,18,10,8,5,4.0,1.1111111111111112,1.2195121951219514,70.12939580284996,6,229.89999999999998,3,0.0
35,10,8,2,4,2.5,2.6666666666666665,1.5384615384615383,50.7822945910769,2,168.5,2,0.0
18,4,1,3,1,3.25,0.25,0.14925373134328357,37.8257943830713,2,162.5,0,0.0
16,9,3,6,0,2.5,0.42857142857142855,0.5769230769230769,49.71992737668047,2,189.4,0,1.0
17,21,12,9,8,4.5,1.2,1.3043478260869565,73.37217212901761,6,179.29999999999998,5,0.0
29,17,9,8,5,6.0,1.0,0.7377049180327869,65.64799943952299,5,149.2,5,0.0
18,6,5,1,2,2.25,2.5,1.0638297872340425,49.598992805876804,0,184.6,1,0.0
37,14,3,11,1,6.0,0.25,0.24590163934426232,80.77319137167459,4,245.1,3,0.0
22,18,8,10,4,4.25,0.7272727272727273,0.9195402298850576,62.974324561452036,6,372.6,2,0.0
32,11,6,5,1,0.75,1.0,3.5294117647058822,66.88414220533333,2,128.0,0,0.0
16,10,5,5,3,1.5,0.8333333333333334,1.5625,44.78798853774785,5,104.6,0,0.0
17,12,8,4,2,4.75,1.6,0.8247422680412372,66.2963506133545,5,147.7,1,0.0
42,8,7,1,2,2.25,3.5,1.4893617021276595,76.95132794909705,5,294.7,0,0.0
39,10,8,2,4,1.0,2.6666666666666665,3.6363636363636362,55.39745128521757,1,57.6,1,0.0
43,9,2,7,0,3.75,0.25,0.2597402597402597,58.30976802402284,2,214.8,0,1.0
39,15,8,7,2,4.25,1.0,0.9195402298850576,78.40335451884225,7,259.2,3,0.0
29,11,4,7,0,2.25,0.5,0.851063829787234,62.22764362508414,4,385.3,1,1.0
36,11,6,5,3,3.25,1.0,0.8955223880597015,65.55597510110132,5,369.2,1,0.0
40,19,7,12,5,3.25,0.5384615384615384,1.044776119402985,82.63739442421266,6,471.3,3,0.0
31,12,4,8,1,4.5,0.4444444444444444,0.4347826086956522,71.17450948491218,4,546.1999999999999,1,0.0
24,11,8,3,4,3.25,2.0,1.1940298507462686,53.919762530256435,2,384.7,3,0.0
30,20,10,10,6,4.75,0.9090909090909091,1.0309278350515465,77.48046890578902,8,399.5,5,0.0
37,21,7,14,5,5.25,0.4666666666666667,0.6542056074766356,73.95780554881284,7,420.4,5,0.0
18,21,15,6,4,5.5,2.142857142857143,1.3392857142857144,73.28481101562267,7,268.3,3,0.0
36,13,6,7,1,4.25,0.75,0.6896551724137931,70.42031012645117,2,312.4,0,0.0
42,12,5,7,3,3.0,0.625,0.8064516129032258,66.40289634552737,6,174.4,1,0.0
33,3,1,2,1,1.0,0.3333333333333333,0.45454545454545453,34.95939272600114,0,77.69999999999999,1,0.0
44,22,12,10,7,4.5,1.0909090909090908,1.3043478260869565,61.39459716669706,5,301.3,4,0.0
22,23,11,12,7,4.0,0.8461538461538461,1.3414634146341464,74.16558651800099,6,322.4,1,0.0
40,5,1,4,0,1.0,0.2,0.45454545454545453,41.16750094922938,1,62.400000000000006,1,1.0
25,19,11,8,3,4.25,1.2222222222222223,1.264367816091954,65.13118313412402,5,294.3,4,0.0
34,19,7,12,5,6.0,0.5384615384615384,0.5737704918032788,83.97621639093346,8,637.9,1,0.0
21,6,3,3,2,2.5,0.75,0.5769230769230769,51.69612803420961,5,220.0,1,0.0
42,17,8,9,4,3.5,0.8,1.1111111111111112,63.73300362817835,2,181.1,1,0.0
39,12,6,6,1,3.25,0.8571428571428571,0.8955223880597015,72.2137237474481,4,437.6,1,0.0
32,11,7,4,2,1.5,1.4,2.1875,59.188704117750774,1,142.4,1,0.0
19,6,1,5,0,6.25,0.16666666666666666,0.07874015748031496,79.91786913566186,4,226.20000000000002,0,1.0
44,6,5,1,2,4.5,2.5,0.5434782608695653,77.984932310788,4,437.7,3,0.0
21,19,9,10,5,6.0,0.8181818181818182,0.7377049180327869,63.51019935944503,7,262.5,3,0.0
36,14,10,4,4,5.75,2.0,0.8547008547008548,66.53296690658189,8,265.59999999999997,1,0.0
33,9,4,5,2,2.25,0.6666666666666666,0.851063829787234,55.62768060514716,3,173.8,1,0.0
21,10,4,6,2,3.0,0.5714285714285714,0.6451612903225806,57.78321527208972,2,226.1,2,0.0
44,16,4,12,3,3.5,0.3076923076923077,0.5555555555555556,56.82837902400769,2,358.90000000000003,1,0.0
34,17,8,9,5,4.25,0.8,0.9195402298850576,62.66459787462208,6,465.3,3,0.0
43,23,8,15,0,6.25,0.5,0.6299212598425197,69.70801459473867,6,762.1,7,1.0
29,11,8,3,4,3.25,2.0,1.1940298507462686,48.74011085961448,3,178.60000000000002,1,0.0
21,7,4,3,3,5.0,1.0,0.3921568627450981,65.70360573665889,6,528.7,2,0.0
21,28,13,15,7,5.0,0.8125,1.2745098039215688,91.08214346877539,8,514.6,2,0.0
36,9,4,5,1,4.25,0.6666666666666666,0.4597701149425288,52.64897435485816,5,148.3,1,0.0
37,16,3,13,1,4.0,0.21428571428571427,0.3658536585365854,59.50506898307695,2,229.3,1,0.0
21,8,2,6,0,2.75,0.2857142857142857,0.3508771929824561,28.797057067367504,2,28.599999999999998,1,1.0
36,31,16,15,7,4.5,1.0,1.7391304347826089,81.03493227058303,4,415.0,1,0.0
44,20,9,11,7,6.5,0.75,0.6818181818181819,76.33425229672744,7,460.8,6,0.0
31,16,10,6,6,3.25,1.4285714285714286,1.4925373134328357,49.39236208531489,4,170.0,2,0.0
44,12,3,9,1,2.5,0.3,0.5769230769230769,52.26871559280013,5,307.4,3,0.0
20,15,11,4,6,5.75,2.2,0.9401709401709403,82.5820665939726,6,778.6,0,0.0
27,20,9,11,6,2.0,0.75,2.142857142857143,54.37638015735976,4,103.69999999999999,2,0.0
26,20,11,9,7,5.0,1.1,1.0784313725490198,79.81275720984743,5,293.8,7,0.0
18,12,8,4,3,3.75,1.6,1.0389610389610389,66.23538323862745,3,420.3,1,0.0
29,10,3,7,1,3.75,0.375,0.38961038961038963,62.14946863113853,5,250.4,2,0.0
25,10,5,5,2,2.5,0.8333333333333334,0.9615384615384615,65.84355214250296,3,311.2,2,0.0
26,14,5,9,5,4.0,0.5,0.6097560975609757,66.4608715701057,2,186.4,1,0.0
28,12,7,5,3,4.5,1.1666666666666667,0.7608695652173914,65.07813533512136,6,245.8,2,0.0
30,9,1,8,1,2.25,0.1111111111111111,0.2127659574468085,47.45486505125752,1,219.79999999999998,0,0.0
28,13,5,8,2,6.0,0.5555555555555556,0.4098360655737705,75.90886310191875,5,362.9,1,0.0
27,19,10,9,6,3.75,1.0,1.2987012987012987,74.66896653384626,7,466.3,3,0.0
33,14,6,8,6,3.5,0.6666666666666666,0.8333333333333333,75.56616480136452,4,398.2,1,0.0
41,15,9,6,4,5.25,1.2857142857142858,0.8411214953271029,53.65169459007315,5,433.4,2,0.0
28,16,7,9,3,4.75,0.7,0.7216494845360826,71.7074015510157,4,404.8,7,0.0
41,15,8,7,4,4.25,1.0,0.9195402298850576,72.93575850281334,5,292.3,4,0.0
29,4,3,1,1,0.5,1.5,2.5,34.05450357650015,3,53.3,1,0.0
26,24,8,16,4,2.25,0.47058823529411764,1.702127659574468,67.9467330424664,6,645.5,1,0.0
18,7,4,3,1,1.5,1.0,1.25,56.430138750764236,0,139.6,1,0.0
19,12,10,2,2,2.5,3.3333333333333335,1.923076923076923,69.15054404608304,6,231.9,3,0.0
32,12,5,7,0,3.75,0.625,0.6493506493506493,64.67531874482691,6,202.0,3,1.0
30,17,8,9,5,6.0,0.8,0.6557377049180328,68.10822127788421,5,345.0,3,0.0
43,12,4,8,1,5.75,0.4444444444444444,0.3418803418803419,73.01858023616572,4,371.7,3,0.0
37,20,15,5,12,5.75,2.5,1.2820512820512822,74.32339434179305,7,259.0,4,0.0
35,23,6,17,3,4.25,0.3333333333333333,0.6896551724137931,74.54043193371751,8,954.9,3,0.0
25,20,10,10,4,5.75,0.9090909090909091,0.8547008547008548,65.01524483746198,5,339.6,1,0.0
32,22,11,11,5,5.75,0.9166666666666666,0.9401709401709403,87.86476093623988,8,307.4,6,0.0
24,14,9,5,4,7.5,1.5,0.5921052631578948,66.6865462000905,8,320.7,1,0.0
26,7,5,2,2,5.0,1.6666666666666667,0.4901960784313726,63.028224403694026,5,395.6,1,0.0
43,6,4,2,3,2.25,1.3333333333333333,0.851063829787234,58.8382768081776,3,193.4,1,0.0
39,20,9,11,4,4.25,0.75,1.0344827586206897,59.75788977702467,6,361.90000000000003,2,0.0
23,23,14,9,6,4.25,1.4,1.6091954022988506,68.45500386607394,5,341.0,4,0.0
22,14,5,9,1,4.0,0.5,0.6097560975609757,59.152052576819194,5,203.9,3,0.0
28,18,6,12,3,5.5,0.46153846153846156,0.5357142857142857,70.5384010691776,6,377.8,3,0.0
26,14,9,5,8,5.5,1.5,0.8035714285714286,52.67554300449818,4,213.6,4,0.0
17,11,8,3,4,3.75,2.0,1.0389610389610389,69.71453567993339,6,264.6,0,0.0
21,26,13,13,5,4.25,0.9285714285714286,1.4942528735632186,79.11288660495244,6,265.7,3,0.0
22,10,1,9,0,4.25,0.1,0.1149425287356322,51.31800002147113,2,161.2,0,1.0
29,5,4,1,4,1.75,2.0,1.081081081081081,40.141381747082136,2,96.4,0,0.0
42,14,6,8,4,6.0,0.6666666666666666,0.49180327868852464,80.48990357733923,5,150.5,5,0.0
43,17,12,5,9,4.75,2.0,1.2371134020618557,73.80840335961965,5,491.5,1,0.0
28,9,7,2,3,1.25,2.3333333333333335,2.5925925925925926,52.25149294278831,4,152.6,1,0.0
24,9,4,5,4,1.0,0.6666666666666666,1.8181818181818181,42.534296482001146,1,132.0,1,0.0
34,8,5,3,4,2.25,1.25,1.0638297872340425,64.15844809946923,2,185.3,1,0.0
31,11,5,6,2,3.25,0.7142857142857143,0.7462686567164178,59.48951788833031,5,406.7,2,0.0
21,10,2,8,1,3.5,0.2222222222222222,0.2777777777777778,44.94703824611363,5,328.0,4,0.0
32,20,11,9,3,3.25,1.1,1.6417910447761193,63.20860980650773,3,412.5,2,0.0
35,15,7,8,0,4.25,0.7777777777777778,0.8045977011494253,64.37789464419606,6,152.1,4,1.0
27,16,7,9,4,3.5,0.7,0.9722222222222222,70.8593494032315,6,304.7,4,0.0
44,18,7,11,2,2.5,0.5833333333333334,1.346153846153846,58.686589408803414,2,240.0,2,0.0
29,13,5,8,3,4.75,0.5555555555555556,0.5154639175257733,56.10249819917534,6,248.4,2,0.0
37,2,1,1,1,0.25,0.5,1.4285714285714286,55.98758952140827,0,67.8,0,0.0
34,19,14,5,6,4.25,2.3333333333333335,1.6091954022988506,71.07937939525523,6,448.9,3,0.0
25,18,7,11,5,3.25,0.5833333333333334,1.044776119402985,56.25490320558205,6,342.4,1,0.0
25,20,8,12,5,4.0,0.6153846153846154,0.9756097560975611,63.86778381658078,7,341.4,1,0.0
21,6,3,3,2,1.5,0.75,0.9375,,2,125.9,3,0.0
38,28,15,13,7,6.5,1.0714285714285714,1.1363636363636365,77.45366242940396,8,782.1999999999999,6,0.0
44,9,3,6,0,3.25,0.42857142857142855,0.44776119402985076,62.32404898433012,3,170.3,3,1.0
29,8,1,7,0,3.25,0.125,0.14925373134328357,60.42870646757101,0,98.2,3,1.0
22,11,4,7,2,1.5,0.5,1.25,52.13622062706967,4,157.6,0,0.0
33,24,12,12,6,4.25,0.9230769230769231,1.3793103448275863,76.94431696871965,5,178.4,2,0.0
40,9,4,5,0,2.75,0.6666666666666666,0.7017543859649122,54.45892259239382,3,201.0,2,1.0
18,13,4,9,0,3.0,0.4,0.6451612903225806,59.23792222479541,2,333.6,3,1.0
16,8,1,7,0,3.25,0.125,0.14925373134328357,58.06188969384147,2,138.0,3,1.0
40,20,12,8,7,5.75,1.3333333333333333,1.0256410256410258,88.09173119909717,8,345.2,4,0.0
27,21,13,8,7,5.0,1.4444444444444444,1.2745098039215688,70.67239258363672,4,396.7,2,0.0
31,21,8,13,3,6.25,0.5714285714285714,0.6299212598425197,80.71095498715152,7,580.1,2,0.0
40,12,6,6,0,3.5,0.8571428571428571,0.8333333333333333,55.12050172792175,4,262.9,2,1.0
44,1,1,0,1,1.25,1.0,0.37037037037037035,,1,128.29999999999998,0,0.0
42,19,7,12,1,3.25,0.5384615384615384,1.044776119402985,70.56463220004363,7,291.5,1,0.0
28,16,11,5,4,3.25,1.8333333333333333,1.6417910447761193,71.43906340715495,5,369.0,3,0.0
33,12,6,6,0,4.25,0.8571428571428571,0.6896551724137931,62.459883824667585,3,198.9,2,1.0
36,10,4,6,2,2.25,0.5714285714285714,0.851063829787234,62.33885192592851,4,312.2,3,0.0
24,27,20,7,10,5.25,2.5,1.869158878504673,72.36117852069445,5,330.2,2,0.0
28,27,7,20,5,2.75,0.3333333333333333,1.2280701754385965,64.57321816006777,5,174.8,0,0.0
27,9,4,5,1,4.0,0.6666666666666666,0.48780487804878053,58.32981466539732,5,205.4,3,0.0
28,16,11,5,5,3.0,1.8333333333333333,1.7741935483870968,60.69712072229833,5,293.40000000000003,1,0.0
25,20,12,8,7,3.0,1.3333333333333333,1.9354838709677418,66.52693192645953,3,323.6,0,0.0
16,8,3,5,2,2.0,0.5,0.7142857142857143,59.69010306186113,1,124.5,1,0.0
25,16,8,8,4,2.75,0.8888888888888888,1.4035087719298245,65.83142447108919,6,194.6,4,0.0
44,23,11,12,5,6.5,0.8461538461538461,0.8333333333333334,66.95114231133626,6,311.3,2,0.0
41,21,8,13,4,4.25,0.5714285714285714,0.9195402298850576,72.34439167786662,8,345.7,2,0.0
23,20,12,8,6,4.5,1.3333333333333333,1.3043478260869565,82.90859842151883,3,277.1,3,0.0
37,11,7,4,6,4.5,1.4,0.7608695652173914,69.34089078297553,6,330.5,2,0.0
41,6,1,5,0,4.5,0.16666666666666666,0.10869565217391305,54.04760952674163,4,178.6,3,1.0
18,21,7,14,3,4.0,0.4666666666666667,0.853658536585366,64.17318344710986,5,468.2,5,0.0
33,13,7,6,5,1.5,1.0,2.1875,60.25375610662219,3,123.7,1,0.0
31,21,12,9,6,5.0,1.2,1.1764705882352942,73.6588889677406,7,253.2,2,0.0
20,16,8,8,4,4.0,0.8888888888888888,0.9756097560975611,64.37047799742892,7,463.4,1,0.0
19,23,15,8,7,3.75,1.6666666666666667,1.948051948051948,69.1915743383758,7,653.2,3,0.0
26,20,7,13,2,5.75,0.5,0.5982905982905983,76.65012593136687,5,558.8,2,0.0
29,11,7,4,3,1.25,1.4,2.5925925925925926,60.362126394448055,0,156.1,3,0.0
43,15,6,9,3,3.75,0.6,0.7792207792207793,60.97233426785772,4,236.3,1,0.0
44,19,7,12,3,6.5,0.5384615384615384,0.5303030303030303,61.13569491348215,6,631.3000000000001,3,0.0
28,9,6,3,4,6.25,1.5,0.4724409448818898,52.52616526412863,6,506.6,1,0.0
30,11,4,7,1,3.75,0.5,0.5194805194805194,64.4924563248653,1,134.4,3,0.0
16,9,4,5,0,2.75,0.6666666666666666,0.7017543859649122,66.173766758808,5,248.8,1,1.0
43,12,2,10,0,3.0,0.18181818181818182,0.3225806451612903,53.4582361312744,5,101.8,1,1.0
43,25,11,14,8,5.25,0.7333333333333333,1.0280373831775702,71.00843050477403,6,511.4,5,0.0
42,9,5,4,3,1.5,1.0,1.5625,65.44343698855654,1,378.09999999999997,2,0.0
40,10,6,4,4,1.0,1.2,2.727272727272727,70.11704385250601,2,101.0,0,0.0
25,10,4,6,1,3.75,0.5714285714285714,0.5194805194805194,67.83986632036621,5,346.59999999999997,5,0.0
40,20,9,11,4,4.5,0.75,0.9782608695652175,74.98210609603942,6,415.8,1,0.0
34,2,2,0,1,1.5,2.0,0.625,53.298969646205165,0,153.4,0,0.0
19,22,13,9,4,5.0,1.3,1.2745098039215688,65.6484072474794,4,446.2,3,0.0
22,13,7,6,7,2.25,1.0,1.4893617021276595,55.80947674197935,2,299.40000000000003,2,0.0
20,21,14,7,8,4.5,1.75,1.5217391304347827,68.15068219425447,5,297.1,3,0.0
31,21,12,9,4,4.25,1.2,1.3793103448275863,72.82681056818389,5,259.5,3,0.0
28,16,9,7,5,3.25,1.125,1.3432835820895521,52.78451114177049,3,178.7,3,0.0
24,18,9,9,3,3.25,0.9,1.3432835820895521,61.50078110509911,4,337.6,2,0.0
20,22,9,13,7,4.0,0.6428571428571429,1.0975609756097562,66.79012313312651,5,213.3,4,0.0
33,24,12,12,6,4.5,0.9230769230769231,1.3043478260869565,71.2644593541387,5,469.5,2,0.0
18,26,12,14,6,2.0,0.8,2.857142857142857,77.9132597564365,5,240.5,2,0.0
30,14,5,9,2,4.5,0.5,0.5434782608695653,50.16642162998213,6,361.6,3,0.0
32,17,10,7,7,4.25,1.25,1.149425287356322,76.32058644562889,7,407.2,1,0.0
39,23,10,13,2,8.0,0.7142857142857143,0.617283950617284,89.06187703536158,5,480.2,5,0.0
28,11,6,5,3,3.0,1.0,0.9677419354838709,62.528629066022546,7,448.6,3,0.0
37,8,2,6,0,1.25,0.2857142857142857,0.7407407407407407,46.4961893159416,4,125.4,0,1.0
36,16,7,9,4,3.5,0.7,0.9722222222222222,68.7080549614497,7,641.0,2,0.0
30,11,4,7,3,2.5,0.5,0.7692307692307692,58.68761432592934,1,145.20000000000002,2,0.0
18,12,5,7,2,1.25,0.625,1.8518518518518516,60.94498594947115,1,198.2,2,0.0
17,18,10,8,3,3.75,1.1111111111111112,1.2987012987012987,66.77540329818791,5,154.4,4,0.0
26,7,4,3,2,3.0,1.0,0.6451612903225806,55.76955012192172,3,167.8,2,0.0
38,11,4,7,0,4.5,0.5,0.4347826086956522,80.02953554335939,4,228.60000000000002,1,1.0
44,7,1,6,0,2.5,0.14285714285714285,0.1923076923076923,,1,172.2,2,1.0
25,3,2,1,1,2.75,1.0,0.3508771929824561,52.28986361056574,0,199.9,0,0.0
17,14,10,4,4,3.5,2.0,1.3888888888888888,67.20837932537685,5,392.5,4,0.0
35,3,1,2,0,2.25,0.3333333333333333,0.2127659574468085,44.548016463733596,0,256.59999999999997,1,1.0
28,13,5,8,0,3.0,0.5555555555555556,0.8064516129032258,66.28610854916006,2,417.70000000000005,5,1.0
36,20,11,9,6,3.75,1.1,1.4285714285714286,65.63876848782668,5,250.9,2,0.0
28,14,4,10,2,5.5,0.36363636363636365,0.35714285714285715,68.83072418860002,5,365.3,6,0.0
35,14,8,6,4,3.5,1.1428571428571428,1.1111111111111112,54.73744122263676,5,196.6,3,0.0
37,7,1,6,0,4.25,0.14285714285714285,0.1149425287356322,73.16071800647484,1,98.4,1,1.0
22,18,9,9,5,4.25,0.9,1.0344827586206897,59.56755051351471,6,446.3,5,0.0
33,12,7,5,4,3.0,1.1666666666666667,1.129032258064516,61.37062023693945,3,180.6,2,0.0
35,13,2,11,1,2.25,0.16666666666666666,0.425531914893617,67.0267172091465,1,148.8,2,0.0
36,16,7,9,4,4.75,0.7,0.7216494845360826,83.63830440748458,3,585.3,2,0.0
38,4,1,3,0,4.5,0.25,0.10869565217391305,60.27658244790579,0,81.5,0,1.0
21,14,9,5,2,3.0,1.5,1.4516129032258065,69.49810645093929,3,428.8,2,0.0
27,20,12,8,4,5.75,1.3333333333333333,1.0256410256410258,69.02337652745072,6,582.3,2,0.0
19,13,3,10,0,3.75,0.2727272727272727,0.38961038961038963,57.70287418322171,3,171.5,2,1.0
24,4,3,1,1,0.75,1.5,1.7647058823529411,48.46769981946389,2,87.7,0,0.0
39,13,8,5,2,4.25,1.3333333333333333,0.9195402298850576,62.79939443728826,5,236.29999999999998,3,0.0
42,7,3,4,2,1.25,0.6,1.111111111111111,32.494236950463915,1,105.7,0,0.0
26,4,1,3,0,1.25,0.25,0.37037037037037035,64.38915451778063,2,124.60000000000001,0,1.0
37,7,2,5,0,2.75,0.3333333333333333,0.3508771929824561,56.296595563700635,2,283.1,1,1.0
42,9,1,8,0,4.25,0.1111111111111111,0.1149425287356322,64.24674085156013,2,135.5,2,1.0
23,14,6,8,5,3.0,0.6666666666666666,0.9677419354838709,70.88811069937817,7,328.59999999999997,2,0.0
41,7,4,3,1,1.0,1.0,1.8181818181818181,53.783190768811465,2,193.5,3,0.0
38,14,6,8,4,1.75,0.6666666666666666,1.6216216216216215,61.53411408944142,4,396.8,0,0.0
25,22,9,13,2,4.5,0.6428571428571429,0.9782608695652175,75.46712663097088,4,208.0,2,0.0
34,16,9,7,6,3.5,1.125,1.25,67.81076335870934,4,436.9,6,0.0
35,11,4,7,2,5.25,0.5,0.3738317757009346,61.22061720443643,7,417.6,3,0.0
26,22,9,13,7,5.75,0.6428571428571429,0.7692307692307693,67.94126802106668,7,237.9,2,0.0
22,33,18,15,8,5.5,1.125,1.6071428571428572,69.93631428968636,6,330.2,2,0.0
17,9,4,5,4,1.0,0.6666666666666666,1.8181818181818181,53.029832462367175,1,187.3,1,0.0
26,9,4,5,3,4.0,0.6666666666666666,0.48780487804878053,62.37877378817208,2,117.1,3,0.0
20,2,1,1,0,1.5,0.5,0.3125,,3,91.4,1,1.0
16,10,7,3,4,2.75,1.75,1.2280701754385965,62.533224604029,3,238.2,3,0.0
16,6,2,4,2,1.5,0.4,0.625,62.88418789626422,1,90.2,1,0.0
18,10,5,5,0,2.0,0.8333333333333334,1.1904761904761905,44.13378362470395,1,183.7,1,1.0
38,19,8,11,6,4.0,0.6666666666666666,0.9756097560975611,66.71839443723862,5,437.9,3,0.0
44,10,4,6,0,2.5,0.5714285714285714,0.7692307692307692,59.77771543863335,5,109.8,2,1.0
18,20,12,8,9,1.0,1.3333333333333333,5.454545454545454,60.414028494574836,4,140.9,2,0.0
44,29,13,16,7,5.25,0.7647058823529411,1.2149532710280375,76.78207653302951,6,226.7,3,0.0
40,9,6,3,3,2.75,1.5,1.0526315789473684,47.87115935073311,3,152.1,1,0.0
37,27,16,11,9,8.25,1.3333333333333333,0.9580838323353293,77.1785516234892,7,655.6,0,0.0
34,2,1,1,0,0.75,0.5,0.5882352941176471,35.24358788641847,1,86.2,0,1.0
27,12,7,5,4,1.75,1.1666666666666667,1.8918918918918919,57.08640845094399,5,268.6,2,0.0
22,12,6,6,2,3.0,0.8571428571428571,0.9677419354838709,57.12617135677283,2,110.0,1,0.0
21,12,5,7,4,6.75,0.625,0.36496350364963503,77.78846769828253,7,294.1,5,0.0
42,3,1,2,0,3.5,0.3333333333333333,0.1388888888888889,80.1556218275536,3,232.0,0,1.0
37,5,2,3,0,2.75,0.5,0.3508771929824561,54.420965803241046,4,197.0,3,1.0
36,19,5,14,3,3.5,0.3333333333333333,0.6944444444444444,66.17313618938174,5,292.0,2,0.0
27,15,8,7,4,5.25,1.0,0.7476635514018692,73.18857643165737,6,336.2,2,0.0
23,15,6,9,2,1.75,0.6,1.6216216216216215,69.92084692251758,4,323.5,1,0.0
43,14,8,6,3,4.75,1.1428571428571428,0.8247422680412372,69.4520086835812,4,241.4,2,0.0
44,13,6,7,4,3.0,0.75,0.9677419354838709,56.301775254641576,3,171.2,2,0.0
22,18,12,6,6,2.5,1.7142857142857142,2.3076923076923075,57.70831755827073,5,173.6,1,0.0
39,15,8,7,3,2.25,1.0,1.702127659574468,59.366074121446594,2,246.2,1,0.0
28,18,12,6,3,4.5,1.7142857142857142,1.3043478260869565,83.60344559485321,6,296.5,8,0.0
36,9,5,4,2,4.0,1.0,0.6097560975609757,70.51202022957263,4,102.7,1,0.0
19,11,5,6,0,4.0,0.7142857142857143,0.6097560975609757,60.59985335798312,4,633.2,0,1.0
29,22,11,11,6,3.75,0.9166666666666666,1.4285714285714286,66.43101397220106,6,432.1,2,0.0
19,16,9,7,5,4.0,1.125,1.0975609756097562,74.35425394456225,4,176.8,1,0.0
36,23,15,8,9,5.0,1.6666666666666667,1.4705882352941178,59.17814859571959,6,454.9,2,0.0
43,13,6,7,3,3.5,0.75,0.8333333333333333,52.865548210826844,4,368.7,0,0.0
25,20,11,9,7,3.5,1.1,1.5277777777777777,67.95479662142706,6,581.9,2,0.0
35,13,7,6,3,2.25,1.0,1.4893617021276595,53.07490070137845,4,223.4,0,0.0
30,17,7,10,4,2.75,0.6363636363636364,1.2280701754385965,75.92462778529364,8,848.3,2,0.0
39,8,2,6,0,4.0,0.2857142857142857,0.24390243902439027,80.4930143444565,4,131.9,0,1.0
38,4,3,1,1,1.25,1.5,1.111111111111111,,0,76.8,0,0.0
39,13,7,6,3,2.75,1.0,1.2280701754385965,69.40709756481354,4,368.3,2,0.0
37,8,2,6,1,2.5,0.2857142857142857,0.3846153846153846,43.33581595363925,3,86.9,0,0.0
36,17,7,10,3,7.0,0.6363636363636364,0.49295774647887325,76.44372982125125,6,377.1,1,0.0
42,23,14,9,7,3.75,1.4,1.8181818181818181,70.10235989861457,7,382.9,2,0.0
26,25,15,10,9,5.75,1.3636363636363635,1.2820512820512822,86.92657582981055,6,228.89999999999998,3,0.0
23,11,3,8,2,3.0,0.3333333333333333,0.48387096774193544,66.09130993464724,6,249.0,0,0.0
22,5,3,2,1,0.75,1.0,1.7647058823529411,39.34603934975661,2,242.10000000000002,0,0.0
42,24,7,17,3,5.0,0.3888888888888889,0.6862745098039216,76.66715275279503,6,540.7,6,0.0
34,9,4,5,0,3.0,0.6666666666666666,0.6451612903225806,51.5626623378251,2,219.1,3,1.0
19,22,10,12,6,2.75,0.7692307692307693,1.7543859649122806,66.52086099310976,6,514.5,3,0.0
40,21,9,12,6,5.0,0.6923076923076923,0.8823529411764707,65.96522629392922,4,291.3,1,0.0
20,22,6,16,2,6.5,0.35294117647058826,0.4545454545454546,63.84311717864711,5,257.6,1,0.0
33,12,5,7,3,2.0,0.625,1.1904761904761905,59.31179491753047,0,150.3,1,0.0
41,5,3,2,1,0.5,1.0,2.5,33.11941313274011,0,48.1,0,0.0
33,12,5,7,2,4.0,0.625,0.6097560975609757,66.71490780970062,6,400.5,3,0.0
35,14,5,9,3,2.25,0.5,1.0638297872340425,60.846176959172766,5,331.2,1,0.0
22,16,5,11,2,3.5,0.4166666666666667,0.6944444444444444,76.27876184872355,5,362.3,2,0.0
34,8,5,3,2,6.0,1.25,0.4098360655737705,64.17059396692878,5,228.7,5,0.0
16,10,3,7,2,3.0,0.375,0.48387096774193544,57.03340330435918,3,272.9,2,0.0
37,11,5,6,2,2.75,0.7142857142857143,0.8771929824561403,51.65668657456534,4,128.7,1,0.0
39,14,8,6,4,3.25,1.1428571428571428,1.1940298507462686,70.14841937199816,5,360.29999999999995,4,0.0
16,4,2,2,1,2.5,0.6666666666666666,0.3846153846153846,55.55981688898834,4,181.1,0,0.0
42,17,10,7,6,2.0,1.25,2.380952380952381,51.7934677575343,5,387.9,4,0.0
28,27,17,10,10,4.25,1.5454545454545454,1.9540229885057472,64.32974311413517,4,182.1,5,0.0
31,19,13,6,5,3.5,1.8571428571428572,1.8055555555555556,88.38691864657373,8,562.2,2,0.0
32,7,3,4,2,3.25,0.6,0.44776119402985076,67.16795532551565,5,290.8,2,0.0
27,19,10,9,6,6.0,1.0,0.819672131147541,71.94383089623774,7,606.9000000000001,3,0.0
37,12,4,8,1,3.0,0.4444444444444444,0.6451612903225806,54.77194631633187,5,467.3,2,0.0
31,7,1,6,0,2.0,0.14285714285714285,0.23809523809523808,59.3833228762031,5,256.4,3,1.0
22,13,7,6,5,3.25,1.0,1.044776119402985,64.69371571615005,5,326.3,1,0.0
33,4,1,3,0,1.75,0.25,0.27027027027027023,61.95453999923866,1,68.10000000000001,2,1.0
19,9,5,4,3,2.25,1.0,1.0638297872340425,50.46990371642684,2,62.0,0,0.0
23,14,10,4,5,6.25,2.0,0.7874015748031497,67.66282268321477,6,349.8,1,0.0
42,12,7,5,6,5.0,1.1666666666666667,0.6862745098039216,48.24555270101252,5,278.6,3,0.0
40,7,5,2,2,1.5,1.6666666666666667,1.5625,37.29606697370681,1,199.9,1,0.0
35,15,6,9,3,5.5,0.6,0.5357142857142857,57.94588232277317,6,399.3,1,0.0
44,13,5,8,4,3.5,0.5555555555555556,0.6944444444444444,53.993601857213314,3,127.10000000000001,0,0.0
23,15,8,7,4,5.75,1.0,0.6837606837606838,77.92250458538432,6,375.9,1,0.0
17,12,4,8,1,2.75,0.4444444444444444,0.7017543859649122,42.298028143675666,1,131.8,0,0.0
43,14,7,7,3,3.0,0.875,1.129032258064516,65.10617024179555,4,170.8,1,0.0
35,25,16,9,5,4.75,1.6,1.6494845360824744,76.52698921578597,6,442.1,4,0.0
19,11,4,7,0,2.5,0.5,0.7692307692307692,52.668021172076216,2,217.0,0,1.0
34,13,6,7,4,3.0,0.75,0.9677419354838709,50.30921241531223,3,293.6,2,0.0
34,19,6,13,4,4.75,0.42857142857142855,0.6185567010309279,80.38376038357455,8,626.0999999999999,4,0.0
24,18,9,9,7,4.5,0.9,0.9782608695652175,54.618422882443355,3,186.9,1,0.0
41,7,5,2,3,1.5,1.6666666666666667,1.5625,,2,126.4,2,0.0
43,15,7,8,4,4.25,0.7777777777777778,0.8045977011494253,66.57235581491607,5,235.0,2,0.0
22,18,10,8,3,4.75,1.1111111111111112,1.0309278350515465,82.55355516187007,8,268.0,2,0.0
42,18,6,12,4,4.5,0.46153846153846156,0.6521739130434783,62.66782485343125,5,278.9,4,0.0
16,14,5,9,2,2.5,0.5,0.9615384615384615,67.71095221054054,5,207.39999999999998,0,0.0
30,19,10,9,7,5.25,1.0,0.9345794392523366,71.86684040245248,4,560.8,6,0.0
20,17,12,5,7,3.0,2.0,1.9354838709677418,67.28851529100754,2,256.7,2,0.0
28,4,1,3,1,2.75,0.25,0.17543859649122806,43.711480066082615,0,40.9,1,0.0
16,20,7,13,2,5.0,0.5,0.6862745098039216,63.322707002128176,6,520.1999999999999,2,0.0
20,3,1,2,1,0.25,0.3333333333333333,1.4285714285714286,,0,84.7,3,0.0
27,17,8,9,3,4.75,0.8,0.8247422680412372,84.55284846259579,5,178.1,3,0.0
17,11,6,5,2,3.25,1.0,0.8955223880597015,61.432024622703395,3,146.6,3,0.0
32,14,10,4,5,3.25,2.0,1.4925373134328357,66.55507991207794,6,281.40000000000003,2,0.0
29,22,12,10,4,4.25,1.0909090909090908,1.3793103448275863,53.6513446271095,7,336.29999999999995,4,0.0
40,21,9,12,4,3.75,0.6923076923076923,1.1688311688311688,64.95211755994873,5,336.6,2,0.0
35,4,2,2,0,1.0,0.6666666666666666,0.9090909090909091,53.10242823634053,0,48.6,0,1.0
29,20,13,7,3,4.75,1.625,1.3402061855670104,70.63668466059545,6,400.9,3,0.0
38,24,10,14,5,5.25,0.6666666666666666,0.9345794392523366,60.229127651703394,6,208.7,5,0.0
36,25,11,14,2,2.25,0.7333333333333333,2.3404255319148937,55.610189008242514,4,381.9,3,0.0
40,5,2,3,0,1.5,0.5,0.625,39.891529974377875,0,87.1,0,1.0
23,16,7,9,2,4.5,0.7,0.7608695652173914,74.19016946673983,6,391.90000000000003,1,0.0
30,8,2,6,0,3.0,0.2857142857142857,0.3225806451612903,64.73209126367473,4,345.7,5,1.0
20,12,8,4,5,3.75,1.6,1.0389610389610389,65.72852210349518,3,252.0,4,0.0
27,8,4,4,3,3.25,0.8,0.5970149253731343,69.8944072892035,4,361.8,2,0.0
39,16,9,7,5,4.0,1.125,1.0975609756097562,82.38927406203477,7,219.8,10,0.0
40,7,2,5,2,2.5,0.3333333333333333,0.3846153846153846,57.767161260911735,3,161.6,0,0.0
25,19,13,6,8,5.75,1.8571428571428572,1.1111111111111112,58.36111397655032,4,322.0,0,0.0
39,19,10,9,6,4.5,1.0,1.0869565217391306,70.13455647894511,8,265.8,1,0.0
18,15,9,6,5,3.75,1.2857142857142858,1.1688311688311688,51.852778071949636,3,469.9,1,0.0
44,14,8,6,4,1.5,1.1428571428571428,2.5,59.225033074084735,4,268.8,2,0.0
36,19,8,11,5,3.25,0.6666666666666666,1.1940298507462686,59.56834383485747,2,158.7,3,0.0
30,7,4,3,3,2.5,1.0,0.7692307692307692,57.06104895108973,2,209.3,1,0.0
41,14,7,7,4,3.5,0.875,0.9722222222222222,73.70347209201151,6,447.9,5,0.0
22,1,1,0,0,1.75,1.0,0.27027027027027023,43.06726694435128,0,72.3,1,1.0
41,9,5,4,2,2.25,1.0,1.0638297872340425,54.851235435076966,3,247.5,3,0.0
41,13,7,6,6,5.5,1.0,0.625,57.36278367796398,6,363.6,3,0.0
24,10,7,3,3,4.0,1.75,0.853658536585366,67.33332792271614,6,119.7,1,0.0
28,20,11,9,6,3.25,1.1,1.6417910447761193,63.191279117873094,6,570.1,4,0.0
34,13,9,4,5,4.25,1.8,1.0344827586206897,73.21473831099804,6,300.6,1,0.0
22,8,2,6,0,4.75,0.2857142857142857,0.2061855670103093,71.4774684272338,2,122.4,2,1.0
21,25,9,16,3,5.75,0.5294117647058824,0.7692307692307693,82.91823558353802,5,234.7,7,0.0
23,16,10,6,6,5.0,1.4285714285714286,0.9803921568627452,69.88254895144644,4,548.5,5,0.0
29,11,6,5,1,2.25,1.0,1.276595744680851,60.96005046505426,2,259.5,1,0.0
17,22,9,13,3,6.25,0.6428571428571429,0.7086614173228347,69.21024884176514,7,320.2,6,0.0
42,13,7,6,3,3.5,1.0,0.9722222222222222,66.1724043345643,6,205.10000000000002,4,0.0
22,12,8,4,6,2.5,1.6,1.5384615384615383,57.11992993464359,5,129.0,0,0.0
18,18,8,10,4,4.0,0.7272727272727273,0.9756097560975611,61.83386531803298,6,262.7,4,0.0
31,21,12,9,4,4.5,1.2,1.3043478260869565,84.28584612395245,7,488.6,5,0.0
42,15,6,9,1,4.5,0.6,0.6521739130434783,72.20650692204795,4,323.6,3,0.0
16,14,9,5,5,3.75,1.5,1.1688311688311688,67.50970592932751,4,358.09999999999997,0,0.0
42,15,8,7,5,6.0,1.0,0.6557377049180328,82.76733711392875,4,324.9,4,0.0
41,19,12,7,8,6.0,1.5,0.9836065573770493,84.00427023948403,7,445.0,3,0.0
20,16,9,7,4,5.0,1.125,0.8823529411764707,83.49677684758645,7,221.3,3,0.0
34,22,10,12,7,4.5,0.7692307692307693,1.0869565217391306,60.876861443973766,5,664.6,5,0.0
40,7,5,2,3,2.5,1.6666666666666667,0.9615384615384615,55.15611550843993,5,276.2,1,0.0
35,28,10,18,7,5.5,0.5263157894736842,0.8928571428571429,75.9514904857432,7,399.0,3,0.0
29,18,11,7,6,7.75,1.375,0.7006369426751593,75.93381796486635,5,860.0,7,0.0
17,6,3,3,0,3.0,0.75,0.48387096774193544,43.17773173785041,1,190.4,1,1.0
34,15,7,8,5,2.75,0.7777777777777778,1.2280701754385965,75.97648025292631,5,266.4,0,0.0
40,15,5,10,3,4.75,0.45454545454545453,0.5154639175257733,64.33182964554497,4,479.0,2,0.0
42,8,3,5,2,2.75,0.5,0.5263157894736842,60.01435680073647,2,154.8,1,0.0
25,21,10,11,6,3.25,0.8333333333333334,1.4925373134328357,64.06551862949557,5,719.0,3,0.0
16,16,6,10,3,3.0,0.5454545454545454,0.9677419354838709,65.06885101258301,5,236.5,3,0.0
19,16,7,9,2,4.0,0.7,0.853658536585366,61.112819926477364,3,192.2,0,0.0
34,13,6,7,4,3.25,0.75,0.8955223880597015,64.42857812534115,1,375.3,2,0.0
35,14,3,11,2,3.25,0.25,0.44776119402985076,64.22957125360821,6,305.2,1,0.0
32,8,5,3,2,3.5,1.25,0.6944444444444444,69.87716424164441,5,316.4,3,0.0
19,12,5,7,1,3.5,0.625,0.6944444444444444,61.043310284179505,4,230.2,8,0.0
24,10,2,8,0,3.0,0.2222222222222222,0.3225806451612903,51.96166321590434,4,267.2,3,1.0
33,23,10,13,6,6.75,0.7142857142857143,0.7299270072992701,73.77136370073565,7,492.0,1,0.0
27,15,7,8,7,2.5,0.7777777777777778,1.346153846153846,66.03293964081742,3,281.09999999999997,2,0.0
34,32,18,14,11,6.5,1.2,1.3636363636363638,86.31746121937394,6,370.7,5,0.0
25,17,8,9,5,5.75,0.8,0.6837606837606838,71.56717064478097,4,501.79999999999995,2,0.0
33,15,5,10,2,3.75,0.45454545454545453,0.6493506493506493,63.82439915264911,4,339.1,1,0.0
24,19,8,11,5,3.0,0.6666666666666666,1.2903225806451613,74.29748041464342,7,488.6,7,0.0
24,25,11,14,5,4.25,0.7333333333333333,1.264367816091954,70.82237816630379,7,360.0,5,0.0
21,24,7,17,4,5.0,0.3888888888888889,0.6862745098039216,81.29905332549583,7,596.9,6,0.0
39,18,11,7,4,1.75,1.375,2.972972972972973,59.22365782001729,2,120.9,0,0.0
43,17,10,7,3,3.75,1.25,1.2987012987012987,76.7359859952435,4,307.7,3,0.0
43,5,3,2,2,1.5,1.0,0.9375,62.709679084045405,4,159.4,0,0.0
35,14,3,11,1,4.5,0.25,0.32608695652173914,67.85667211182259,4,272.09999999999997,3,0.0
24,28,14,14,6,5.5,0.9333333333333333,1.25,73.05961729464623,8,407.0,2,0.0
34,24,12,12,11,3.75,0.9230769230769231,1.5584415584415585,75.09713031898895,8,233.0,6,0.0
23,20,7,13,4,5.75,0.5,0.5982905982905983,76.85386768640431,5,478.40000000000003,8,0.0
18,15,7,8,5,2.75,0.7777777777777778,1.2280701754385965,53.92506051368451,3,312.8,0,0.0
37,15,12,3,5,6.5,3.0,0.9090909090909092,82.39267318660326,6,374.3,5,0.0
19,9,2,7,0,3.5,0.25,0.2777777777777778,66.10054265360024,2,95.1,1,1.0
33,22,10,12,5,3.0,0.7692307692307693,1.6129032258064515,70.7627233803677,2,301.2,4,0.0
25,12,9,3,6,5.0,2.25,0.8823529411764707,57.5649369722924,5,407.3,3,0.0
26,20,9,11,4,4.25,0.75,1.0344827586206897,55.83383688523172,5,267.3,1,0.0
33,14,6,8,4,4.25,0.6666666666666666,0.6896551724137931,52.71274016778161,2,508.3,2,0.0
44,20,10,10,4,4.0,0.9090909090909091,1.2195121951219514,59.897632591793986,6,482.7,4,0.0
32,22,14,8,7,3.75,1.5555555555555556,1.8181818181818181,61.73953354895995,5,175.6,1,0.0
43,16,6,10,3,4.25,0.5454545454545454,0.6896551724137931,69.94314043672937,6,162.1,1,0.0
39,15,10,5,4,3.5,1.6666666666666667,1.3888888888888888,73.84072395900917,5,463.9,3,0.0
38,8,3,5,1,4.5,0.5,0.32608695652173914,62.98718586703072,3,409.79999999999995,4,0.0
23,7,4,3,4,4.0,1.0,0.48780487804878053,56.132269811152476,1,103.2,1,0.0
44,5,2,3,0,3.0,0.5,0.3225806451612903,54.479426618843284,3,168.3,2,1.0
42,16,9,7,3,5.0,1.125,0.8823529411764707,70.55292261196034,6,284.4,1,0.0
33,14,6,8,5,4.25,0.6666666666666666,0.6896551724137931,58.929732444475825,5,505.3,3,0.0
36,17,9,8,6,4.5,1.0,0.9782608695652175,87.86112485111812,6,397.0,3,0.0
41,8,3,5,0,4.5,0.5,0.32608695652173914,75.33421581239654,4,153.5,3,1.0
31,21,10,11,5,4.5,0.8333333333333334,1.0869565217391306,62.025641484645746,7,391.2,4,0.0
17,5,2,3,1,3.0,0.5,0.3225806451612903,59.556470308147766,2,166.9,0,0.0
18,20,9,11,7,4.5,0.75,0.9782608695652175,69.08969954987589,4,197.1,3,0.0
28,15,6,9,2,4.25,0.6,0.6896551724137931,67.56580463095733,4,229.6,3,0.0
16,19,8,11,5,3.5,0.6666666666666666,1.1111111111111112,61.19996982820131,6,524.6,1,0.0
39,20,10,10,3,4.5,0.9090909090909091,1.0869565217391306,78.538065842642,6,358.6,6,0.0
17,16,10,6,6,2.5,1.4285714285714286,1.923076923076923,56.4548451721685,1,449.6,2,0.0
38,22,10,12,6,4.75,0.7692307692307693,1.0309278350515465,81.95499992789988,6,264.9,2,0.0
31,17,11,6,5,4.5,1.5714285714285714,1.1956521739130437,63.38681244459437,3,228.8,1,0.0
35,14,4,10,1,2.5,0.36363636363636365,0.7692307692307692,59.30033677778464,6,266.7,2,0.0
16,8,3,5,1,3.5,0.5,0.41666666666666663,75.44075608385384,3,127.89999999999999,2,0.0
28,15,8,7,6,2.75,1.0,1.4035087719298245,72.47658023696748,7,485.2,2,0.0
28,15,8,7,5,3.5,1.0,1.1111111111111112,65.31151165137385,6,435.4,2,0.0
20,10,1,9,1,1.5,0.1,0.3125,47.320988544143965,0,194.2,0,0.0
35,18,7,11,3,4.25,0.5833333333333334,0.8045977011494253,81.4435908798102,4,402.4,1,0.0
24,20,9,11,2,4.5,0.75,0.9782608695652175,74.86045581673548,2,544.7,1,0.0
30,8,5,3,3,1.25,1.25,1.8518518518518516,56.25903418672138,1,156.4,2,0.0
30,5,2,3,1,3.25,0.5,0.29850746268656714,48.136743657288854,0,105.9,1,0.0
36,11,6,5,2,3.5,1.0,0.8333333333333333,60.68331986908095,5,148.3,1,0.0
36,28,15,13,7,8.0,1.0714285714285714,0.9259259259259259,80.4367189895696,8,212.5,4,0.0
44,8,2,6,0,3.0,0.2857142857142857,0.3225806451612903,49.80954693570624,0,144.79999999999998,2,1.0
16,7,1,6,1,2.5,0.14285714285714285,0.1923076923076923,53.06487439500083,2,239.1,2,0.0
38,6,1,5,1,2.25,0.16666666666666666,0.2127659574468085,49.44996370204846,2,149.0,0,0.0
28,21,10,11,3,7.5,0.8333333333333334,0.6578947368421053,94.04506965877145,6,806.1,5,0.0
37,31,15,16,5,5.25,0.8823529411764706,1.4018691588785048,80.28578722616592,5,496.1,6,0.0
18,18,5,13,2,5.75,0.35714285714285715,0.4273504273504274,74.82577130733098,6,501.59999999999997,3,0.0
31,18,10,8,8,4.25,1.1111111111111112,1.149425287356322,64.42954236739605,6,233.9,0,0.0
16,16,11,5,6,2.75,1.8333333333333333,1.9298245614035088,61.514323231595284,6,563.7,2,0.0
20,16,8,8,2,5.5,0.8888888888888888,0.7142857142857143,67.78402669858043,5,597.4,6,0.0
18,23,14,9,3,2.5,1.4,2.692307692307692,65.67366091813942,3,163.7,1,0.0
23,18,9,9,5,6.25,0.9,0.7086614173228347,88.15233284817013,4,518.7,4,0.0
43,16,7,9,3,4.0,0.7,0.853658536585366,62.519064789913806,3,210.7,4,0.0
44,17,10,7,3,2.25,1.25,2.127659574468085,83.56775701707298,5,680.2,0,0.0
22,17,9,8,2,4.75,1.0,0.9278350515463918,76.76537438133911,6,222.8,3,0.0
21,15,6,9,2,5.0,0.6,0.5882352941176471,64.54214257989369,5,249.8,5,0.0
22,15,9,6,5,4.25,1.2857142857142858,1.0344827586206897,59.319441676999716,5,271.5,2,0.0
20,6,3,3,2,4.0,0.75,0.3658536585365854,53.99420287881475,4,344.7,1,0.0
20,30,12,18,5,5.25,0.631578947368421,1.1214953271028039,72.33869357715099,8,455.6,2,0.0
22,15,5,10,4,4.0,0.45454545454545453,0.6097560975609757,67.80615767098881,5,367.5,3,0.0
26,13,2,11,0,2.0,0.16666666666666666,0.47619047619047616,65.74663973899234,4,139.9,0,1.0
40,14,5,9,3,4.0,0.5,0.6097560975609757,59.38105345306523,5,360.2,3,0.0
34,16,9,7,4,2.75,1.125,1.5789473684210527,50.48292491742151,3,385.5,1,0.0
19,16,11,5,7,3.5,1.8333333333333333,1.5277777777777777,71.98467120987976,6,497.6,4,0.0
24,7,2,5,0,2.75,0.3333333333333333,0.3508771929824561,42.91752984574664,5,237.6,1,1.0
40,14,11,3,5,3.5,2.75,1.5277777777777777,68.06450272594289,6,202.9,3,0.0
38,18,10,8,6,6.25,1.1111111111111112,0.7874015748031497,78.33796582083738,6,756.1,0,0.0
25,16,7,9,6,2.5,0.7,1.346153846153846,62.690964066412036,4,459.0,7,0.0
25,24,15,9,7,3.5,1.5,2.0833333333333335,83.24217918925821,7,314.8,3,0.0
25,27,10,17,4,5.75,0.5555555555555556,0.8547008547008548,65.98220944447652,5,371.3,4,0.0
29,8,4,4,2,2.5,0.8,0.7692307692307692,59.555863741153196,4,245.7,5,0.0
28,11,2,9,0,5.25,0.2,0.1869158878504673,73.27906196289084,4,525.2,1,1.0
35,18,8,10,7,3.5,0.7272727272727273,1.1111111111111112,65.38412930431073,6,290.2,1,0.0
29,13,4,9,3,6.0,0.4,0.3278688524590164,67.12375159141035,4,131.4,2,0.0
38,17,10,7,7,7.5,1.25,0.6578947368421053,66.97364649448066,6,492.3,2,0.0
29,10,6,4,2,3.0,1.2,0.9677419354838709,55.78474269593479,2,242.0,6,0.0
24,19,12,7,8,5.0,1.5,1.1764705882352942,66.16148738066883,6,310.9,4,0.0
25,19,9,10,5,4.5,0.8181818181818182,0.9782608695652175,63.65315063462566,7,358.9,1,0.0
20,20,14,6,9,3.25,2.0,2.08955223880597,66.59329263846736,6,436.4,2,0.0
24,15,7,8,3,3.5,0.7777777777777778,0.9722222222222222,56.995567219807455,3,233.9,2,0.0
19,15,9,6,3,3.0,1.2857142857142858,1.4516129032258065,58.4064065962392,5,270.59999999999997,5,0.0
38,19,10,9,4,2.5,1.0,1.923076923076923,74.71106460653697,3,209.6,3,0.0
42,28,10,18,3,6.0,0.5263157894736842,0.819672131147541,71.8262780079493,8,490.6,2,0.0
23,13,5,8,3,6.25,0.5555555555555556,0.3937007874015748,62.25416843604179,7,140.4,4,0.0
19,24,11,13,7,4.25,0.7857142857142857,1.264367816091954,64.47008309758849,7,424.7,3,0.0
18,26,13,13,8,5.5,0.9285714285714286,1.1607142857142858,73.43437502832376,5,293.7,2,0.0
34,22,11,11,5,3.0,0.9166666666666666,1.7741935483870968,62.27944598962685,4,578.3,2,0.0
34,5,3,2,1,0.5,1.0,2.5,28.268464208081543,1,106.7,1,0.0
21,15,6,9,2,3.25,0.6,0.8955223880597015,64.73562285351055,5,269.0,2,0.0
41,15,8,7,4,5.25,1.0,0.7476635514018692,71.52732938903313,6,364.29999999999995,2,0.0
24,21,11,10,3,3.0,1.0,1.7741935483870968,73.37981683842645,5,384.3,0,0.0
33,23,9,14,5,3.75,0.6,1.1688311688311688,66.31236891700213,5,212.60000000000002,5,0.0
33,19,9,10,4,4.75,0.8181818181818182,0.9278350515463918,67.312454586267,6,249.9,0,0.0
37,10,5,5,1,3.5,0.8333333333333334,0.6944444444444444,57.55654131691351,1,311.4,1,0.0
42,15,9,6,3,3.25,1.2857142857142858,1.3432835820895521,53.4361399113242,4,323.5,4,0.0
41,17,5,12,4,3.5,0.38461538461538464,0.6944444444444444,47.109599349013685,3,279.8,3,0.0
26,13,4,9,3,5.75,0.4,0.3418803418803419,68.6884112456297,6,239.5,2,0.0
32,7,1,6,0,4.0,0.14285714285714285,0.12195121951219513,61.332924171855865,2,362.5,1,1.0
21,15,7,8,3,2.5,0.7777777777777778,1.346153846153846,45.7421493680295,2,166.9,3,0.0
44,4,2,2,2,0.75,0.6666666666666666,1.1764705882352942,36.94860594301049,1,96.5,0,0.0
41,11,6,5,5,3.5,1.0,0.8333333333333333,61.38821125336179,3,351.2,0,0.0
39,23,14,9,7,7.5,1.4,0.9210526315789475,85.26740419778653,4,585.3,5,0.0
22,25,11,14,2,4.75,0.7333333333333333,1.1340206185567012,78.09804494041583,8,743.0,5,0.0
23,12,8,4,3,2.0,1.6,1.9047619047619047,59.9035252724795,2,141.29999999999998,3,0.0
31,9,6,3,1,3.25,1.5,0.8955223880597015,58.11640234918671,2,367.9,0,0.0
28,6,1,5,0,3.0,0.16666666666666666,0.16129032258064516,55.04076112095403,1,53.9,0,1.0
37,9,4,5,1,1.25,0.6666666666666666,1.4814814814814814,47.13325065401521,0,100.1,0,0.0
37,20,15,5,10,4.25,2.5,1.7241379310344829,71.1371572393029,2,340.7,3,0.0
16,10,3,7,1,3.75,0.375,0.38961038961038963,60.41922564597481,2,118.7,2,0.0
25,4,4,0,0,0.75,4.0,2.3529411764705883,36.997307350333905,1,55.0,2,1.0
34,14,7,7,4,3.75,0.875,0.9090909090909091,67.03848724763255,2,290.9,3,0.0
25,5,1,4,1,2.25,0.2,0.2127659574468085,54.80948193449909,0,101.7,0,0.0
24,7,2,5,0,0.5,0.3333333333333333,1.6666666666666667,29.867330133727748,0,46.4,0,1.0
39,16,11,5,6,3.0,1.8333333333333333,1.7741935483870968,61.649633883048296,6,55.5,6,0.0
26,23,10,13,3,3.0,0.7142857142857143,1.6129032258064515,71.70109756785862,5,265.7,0,0.0
17,18,12,6,6,4.5,1.7142857142857142,1.3043478260869565,71.7327804541696,7,198.5,4,0.0
27,11,10,1,5,6.0,5.0,0.819672131147541,64.61986407755394,6,328.5,3,0.0
30,13,1,12,1,3.0,0.07692307692307693,0.16129032258064516,67.07244804353698,3,318.8,0,0.0
20,17,11,6,6,4.5,1.5714285714285714,1.1956521739130437,65.51236590774167,3,186.5,5,0.0
41,13,7,6,3,5.75,1.0,0.5982905982905983,76.42378660711023,5,322.8,3,0.0
17,9,5,4,2,2.5,1.0,0.9615384615384615,64.32995087506107,4,104.3,3,0.0
44,22,11,11,7,5.25,0.9166666666666666,1.0280373831775702,76.45387060037648,7,260.1,2,0.0
25,12,5,7,2,3.25,0.625,0.7462686567164178,65.71407818044513,4,346.8,2,0.0
37,3,2,1,0,2.5,1.0,0.3846153846153846,54.11159929658745,3,141.0,0,1.0
44,10,5,5,0,1.5,0.8333333333333334,1.5625,50.38033776147003,3,254.8,0,1.0
21,15,9,6,6,2.75,1.2857142857142858,1.5789473684210527,74.45497274997491,6,347.9,2,0.0
34,12,4,8,1,3.25,0.4444444444444444,0.5970149253731343,64.38249383933598,5,431.1,5,0.0
38,17,9,8,2,5.75,1.0,0.7692307692307693,72.46896490225652,6,299.0,8,0.0
40,23,10,13,7,7.75,0.7142857142857143,0.6369426751592357,77.59985713201314,6,572.0,2,0.0
36,19,9,10,3,6.5,0.8181818181818182,0.6818181818181819,63.14110536051563,7,493.0,5,0.0
35,11,6,5,3,5.25,1.0,0.5607476635514019,63.35660277591394,7,518.8,3,0.0
34,5,3,2,1,3.5,1.0,0.41666666666666663,43.14095168181291,2,245.5,2,0.0
22,6,1,5,0,2.75,0.16666666666666666,0.17543859649122806,48.98341566125595,1,122.4,2,1.0
40,13,6,7,3,4.75,0.75,0.6185567010309279,53.52419293783825,5,236.79999999999998,0,0.0
40,14,7,7,2,4.0,0.875,0.853658536585366,56.207947077952184,5,168.4,2,0.0
42,16,8,8,6,4.0,0.8888888888888888,0.9756097560975611,59.42195200603982,4,205.8,3,0.0
20,15,7,8,4,4.75,0.7777777777777778,0.7216494845360826,63.89117557328707,3,411.7,4,0.0
31,22,15,7,7,6.25,1.875,1.1811023622047245,60.575586136556026,8,250.1,3,0.0
34,22,14,8,8,5.25,1.5555555555555556,1.3084112149532712,69.4377556337078,7,485.8,4,0.0
43,21,12,9,6,5.5,1.2,1.0714285714285714,72.81218992213306,5,282.2,3,0.0
33,5,1,4,0,1.75,0.2,0.27027027027027023,60.598561900938094,0,67.4,0,1.0
32,11,4,7,3,3.5,0.5,0.5555555555555556,60.39261995894712,4,441.5,1,0.0
20,23,11,12,5,5.25,0.8461538461538461,1.0280373831775702,65.23838429465602,6,631.5,0,0.0
25,24,12,12,9,4.75,0.9230769230769231,1.2371134020618557,76.97184753529217,8,559.2,3,0.0
28,14,7,7,3,3.5,0.875,0.9722222222222222,52.01839012620376,4,177.3,2,0.0
40,6,1,5,0,2.75,0.16666666666666666,0.17543859649122806,57.65541128018204,1,57.9,1,1.0
19,22,10,12,4,5.25,0.7692307692307693,0.9345794392523366,81.64373126150272,8,335.3,6,0.0
29,18,8,10,3,6.5,0.7272727272727273,0.6060606060606061,48.462884258383866,5,235.7,1,0.0
34,16,9,7,4,4.0,1.125,1.0975609756097562,69.6292123695701,5,441.8,5,0.0
28,22,10,12,6,5.5,0.7692307692307693,0.8928571428571429,69.01064191732517,7,346.40000000000003,1,0.0
36,16,10,6,5,5.5,1.4285714285714286,0.8928571428571429,59.640577808701075,2,127.19999999999999,3,0.0
20,8,4,4,2,3.5,0.8,0.5555555555555556,53.350103415630024,5,154.4,0,0.0
22,17,8,9,5,3.0,0.8,1.2903225806451613,66.31390711408824,5,283.0,4,0.0
42,3,1,2,0,1.25,0.3333333333333333,0.37037037037037035,46.36445371114276,3,190.4,1,1.0
18,20,11,9,6,5.5,1.1,0.9821428571428572,56.26796762093963,6,352.1,2,0.0
24,11,6,5,3,4.0,1.0,0.7317073170731708,69.83492248932131,5,220.3,4,0.0
40,4,1,3,1,1.0,0.25,0.45454545454545453,56.50565338091883,1,133.7,0,0.0
41,6,3,3,2,1.75,0.75,0.8108108108108107,48.94366574623235,0,116.7,2,0.0
44,3,1,2,0,1.5,0.3333333333333333,0.3125,45.27810692046563,0,110.0,0,1.0
34,21,11,10,6,4.5,1.0,1.1956521739130437,80.88472072561123,5,271.2,2,0.0
33,15,5,10,1,4.75,0.45454545454545453,0.5154639175257733,78.39935979264747,4,217.20000000000002,2,0.0
28,17,9,8,5,5.0,1.0,0.8823529411764707,72.08622468039806,6,407.0,7,0.0
33,16,8,8,4,3.5,0.8888888888888888,1.1111111111111112,71.98098722015644,5,325.7,2,0.0
18,16,9,7,3,3.0,1.125,1.4516129032258065,56.620866599338974,2,293.3,2,0.0
17,11,3,8,2,3.25,0.3333333333333333,0.44776119402985076,55.86968602998655,3,150.5,2,0.0
41,24,11,13,6,5.0,0.7857142857142857,1.0784313725490198,73.38961305765861,2,217.4,0,0.0
44,21,11,10,6,3.5,1.0,1.5277777777777777,76.17098831879169,5,377.59999999999997,2,0.0
25,13,7,6,6,6.25,1.0,0.5511811023622047,68.12884984538863,5,269.0,1,0.0
26,22,11,11,4,4.25,0.9166666666666666,1.264367816091954,72.4175283628506,5,439.5,2,0.0
23,18,10,8,6,3.5,1.1111111111111112,1.3888888888888888,62.61836149070293,3,451.0,0,0.0
34,19,11,8,5,6.0,1.2222222222222223,0.9016393442622951,78.38075928492249,8,426.7,4,0.0
26,10,6,4,4,3.0,1.2,0.9677419354838709,64.87685463953575,2,187.0,2,0.0
29,14,7,7,3,4.75,0.875,0.7216494845360826,80.81068474398703,5,422.2,5,0.0
38,6,3,3,1,2.5,0.75,0.5769230769230769,49.42663228856622,4,175.3,1,0.0
30,24,10,14,4,4.0,0.6666666666666666,1.2195121951219514,82.48922754673747,6,294.9,1,0.0
20,17,13,4,5,5.0,2.6,1.2745098039215688,76.25694410430947,7,298.6,4,0.0
34,12,9,3,6,3.25,2.25,1.3432835820895521,57.06051188682667,4,271.3,2,0.0
23,19,8,11,4,4.5,0.6666666666666666,0.8695652173913044,77.80379559698642,6,444.6,1,0.0
43,10,4,6,2,3.0,0.5714285714285714,0.6451612903225806,50.591213487842836,4,241.8,1,0.0
43,25,11,14,4,4.0,0.7333333333333333,1.3414634146341464,52.79103419845653,2,392.1,4,0.0
22,9,2,7,2,3.25,0.25,0.29850746268656714,60.32714414679547,3,96.0,3,0.0
34,15,10,5,6,3.25,1.6666666666666667,1.4925373134328357,71.76195513728509,5,495.7,8,0.0
21,14,5,9,4,3.25,0.5,0.7462686567164178,52.23335649468157,6,258.0,2,0.0
31,17,5,12,2,3.25,0.38461538461538464,0.7462686567164178,64.13939436652628,3,183.70000000000002,2,0.0
25,16,8,8,3,3.25,0.8888888888888888,1.1940298507462686,59.08822789276223,3,204.0,0,0.0
29,15,8,7,2,2.25,1.0,1.702127659574468,56.22324288148661,6,238.10000000000002,1,0.0
33,22,12,10,9,4.75,1.0909090909090908,1.2371134020618557,72.25782872510568,7,419.1,7,0.0
43,15,5,10,2,3.75,0.45454545454545453,0.6493506493506493,65.48745066904526,5,145.1,5,0.0
24,11,6,5,2,2.0,1.0,1.4285714285714286,58.794166886457155,1,278.7,2,0.0
41,18,7,11,1,4.0,0.5833333333333334,0.853658536585366,71.4681165721315,6,419.3,1,0.0
32,20,11,9,6,3.5,1.1,1.5277777777777777,71.93710136790543,6,560.6,0,0.0
29,7,3,4,2,2.0,0.6,0.7142857142857143,61.38663802992346,4,147.7,2,0.0
36,13,5,8,3,2.75,0.5555555555555556,0.8771929824561403,50.367139602569935,4,191.7,1,0.0
19,19,13,6,5,2.75,1.8571428571428572,2.280701754385965,67.49580428544063,6,151.1,7,0.0
34,5,2,3,1,2.5,0.5,0.3846153846153846,55.89752435452648,1,290.09999999999997,0,0.0
32,7,2,5,1,5.25,0.3333333333333333,0.1869158878504673,71.09796137774704,7,245.5,5,0.0
24,19,6,13,3,5.75,0.42857142857142855,0.5128205128205129,67.96018744741396,6,269.1,3,0.0
38,15,6,9,3,4.25,0.6,0.6896551724137931,63.21955090676031,3,288.7,2,0.0
32,25,12,13,5,4.5,0.8571428571428571,1.3043478260869565,83.97032361545992,5,377.9,3,0.0
36,13,2,11,0,4.0,0.16666666666666666,0.24390243902439027,68.82098002086529,4,328.2,0,1.0
30,11,6,5,3,3.0,1.0,0.9677419354838709,56.082811819153854,5,228.3,1,0.0
26,3,1,2,0,2.0,0.3333333333333333,0.23809523809523808,50.46693544185621,0,61.800000000000004,1,1.0
42,16,10,6,4,7.75,1.4285714285714286,0.6369426751592357,73.0957099659512,8,443.4,4,0.0
22,16,7,9,5,5.25,0.7,0.6542056074766356,74.19896370322554,7,473.5,1,0.0
41,8,3,5,1,2.5,0.5,0.5769230769230769,53.91101151613649,3,332.4,3,0.0
38,14,8,6,5,2.25,1.1428571428571428,1.702127659574468,60.7610061484082,1,185.7,2,0.0
41,23,15,8,9,3.5,1.6666666666666667,2.0833333333333335,70.5172542892517,5,522.1,1,0.0
29,6,3,3,2,1.75,0.75,0.8108108108108107,51.93576406390506,1,159.4,0,0.0
42,18,8,10,5,5.0,0.7272727272727273,0.7843137254901962,68.75484326814916,7,167.1,6,0.0
30,4,1,3,0,1.0,0.25,0.45454545454545453,49.276064145679406,0,214.9,1,1.0
38,10,4,6,0,2.25,0.5714285714285714,0.851063829787234,38.04395909651447,5,261.1,1,1.0
21,16,6,10,3,4.25,0.5454545454545454,0.6896551724137931,65.89715425946889,3,313.1,0,0.0
38,15,6,9,3,3.5,0.6,0.8333333333333333,69.71962448835856,6,439.6,1,0.0
24,11,4,7,3,4.5,0.5,0.4347826086956522,56.87636503863262,5,221.4,0,0.0
36,17,11,6,4,3.75,1.5714285714285714,1.4285714285714286,64.58461884495982,2,286.0,4,0.0
22,20,11,9,6,2.25,1.1,2.3404255319148937,58.77315150596299,2,330.7,0,0.0
35,12,6,6,4,2.75,0.8571428571428571,1.0526315789473684,43.445290776734176,5,130.2,0,0.0
42,1,1,0,0,1.5,1.0,0.3125,26.34088192455514,1,94.1,0,1.0
20,5,3,2,0,2.0,1.0,0.7142857142857143,41.51991943940395,2,201.2,4,1.0
31,12,5,7,2,3.25,0.625,0.7462686567164178,64.78542793081178,3,547.2,5,0.0
35,10,5,5,2,2.75,0.8333333333333334,0.8771929824561403,64.40023998154267,5,701.9000000000001,2,0.0
44,14,5,9,2,3.0,0.5,0.8064516129032258,60.58007256899855,4,385.8,4,0.0
19,3,1,2,0,2.5,0.3333333333333333,0.1923076923076923,55.723330281275786,3,306.59999999999997,1,1.0
35,17,8,9,6,4.25,0.8,0.9195402298850576,60.3432665641325,6,180.29999999999998,1,0.0
30,19,7,12,4,4.0,0.5384615384615384,0.853658536585366,52.963322283648694,6,182.6,0,0.0
33,23,12,11,4,7.25,1.0,0.8163265306122449,80.13610323040199,8,436.1,4,0.0
18,14,6,8,1,5.25,0.6666666666666666,0.5607476635514019,64.71036360515005,7,445.09999999999997,3,0.0
16,9,4,5,1,2.0,0.6666666666666666,0.9523809523809523,58.20000725376404,3,295.6,0,0.0
33,10,4,6,4,4.5,0.5714285714285714,0.4347826086956522,57.98916447084717,2,365.8,2,0.0
21,19,7,12,6,3.25,0.5384615384615384,1.044776119402985,83.70768638733072,4,231.6,2,0.0
33,5,3,2,2,1.25,1.0,1.111111111111111,49.91738183843129,1,110.3,1,0.0
39,18,9,9,4,5.5,0.9,0.8035714285714286,72.92695751760739,7,204.6,3,0.0
25,14,10,4,3,2.5,2.0,1.923076923076923,66.57506690514059,1,448.4,1,0.0
29,3,1,2,0,1.0,0.3333333333333333,0.45454545454545453,50.74611195192473,1,134.1,1,1.0
31,12,5,7,3,3.5,0.625,0.6944444444444444,59.3326742053142,3,321.3,0,0.0
34,15,5,10,1,3.75,0.45454545454545453,0.6493506493506493,61.663783302658175,4,399.6,4,0.0
44,22,12,10,7,6.25,1.0909090909090908,0.9448818897637796,78.63097535644023,5,279.1,7,0.0
33,18,10,8,3,4.25,1.1111111111111112,1.149425287356322,74.99926261173599,6,254.8,3,0.0
24,31,17,14,10,6.75,1.1333333333333333,1.2408759124087592,85.88790446240756,6,415.9,6,0.0
21,17,7,10,3,4.75,0.6363636363636364,0.7216494845360826,68.42621603444772,6,223.8,1,0.0
35,9,6,3,2,1.75,1.5,1.6216216216216215,56.3623041472103,3,147.6,2,0.0
37,9,3,6,1,2.25,0.42857142857142855,0.6382978723404255,56.74143712344585,1,110.80000000000001,0,0.0
44,20,14,6,4,4.25,2.0,1.6091954022988506,65.68035329440346,4,306.1,2,0.0
37,10,4,6,3,1.0,0.5714285714285714,1.8181818181818181,,1,96.10000000000001,0,0.0
42,22,8,14,4,1.5,0.5333333333333333,2.5,49.4497077287037,6,317.6,1,0.0
16,28,17,11,7,4.5,1.4166666666666667,1.847826086956522,74.52260688394388,7,249.8,2,0.0
38,4,3,1,0,3.0,1.5,0.48387096774193544,68.44274211903826,2,128.4,2,1.0
25,1,1,0,0,1.0,1.0,0.45454545454545453,41.96659007219824,0,126.9,2,1.0
32,22,11,11,4,4.0,0.9166666666666666,1.3414634146341464,65.40632030488625,2,485.4,1,0.0
41,12,6,6,1,2.5,0.8571428571428571,1.1538461538461537,60.888905069990415,2,236.3,3,0.0
22,10,5,5,3,3.0,0.8333333333333334,0.8064516129032258,55.75199927732223,3,187.3,2,0.0
36,14,3,11,1,5.25,0.25,0.28037383177570097,72.65319487266223,6,278.7,0,0.0
41,12,5,7,3,2.5,0.625,0.9615384615384615,44.798736982165664,2,239.5,0,0.0
33,11,6,5,4,4.75,1.0,0.6185567010309279,55.726454081165905,6,191.2,0,0.0
20,15,7,8,3,2.75,0.7777777777777778,1.2280701754385965,64.83692942440726,1,219.2,2,0.0
37,15,10,5,6,3.75,1.6666666666666667,1.2987012987012987,68.05695392020623,7,264.0,4,0.0
37,24,10,14,3,5.25,0.6666666666666666,0.9345794392523366,69.59391229476569,4,435.1,3,0.0
28,19,9,10,4,6.25,0.8181818181818182,0.7086614173228347,67.22532530200081,5,423.59999999999997,2,0.0
30,11,5,6,3,4.25,0.7142857142857143,0.574712643678161,74.15872424421208,4,321.2,5,0.0
37,10,5,5,3,2.5,0.8333333333333334,0.9615384615384615,48.33163168883152,2,244.10000000000002,0,0.0
22,20,13,7,5,3.5,1.625,1.8055555555555556,65.27962766495425,6,593.4,2,0.0
43,15,9,6,6,3.0,1.2857142857142858,1.4516129032258065,69.4657761441695,3,243.6,2,0.0
19,13,5,8,2,4.0,0.5555555555555556,0.6097560975609757,53.88671694435577,3,387.3,2,0.0
38,22,10,12,7,5.0,0.7692307692307693,0.9803921568627452,70.73088612887989,8,529.6,4,0.0
37,18,8,10,5,5.5,0.7272727272727273,0.7142857142857143,80.60785420262114,7,415.7,6,0.0
20,11,6,5,2,1.0,1.0,2.727272727272727,59.28937807084035,5,250.6,0,0.0
35,13,8,5,4,3.0,1.3333333333333333,1.2903225806451613,61.061839143142834,4,503.5,2,0.0
23,11,4,7,2,2.5,0.5,0.7692307692307692,58.82298861550315,4,251.0,0,0.0
18,15,8,7,2,3.5,1.0,1.1111111111111112,46.40207284816057,6,419.7,0,0.0
38,16,6,10,4,5.0,0.5454545454545454,0.5882352941176471,72.00373280652978,5,354.9,2,0.0
32,10,7,3,4,4.5,1.75,0.7608695652173914,76.47811429939286,7,324.6,5,0.0
28,17,10,7,4,3.25,1.25,1.4925373134328357,68.5559294632876,5,355.3,3,0.0
33,17,9,8,5,3.5,1.0,1.25,58.69611413995691,6,318.90000000000003,3,0.0
20,21,11,10,8,2.5,1.0,2.1153846153846154,70.26301206892272,4,188.3,3,0.0
30,19,10,9,7,2.0,1.0,2.380952380952381,59.593367770844765,4,516.2,5,0.0
40,10,4,6,3,2.75,0.5714285714285714,0.7017543859649122,51.17820973742995,4,318.09999999999997,4,0.0
33,11,7,4,3,3.5,1.4,0.9722222222222222,55.327384040550534,3,260.9,0,0.0
43,19,4,15,2,2.75,0.25,0.7017543859649122,76.12879027812649,6,625.6,1,0.0
39,21,9,12,4,4.5,0.6923076923076923,0.9782608695652175,75.93911235875305,7,353.8,3,0.0
37,20,5,15,1,3.25,0.3125,0.7462686567164178,76.7963517313413,4,332.4,1,0.0
26,8,6,2,1,3.5,2.0,0.8333333333333333,55.36467744207883,3,143.8,1,0.0
26,27,16,11,10,5.5,1.3333333333333333,1.4285714285714286,75.13678829773598,7,631.6,3,0.0
28,8,2,6,0,4.5,0.2857142857142857,0.2173913043478261,66.00766683972533,3,232.5,1,1.0
43,4,1,3,0,1.5,0.25,0.3125,50.113064505529735,2,76.6,2,1.0
41,20,9,11,5,3.25,0.75,1.3432835820895521,50.70377879089764,2,441.5,1,0.0
33,8,2,6,0,3.25,0.2857142857142857,0.29850746268656714,42.334477221812335,0,48.4,1,1.0
21,6,4,2,3,2.5,1.3333333333333333,0.7692307692307692,56.625314494588125,3,165.0,3,0.0
20,2,1,1,0,1.0,0.5,0.45454545454545453,29.82492878940585,1,39.1,0,1.0
23,13,7,6,0,2.5,1.0,1.346153846153846,48.12672517773973,3,517.7,3,1.0
34,4,3,1,2,3.25,1.5,0.44776119402985076,60.45645314193865,3,211.3,0,0.0
41,15,8,7,5,6.5,1.0,0.6060606060606061,71.64805051300802,4,334.6,4,0.0
25,27,14,13,7,4.75,1.0,1.4432989690721651,59.811756568479026,3,413.1,5,0.0
42,22,14,8,4,4.75,1.5555555555555556,1.4432989690721651,72.0535104293752,7,443.5,3,0.0
30,23,7,16,5,4.0,0.4117647058823529,0.853658536585366,77.17001140168585,5,256.0,5,0.0
39,14,12,2,8,2.25,4.0,2.553191489361702,51.65613014280713,4,254.3,2,0.0
17,19,11,8,7,4.25,1.2222222222222223,1.264367816091954,69.77211284176903,2,239.0,5,0.0
42,7,3,4,0,1.25,0.6,1.111111111111111,49.19011374502548,2,280.8,2,1.0
32,8,6,2,0,4.0,2.0,0.7317073170731708,62.675389697576406,3,309.5,3,1.0
16,14,4,10,2,4.0,0.36363636363636365,0.48780487804878053,62.26101777423812,4,245.6,2,0.0
28,11,4,7,3,3.5,0.5,0.5555555555555556,38.44170841749894,5,96.8,1,0.0
42,22,6,16,4,2.5,0.35294117647058826,1.1538461538461537,64.8692954200836,7,303.3,4,0.0
26,17,7,10,2,5.5,0.6363636363636364,0.625,68.30785968910459,5,266.4,2,0.0
41,25,15,10,7,4.5,1.3636363636363635,1.6304347826086958,74.5366171050648,6,236.6,2,0.0
31,4,1,3,0,2.75,0.25,0.17543859649122806,53.662815287763195,1,52.8,0,1.0
19,6,1,5,0,1.5,0.16666666666666666,0.3125,62.2036852724869,3,37.6,0,1.0
26,9,3,6,2,1.5,0.42857142857142855,0.9375,50.810468509080756,2,100.8,1,0.0
22,13,5,8,1,2.0,0.5555555555555556,1.1904761904761905,41.918945340491504,5,283.1,2,0.0
38,10,5,5,2,2.5,0.8333333333333334,0.9615384615384615,62.219787201713196,3,161.0,2,0.0
18,12,2,10,1,2.0,0.18181818181818182,0.47619047619047616,58.20224735795689,1,115.8,0,0.0
30,9,5,4,2,0.75,1.0,2.9411764705882355,53.779660669559625,3,165.5,3,0.0
21,19,10,9,6,3.5,1.0,1.3888888888888888,64.46241661339529,4,127.3,2,0.0
25,14,8,6,1,5.25,1.1428571428571428,0.7476635514018692,70.43020109311072,5,460.20000000000005,5,0.0
36,18,9,9,6,5.0,0.9,0.8823529411764707,73.23797494788926,7,577.5,6,0.0
43,18,10,8,7,3.0,1.1111111111111112,1.6129032258064515,61.64952094866737,4,218.29999999999998,0,0.0
36,20,8,12,2,4.75,0.6153846153846154,0.8247422680412372,78.63279344247951,6,737.4,1,0.0
29,13,2,11,1,2.0,0.16666666666666666,0.47619047619047616,53.10573587375962,3,145.6,1,0.0
29,17,5,12,3,2.5,0.38461538461538464,0.9615384615384615,60.53454042675048,6,463.1,1,0.0
16,18,7,11,4,4.75,0.5833333333333334,0.7216494845360826,61.71894224360598,6,275.4,3,0.0
38,22,9,13,4,3.0,0.6428571428571429,1.4516129032258065,66.86557641923146,4,433.0,2,0.0
40,10,8,2,4,1.75,2.6666666666666665,2.162162162162162,65.96540283256353,3,184.0,3,0.0
44,15,9,6,5,4.75,1.2857142857142858,0.9278350515463918,53.426306639231484,3,471.5,3,0.0
38,23,12,11,7,6.75,1.0,0.8759124087591241,79.12940417775793,7,604.1,2,0.0
23,18,9,9,7,7.75,0.9,0.5732484076433121,86.72067229251897,8,455.4,1,0.0
40,21,5,16,2,3.25,0.29411764705882354,0.7462686567164178,65.84439278171735,5,257.59999999999997,4,0.0
16,11,3,8,3,3.75,0.3333333333333333,0.38961038961038963,68.3965117426337,6,328.3,3,0.0
40,14,9,5,4,4.25,1.5,1.0344827586206897,72.18846880662917,5,231.9,4,0.0
40,16,4,12,2,4.75,0.3076923076923077,0.4123711340206186,67.66234916567419,8,661.9,3,0.0
34,12,6,6,5,3.75,0.8571428571428571,0.7792207792207793,56.17977811927759,3,284.0,4,0.0
32,7,5,2,1,0.75,1.6666666666666667,2.9411764705882355,46.995290947651704,0,177.7,2,0.0
39,21,8,13,3,5.5,0.5714285714285714,0.7142857142857143,60.43695751213759,7,174.1,4,0.0
30,4,1,3,0,2.0,0.25,0.23809523809523808,28.447361341503708,2,71.1,1,1.0
19,21,7,14,4,6.0,0.4666666666666667,0.5737704918032788,82.14126800090831,5,526.1,10,0.0
18,8,5,3,3,3.5,1.25,0.6944444444444444,60.24050855937009,6,166.0,3,0.0
28,10,5,5,3,1.5,0.8333333333333334,1.5625,55.34697591679037,2,218.2,4,0.0
41,8,2,6,0,4.5,0.2857142857142857,0.2173913043478261,75.82264448047773,2,309.0,0,1.0
17,19,10,9,6,5.75,1.0,0.8547008547008548,72.18149938395496,6,367.6,3,0.0
30,27,11,16,6,5.0,0.6470588235294118,1.0784313725490198,76.75472979602333,8,393.8,2,0.0
17,23,10,13,5,5.75,0.7142857142857143,0.8547008547008548,66.51478771736079,4,384.7,6,0.0
38,20,10,10,8,3.75,0.9090909090909091,1.2987012987012987,65.90999074760533,4,331.59999999999997,3,0.0
19,30,11,19,7,5.5,0.55,0.9821428571428572,67.80983743800188,7,225.6,3,0.0
38,5,2,3,1,2.0,0.5,0.47619047619047616,46.111615765402846,1,242.1,2,0.0
41,11,8,3,4,2.25,2.0,1.702127659574468,66.67590314678999,4,323.90000000000003,2,0.0
44,17,9,8,5,3.5,1.0,1.25,68.83973853411923,6,343.3,4,0.0
28,12,3,9,2,3.75,0.3,0.38961038961038963,59.7450717195429,3,222.0,0,0.0
38,18,9,9,4,5.25,0.9,0.8411214953271029,72.34913135469685,3,560.7,4,0.0
30,13,5,8,2,4.0,0.5555555555555556,0.6097560975609757,67.42631103384012,5,249.4,1,0.0
29,13,9,4,5,2.0,1.8,2.142857142857143,53.18267225393236,3,153.3,1,0.0
19,13,9,4,5,3.25,1.8,1.3432835820895521,65.97496344672182,3,305.09999999999997,1,0.0
39,20,16,4,10,6.5,3.2,1.2121212121212122,76.48775644643905,6,607.7,1,0.0
44,10,3,7,2,1.25,0.375,1.111111111111111,54.70290795417452,1,219.9,2,0.0
25,12,7,5,1,4.25,1.1666666666666667,0.8045977011494253,74.80415173719875,4,326.7,2,0.0
17,24,12,12,8,5.5,0.9230769230769231,1.0714285714285714,77.30947683581454,4,683.2,4,0.0
35,14,5,9,3,3.0,0.5,0.8064516129032258,72.28506479917426,5,302.8,4,0.0
34,8,4,4,0,5.25,0.8,0.3738317757009346,92.96534737778596,3,327.4,4,1.0
24,8,4,4,3,2.25,0.8,0.851063829787234,61.90005967825583,3,288.09999999999997,3,0.0
21,16,8,8,3,4.75,0.8888888888888888,0.8247422680412372,72.79097598370228,6,629.3,1,0.0
18,15,7,8,2,2.5,0.7777777777777778,1.346153846153846,62.98119158207048,4,260.2,2,0.0
35,25,15,10,7,7.25,1.3636363636363635,1.0204081632653061,68.03504486215998,6,367.6,0,0.0
33,13,7,6,4,4.0,1.0,0.853658536585366,67.09962964998323,6,287.4,1,0.0
25,15,5,10,2,5.75,0.45454545454545453,0.4273504273504274,77.01456602617414,7,525.0,4,0.0
37,10,6,4,4,3.25,1.2,0.8955223880597015,61.722373600161966,0,175.89999999999998,3,0.0
40,21,12,9,5,3.75,1.2,1.5584415584415585,60.917935283214376,3,206.7,1,0.0
16,3,2,1,2,1.0,1.0,0.9090909090909091,40.80267886592912,1,56.1,0,0.0
39,4,2,2,1,1.25,0.6666666666666666,0.7407407407407407,33.130286971867406,1,73.4,0,0.0
16,12,8,4,4,2.25,1.6,1.702127659574468,60.368293698361356,4,374.4,3,0.0
33,8,2,6,0,2.75,0.2857142857142857,0.3508771929824561,48.21013089149821,4,453.8,2,1.0
21,6,5,1,3,2.5,2.5,0.9615384615384615,72.9692945592301,2,350.6,1,0.0
18,23,17,6,10,3.75,2.4285714285714284,2.207792207792208,68.32142627193406,7,139.6,4,0.0
27,5,1,4,0,2.75,0.2,0.17543859649122806,70.93610501500933,2,135.5,2,1.0
29,12,9,3,5,3.25,2.25,1.3432835820895521,70.96207247699766,8,496.9,1,0.0
37,17,8,9,3,3.25,0.8,1.1940298507462686,81.88235914755747,7,239.29999999999998,4,0.0
19,4,1,3,0,2.0,0.25,0.23809523809523808,71.22875441721885,4,122.10000000000001,0,1.0
43,7,2,5,0,3.25,0.3333333333333333,0.29850746268656714,43.96841217352025,0,224.6,0,1.0
31,19,9,10,7,4.25,0.8181818181818182,1.0344827586206897,62.97117996878318,6,476.9,2,0.0
22,6,3,3,2,1.0,0.75,1.3636363636363635,34.01083207750899,2,102.5,0,0.0
26,9,4,5,3,2.75,0.6666666666666666,0.7017543859649122,57.08478970154446,5,371.40000000000003,2,0.0
40,6,3,3,1,5.5,0.75,0.26785714285714285,57.364020944701366,3,175.8,1,0.0
17,27,14,13,8,4.75,1.0,1.4432989690721651,70.52661117767104,6,450.3,3,0.0
30,28,16,12,8,3.75,1.2307692307692308,2.0779220779220777,77.88969850090018,8,398.0,7,0.0
32,14,8,6,5,4.5,1.1428571428571428,0.8695652173913044,66.04961993966064,4,331.59999999999997,2,0.0
27,17,9,8,3,4.0,1.0,1.0975609756097562,63.455996644163946,6,239.9,3,0.0
26,21,12,9,7,4.5,1.2,1.3043478260869565,56.7417597347814,3,292.2,2,0.0
22,17,8,9,5,4.0,0.8,0.9756097560975611,62.41259787350242,3,263.4,1,0.0
29,22,14,8,7,4.5,1.5555555555555556,1.5217391304347827,78.400424822976,6,366.8,4,0.0
26,15,2,13,1,3.25,0.14285714285714285,0.29850746268656714,62.695745480843335,4,294.4,2,0.0
38,18,12,6,7,5.25,1.7142857142857142,1.1214953271028039,76.06463683737745,5,336.1,2,0.0
39,18,12,6,7,2.5,1.7142857142857142,2.3076923076923075,69.45877095430505,2,199.4,2,0.0
18,11,2,9,1,2.0,0.2,0.47619047619047616,49.48181422684682,3,90.2,1,0.0
18,16,7,9,4,6.0,0.7,0.5737704918032788,79.34743891429015,6,375.3,3,0.0
26,17,7,10,2,6.25,0.6363636363636364,0.5511811023622047,81.20551347038477,7,545.4,6,0.0
28,19,9,10,3,4.5,0.8181818181818182,0.9782608695652175,70.69226843923762,5,222.1,1,0.0
17,11,7,4,2,4.5,1.4,0.7608695652173914,53.7134487784474,5,421.9,1,0.0
28,16,3,13,2,5.0,0.21428571428571427,0.29411764705882354,72.78366673969892,7,248.4,2,0.0
38,19,9,10,2,5.75,0.8181818181818182,0.7692307692307693,75.45750341870638,5,456.90000000000003,1,0.0
32,13,4,9,1,3.25,0.4,0.5970149253731343,45.809143076419055,5,125.7,4,0.0
18,16,10,6,3,3.25,1.4285714285714286,1.4925373134328357,65.2470998473269,3,143.8,1,0.0
22,5,3,2,0,1.25,1.0,1.111111111111111,52.00686209133917,0,176.70000000000002,2,1.0
28,18,10,8,7,5.25,1.1111111111111112,0.9345794392523366,64.10819858326984,6,236.0,3,0.0
41,10,7,3,6,2.25,1.75,1.4893617021276595,53.819637931673164,1,131.1,1,0.0
33,17,8,9,6,4.25,0.8,0.9195402298850576,70.43262462614481,5,472.1,1,0.0
16,7,3,4,2,2.75,0.6,0.5263157894736842,42.84962028296863,1,132.7,1,0.0
23,5,1,4,0,2.75,0.2,0.17543859649122806,42.86311521643363,2,125.49999999999999,2,1.0
44,19,10,9,2,3.0,1.0,1.6129032258064515,69.49356676412,4,294.4,1,0.0
31,14,7,7,4,4.5,0.875,0.7608695652173914,66.39919204761325,6,501.9,4,0.0
20,9,5,4,5,2.0,1.0,1.1904761904761905,54.99183417127632,3,202.0,4,0.0
17,8,3,5,0,1.5,0.5,0.9375,50.99961163568073,1,230.1,1,1.0
17,9,5,4,3,3.0,1.0,0.8064516129032258,69.81989494178278,3,332.2,3,0.0
28,12,3,9,1,3.5,0.3,0.41666666666666663,66.1213940522607,2,310.2,3,0.0
25,9,3,6,3,2.75,0.42857142857142855,0.5263157894736842,60.52103280669712,2,267.7,3,0.0
24,3,2,1,0,2.5,1.0,0.3846153846153846,60.9933500533956,2,137.79999999999998,2,1.0
34,22,10,12,5,4.0,0.7692307692307693,1.2195121951219514,71.9951980727178,5,370.6,2,0.0
17,12,8,4,2,5.5,1.6,0.7142857142857143,53.688328470237934,5,320.9,2,0.0
18,12,7,5,5,3.75,1.1666666666666667,0.9090909090909091,63.16875298737955,5,182.4,2,0.0
20,12,7,5,2,1.75,1.1666666666666667,1.8918918918918919,58.482663317372804,2,145.1,0,0.0
38,5,3,2,1,1.5,1.0,0.9375,49.92901800111151,1,57.4,2,0.0
44,16,10,6,9,6.0,1.4285714285714286,0.819672131147541,71.06404419346609,8,526.3,3,0.0
23,7,4,3,3,3.5,1.0,0.5555555555555556,69.20353789141724,4,225.0,0,0.0
28,24,10,14,2,5.0,0.6666666666666666,0.9803921568627452,69.50698713293754,5,241.29999999999998,2,0.0
33,22,7,15,6,4.25,0.4375,0.8045977011494253,70.23339202033785,3,379.40000000000003,4,0.0
37,8,2,6,0,1.75,0.2857142857142857,0.5405405405405405,53.575842668274085,2,116.1,0,1.0
41,9,3,6,3,4.0,0.42857142857142855,0.3658536585365854,62.77300883932539,4,179.4,3,0.0
35,4,2,2,0,0.75,0.6666666666666666,1.1764705882352942,,0,67.7,2,1.0
39,4,2,2,1,2.0,0.6666666666666666,0.47619047619047616,61.54390096132659,3,213.0,1,0.0
28,9,5,4,1,3.25,1.0,0.7462686567164178,55.15888365406653,4,311.2,4,0.0
33,22,10,12,2,5.0,0.7692307692307693,0.9803921568627452,74.12211576654231,5,428.7,4,0.0
33,16,10,6,6,4.25,1.4285714285714286,1.149425287356322,79.0035046815396,1,370.40000000000003,3,0.0
38,13,6,7,3,5.25,0.75,0.5607476635514019,72.8792895519365,5,305.4,0,0.0
33,18,8,10,2,5.75,0.7272727272727273,0.6837606837606838,72.10871403011939,5,275.6,3,0.0
19,8,1,7,0,2.25,0.125,0.2127659574468085,66.09347258372986,0,118.2,0,1.0
22,17,8,9,5,2.5,0.8,1.5384615384615383,69.20583743420131,6,179.3,2,0.0
23,15,13,2,7,4.0,4.333333333333333,1.5853658536585367,62.169285377865776,5,336.7,3,0.0
29,16,9,7,5,2.25,1.125,1.9148936170212765,63.637219268162966,4,187.20000000000002,3,0.0
33,20,11,9,8,7.75,1.1,0.7006369426751593,79.74294003487029,7,292.7,4,0.0
22,18,10,8,8,4.25,1.1111111111111112,1.149425287356322,71.55664076696058,4,436.5,5,0.0
25,5,3,2,1,1.0,1.0,1.3636363636363635,53.9031792970366,1,130.9,1,0.0
35,25,10,15,6,4.25,0.625,1.149425287356322,74.67691638841266,7,158.4,3,0.0
20,20,8,12,3,6.0,0.6153846153846154,0.6557377049180328,82.5409400460079,6,354.5,1,0.0
24,23,12,11,1,3.25,1.0,1.791044776119403,76.60363288593757,6,308.0,3,0.0
44,7,7,0,4,2.75,7.0,1.2280701754385965,54.22062113210773,3,168.70000000000002,1,0.0
20,22,9,13,4,5.75,0.6428571428571429,0.7692307692307693,56.41046213076132,2,198.6,4,0.0
20,24,10,14,5,3.5,0.6666666666666666,1.3888888888888888,69.68401099396009,5,351.3,2,0.0
36,8,8,0,5,2.25,8.0,1.702127659574468,42.341970689945704,3,178.9,4,0.0
19,23,15,8,8,6.0,1.6666666666666667,1.2295081967213115,77.36164641720748,7,549.1,2,0.0
32,10,7,3,3,2.0,1.75,1.6666666666666665,60.61847310897909,5,406.5,4,0.0
28,17,9,8,6,3.25,1.0,1.3432835820895521,60.625386252454675,3,185.1,0,0.0
36,17,7,10,3,4.75,0.6363636363636364,0.7216494845360826,72.3137571444232,8,456.4,0,0.0
16,27,12,15,8,1.5,0.75,3.75,62.14224881478012,4,371.3,1,0.0
30,9,5,4,3,1.0,1.0,2.2727272727272725,39.54503265869184,0,113.2,0,0.0
22,17,5,12,5,2.5,0.38461538461538464,0.9615384615384615,68.63616097885574,3,185.0,1,0.0
24,18,7,11,3,1.75,0.5833333333333334,1.8918918918918919,58.41724210243272,6,356.3,2,0.0
36,13,5,8,2,1.5,0.5555555555555556,1.5625,57.73308140589895,5,251.60000000000002,3,0.0
32,14,6,8,1,4.5,0.6666666666666666,0.6521739130434783,72.49744551828115,7,295.3,2,0.0
32,19,8,11,1,4.25,0.6666666666666666,0.9195402298850576,72.30000570810115,7,561.3000000000001,2,0.0
43,28,14,14,8,4.75,0.9333333333333333,1.4432989690721651,82.43691981589998,7,178.2,5,0.0
44,11,4,7,3,3.5,0.5,0.5555555555555556,59.43201973437209,4,260.7,3,0.0
32,16,10,6,5,3.5,1.4285714285714286,1.3888888888888888,63.49427032253794,4,295.8,4,0.0
22,25,14,11,4,6.75,1.1666666666666667,1.0218978102189782,80.92112407860832,8,756.6,5,0.0
28,21,9,12,3,3.75,0.6923076923076923,1.1688311688311688,64.36977687961748,6,621.7,1,0.0
17,5,4,1,2,1.0,2.0,1.8181818181818181,41.51020511166315,0,120.4,0,0.0
23,20,6,14,4,3.75,0.4,0.7792207792207793,66.04522024011406,4,284.4,3,0.0
42,15,7,8,3,4.25,0.7777777777777778,0.8045977011494253,44.66525375142271,4,350.7,2,0.0
34,2,1,1,0,3.25,0.5,0.14925373134328357,58.487716608633605,3,63.400000000000006,0,1.0
21,9,4,5,2,3.5,0.6666666666666666,0.5555555555555556,77.57158621917844,1,282.7,1,0.0
18,7,5,2,0,0.5,1.6666666666666667,4.166666666666667,52.95878789603826,4,120.4,2,1.0
35,18,14,4,9,2.25,2.8,2.978723404255319,66.18001933278204,4,217.5,3,0.0
23,17,9,8,5,3.0,1.0,1.4516129032258065,63.620150656501394,5,115.6,1,0.0
16,16,9,7,7,3.5,1.125,1.25,67.20021727978548,5,406.09999999999997,3,0.0
25,12,7,5,3,3.75,1.1666666666666667,0.9090909090909091,74.20776724626025,6,419.2,2,0.0
38,34,14,20,10,8.0,0.6666666666666666,0.8641975308641976,79.17881377336215,8,204.5,1,0.0
32,12,4,8,2,2.0,0.4444444444444444,0.9523809523809523,57.84874174912115,4,309.2,2,0.0
18,6,2,4,0,2.5,0.4,0.3846153846153846,51.746057083038096,2,165.6,0,1.0
19,7,6,1,2,1.75,3.0,1.6216216216216215,54.06709316983038,3,272.5,1,0.0
35,22,9,13,3,6.25,0.6428571428571429,0.7086614173228347,79.51986685832257,8,712.1,3,0.0
23,9,7,2,3,4.25,2.3333333333333335,0.8045977011494253,68.67373047320456,6,180.5,5,0.0
39,8,2,6,2,1.75,0.2857142857142857,0.5405405405405405,59.98077603036684,5,206.5,0,0.0
30,14,5,9,2,1.25,0.5,1.8518518518518516,59.53548716798338,7,179.6,0,0.0
40,11,6,5,4,2.5,1.0,1.1538461538461537,59.8438639387825,1,132.7,2,0.0
32,19,9,10,5,4.75,0.8181818181818182,0.9278350515463918,84.14885292772036,5,389.9,3,0.0
44,12,5,7,5,3.5,0.625,0.6944444444444444,52.461949289901185,1,145.6,2,0.0
29,11,2,9,0,3.5,0.2,0.2777777777777778,65.38533043889346,4,267.09999999999997,0,1.0
26,18,10,8,5,5.5,1.1111111111111112,0.8928571428571429,60.915526838789965,6,380.5,1,0.0
34,11,3,8,1,2.25,0.3333333333333333,0.6382978723404255,62.665491745351424,4,282.9,2,0.0
27,20,7,13,3,5.25,0.5,0.6542056074766356,64.19230396976181,4,436.8,2,0.0
40,11,4,7,1,4.0,0.5,0.48780487804878053,65.96819260778193,2,91.10000000000001,1,0.0
42,18,7,11,4,3.0,0.5833333333333334,1.129032258064516,63.58641061816259,4,251.0,2,0.0
41,26,11,15,4,6.25,0.6875,0.8661417322834646,87.03946848598264,7,470.7,3,0.0
21,18,8,10,4,4.75,0.7272727272727273,0.8247422680412372,62.94508570321195,4,303.0,2,0.0
18,17,6,11,2,3.5,0.5,0.8333333333333333,68.66621376324157,4,184.0,1,0.0
33,14,7,7,0,1.75,0.875,1.8918918918918919,67.46793782248334,6,575.1,3,1.0
44,11,4,7,3,2.75,0.5,0.7017543859649122,52.85792391951856,5,169.6,1,0.0
27,7,2,5,2,1.75,0.3333333333333333,0.5405405405405405,58.43910212293636,2,92.30000000000001,0,0.0
22,23,11,12,8,5.75,0.8461538461538461,0.9401709401709403,70.51246155922983,5,193.4,3,0.0
18,10,3,7,0,3.5,0.375,0.41666666666666663,51.38535013279504,5,99.60000000000001,1,1.0
36,13,4,9,1,4.0,0.4,0.48780487804878053,64.4803786727388,3,333.7,1,0.0
24,20,13,7,8,7.25,1.625,0.8843537414965987,77.49944312568054,6,247.10000000000002,1,0.0
18,23,10,13,6,4.75,0.7142857142857143,1.0309278350515465,58.48733107135913,3,391.79999999999995,2,0.0
16,16,9,7,6,5.25,1.125,0.8411214953271029,64.52730914487792,7,384.5,2,0.0
28,2,1,1,0,1.0,0.5,0.45454545454545453,54.469738943052484,0,29.2,0,1.0
34,9,2,7,0,4.0,0.25,0.24390243902439027,61.4229618575429,2,185.8,1,1.0
35,17,10,7,5,3.25,1.25,1.4925373134328357,68.33257617041984,5,316.5,1,0.0
27,15,5,10,3,6.0,0.45454545454545453,0.4098360655737705,67.52486873497382,4,90.1,3,0.0
19,16,10,6,5,6.25,1.4285714285714286,0.7874015748031497,72.46844301327899,6,534.9,2,0.0
33,3,2,1,2,2.25,1.0,0.425531914893617,53.68760195596043,1,180.39999999999998,1,0.0
26,24,16,8,6,7.5,1.7777777777777777,1.0526315789473684,80.53713816106283,8,563.1,2,0.0
33,19,7,12,4,4.5,0.5384615384615384,0.7608695652173914,66.63946725156188,6,321.7,3,0.0
22,11,4,7,1,3.75,0.5,0.5194805194805194,63.02653085221853,4,391.59999999999997,6,0.0
20,16,7,9,4,6.5,0.7,0.5303030303030303,68.1670726361587,7,690.8,5,0.0
23,10,4,6,1,4.0,0.5714285714285714,0.48780487804878053,61.70907430361257,7,220.1,2,0.0
27,12,5,7,5,3.75,0.625,0.6493506493506493,66.5503011317336,4,344.6,7,0.0
39,10,4,6,1,4.75,0.5714285714285714,0.4123711340206186,76.3834817440408,7,376.3,3,0.0
34,8,4,4,2,2.0,0.8,0.9523809523809523,45.764623702796676,1,112.8,1,0.0
40,5,2,3,1,2.0,0.5,0.47619047619047616,,2,218.7,0,0.0
29,6,1,5,1,4.0,0.16666666666666666,0.12195121951219513,56.30005887337186,2,276.0,2,0.0
41,10,7,3,3,1.25,1.75,2.5925925925925926,54.75045982054057,4,121.2,3,0.0
20,21,10,11,7,5.0,0.8333333333333334,0.9803921568627452,68.23698703513647,7,546.6,6,0.0
27,15,6,9,3,2.25,0.6,1.276595744680851,52.3679681567424,5,198.7,4,0.0
16,25,15,10,8,4.5,1.3636363636363635,1.6304347826086958,86.74198410687394,7,480.4,1,0.0
16,9,4,5,1,3.25,0.6666666666666666,0.5970149253731343,56.86051078781756,2,187.8,5,0.0
19,18,8,10,3,4.0,0.7272727272727273,0.9756097560975611,70.19700674854427,5,305.5,2,0.0
35,21,9,12,6,5.75,0.6923076923076923,0.7692307692307693,70.54682378759642,5,495.2,5,0.0
27,11,6,5,3,2.0,1.0,1.4285714285714286,63.40825458395467,4,146.2,2,0.0
29,13,5,8,3,4.5,0.5555555555555556,0.5434782608695653,59.72096060035429,6,406.90000000000003,0,0.0
38,10,6,4,2,3.0,1.2,0.9677419354838709,71.35349023954382,2,703.1,3,0.0
31,17,9,8,3,4.0,1.0,1.0975609756097562,72.39925154432407,7,336.7,3,0.0
29,19,5,14,1,4.25,0.3333333333333333,0.574712643678161,89.52197263468965,6,720.8000000000001,0,0.0
34,23,10,13,3,4.75,0.7142857142857143,1.0309278350515465,79.4977034151114,5,384.8,3,0.0
28,13,7,6,4,4.75,1.0,0.7216494845360826,63.88240062924986,4,243.7,2,0.0
24,13,7,6,2,3.75,1.0,0.9090909090909091,67.15736396342176,6,634.0,6,0.0
21,17,7,10,3,3.0,0.6363636363636364,1.129032258064516,34.76802180469019,2,292.9,3,0.0
35,18,10,8,7,2.75,1.1111111111111112,1.7543859649122806,57.22461841616106,3,236.8,1,0.0
40,11,5,6,3,4.75,0.7142857142857143,0.5154639175257733,75.79821819640856,5,410.0,3,0.0
18,25,10,15,4,5.5,0.625,0.8928571428571429,89.82223338677471,4,354.2,3,0.0
16,6,3,3,1,1.5,0.75,0.9375,63.97900934191785,1,77.9,0,0.0
40,17,10,7,7,5.75,1.25,0.8547008547008548,66.50592490542425,6,492.9,3,0.0
17,7,3,4,1,1.75,0.6,0.8108108108108107,48.80766908322399,1,150.7,1,0.0
37,14,6,8,2,4.75,0.6666666666666666,0.6185567010309279,70.83320072879309,3,216.6,4,0.0
38,15,9,6,6,5.75,1.2857142857142858,0.7692307692307693,67.62685820465322,4,281.9,2,0.0
22,9,4,5,3,2.25,0.6666666666666666,0.851063829787234,57.282588768690374,2,242.0,2,0.0
16,21,10,11,6,4.25,0.8333333333333334,1.149425287356322,76.68961123303569,5,448.6,4,0.0
32,4,1,3,1,3.25,0.25,0.14925373134328357,46.543627948124,1,244.5,1,0.0
21,16,6,10,4,4.75,0.5454545454545454,0.6185567010309279,79.73197845192786,7,368.8,5,0.0
42,17,10,7,4,3.75,1.25,1.2987012987012987,78.1447550851526,6,168.5,2,0.0
18,4,2,2,1,0.5,0.6666666666666666,1.6666666666666667,33.700933591870665,0,118.19999999999999,0,0.0
34,12,5,7,1,4.5,0.625,0.5434782608695653,71.45184293303886,3,200.3,2,0.0
38,5,1,4,0,2.25,0.2,0.2127659574468085,40.416694283866654,3,250.1,1,1.0
21,14,9,5,6,1.5,1.5,2.8125,52.61906043762488,5,217.0,6,0.0
39,17,7,10,3,4.75,0.6363636363636364,0.7216494845360826,69.06367962845022,4,251.5,1,0.0
18,13,6,7,5,3.75,0.75,0.7792207792207793,51.67639452375392,3,168.9,2,0.0
28,23,9,14,1,3.25,0.6,1.3432835820895521,72.98392388582373,3,125.7,5,0.0
23,23,9,14,4,5.75,0.6,0.7692307692307693,78.0486590037727,6,453.40000000000003,1,0.0
29,12,8,4,4,2.25,1.6,1.702127659574468,62.59952955487265,1,317.2,1,0.0
30,9,5,4,3,3.75,1.0,0.6493506493506493,63.31806529234659,5,369.9,4,0.0
26,3,1,2,0,0.5,0.3333333333333333,0.8333333333333334,58.332148067123164,0,27.3,0,1.0
39,3,1,2,0,1.75,0.3333333333333333,0.27027027027027023,59.89156399787771,1,167.5,0,1.0
28,19,7,12,4,3.0,0.5384615384615384,1.129032258064516,50.29722593427234,5,157.9,0,0.0
37,9,2,7,0,4.0,0.25,0.24390243902439027,59.26424898845818,3,59.0,1,1.0
36,17,8,9,1,3.25,0.8,1.1940298507462686,73.80069902859613,6,357.5,4,0.0
19,5,2,3,1,0.75,0.5,1.1764705882352942,53.93425026528873,3,183.6,1,0.0
29,5,3,2,1,1.25,1.0,1.111111111111111,49.86913045993011,1,313.9,0,0.0
17,16,12,4,5,4.25,2.4,1.3793103448275863,68.23113022428349,5,403.1,3,0.0
25,21,13,8,6,6.25,1.4444444444444444,1.0236220472440944,76.7400269685556,7,389.2,3,0.0
26,26,11,15,6,4.25,0.6875,1.264367816091954,80.41765462960836,6,383.90000000000003,3,0.0
41,27,15,12,10,5.5,1.1538461538461537,1.3392857142857144,65.76436062124925,7,591.0,2,0.0
20,17,8,9,1,3.0,0.8,1.2903225806451613,65.44680550868567,5,295.5,1,0.0
37,12,10,2,4,3.5,3.3333333333333335,1.3888888888888888,57.233578558700174,5,405.2,5,0.0
25,22,11,11,6,3.75,0.9166666666666666,1.4285714285714286,68.15943932046333,4,318.90000000000003,4,0.0
29,8,4,4,3,1.25,0.8,1.4814814814814814,60.22992651820974,2,218.9,0,0.0
41,10,8,2,2,7.25,2.6666666666666665,0.54421768707483,90.93126538754719,8,288.90000000000003,3,0.0
35,15,12,3,7,5.5,3.0,1.0714285714285714,58.650329509976864,2,160.1,4,0.0
24,7,3,4,3,3.0,0.6,0.48387096774193544,51.21524190587045,4,276.0,1,0.0
22,15,6,9,4,2.25,0.6,1.276595744680851,52.315139583380514,2,151.4,3,0.0
17,8,3,5,2,1.75,0.5,0.8108108108108107,48.82054683285289,2,115.6,0,0.0
31,28,10,18,7,7.25,0.5263157894736842,0.6802721088435374,84.4424408072436,7,214.7,5,0.0
44,18,6,12,3,4.0,0.46153846153846156,0.7317073170731708,73.137003485569,7,487.9,4,0.0
25,21,8,13,5,6.5,0.5714285714285714,0.6060606060606061,84.79105421313474,5,447.0,2,0.0
18,9,3,6,1,2.25,0.42857142857142855,0.6382978723404255,52.52735225885837,3,129.3,3,0.0
37,25,14,11,5,6.25,1.1666666666666667,1.1023622047244095,61.993223780908316,7,421.9,4,0.0
44,19,9,10,3,5.25,0.8181818181818182,0.8411214953271029,61.36935519693355,6,304.70000000000005,2,0.0
20,11,5,6,1,7.75,0.7142857142857143,0.3184713375796179,66.48898132041263,6,226.8,1,0.0
26,11,4,7,3,2.5,0.5,0.7692307692307692,61.28050452126367,4,193.4,0,0.0
39,1,1,0,0,1.5,1.0,0.3125,,0,34.1,0,1.0
27,14,9,5,7,3.75,1.5,1.1688311688311688,55.19454866214814,3,149.8,2,0.0
43,7,2,5,0,4.75,0.3333333333333333,0.2061855670103093,62.17171390878457,0,89.2,2,1.0
21,12,6,6,5,2.0,0.8571428571428571,1.4285714285714286,64.72756310763266,2,218.0,1,0.0
37,20,11,9,4,6.0,1.1,0.9016393442622951,70.40323807980053,4,352.3,2,0.0
36,9,3,6,3,4.25,0.42857142857142855,0.3448275862068966,50.870859808002045,5,191.1,0,0.0
28,15,7,8,3,2.25,0.7777777777777778,1.4893617021276595,49.745395465024586,1,197.1,2,0.0
39,13,6,7,1,2.0,0.75,1.4285714285714286,52.5433594160119,2,208.2,0,0.0
40,3,2,1,0,0.5,1.0,1.6666666666666667,38.09031815055354,0,81.3,2,1.0
39,15,7,8,3,2.0,0.7777777777777778,1.6666666666666665,47.79246048768843,3,297.2,0,0.0
18,18,10,8,9,6.75,1.1111111111111112,0.7299270072992701,80.74213755050424,7,552.9,4,0.0
28,12,8,4,2,3.25,1.6,1.1940298507462686,70.17759094824123,4,323.7,2,0.0
37,16,6,10,2,4.25,0.5454545454545454,0.6896551724137931,55.16859077912525,6,148.2,4,0.0
41,19,8,11,3,3.5,0.6666666666666666,1.1111111111111112,62.28705479884006,5,227.5,4,0.0
26,9,3,6,1,4.25,0.42857142857142855,0.3448275862068966,66.21688749945227,4,369.5,3,0.0
37,14,5,9,1,3.75,0.5,0.6493506493506493,62.43593840412595,4,297.5,2,0.0
32,19,11,8,3,3.75,1.2222222222222223,1.4285714285714286,62.323657966318464,3,491.5,4,0.0
22,7,4,3,1,1.5,1.0,1.25,44.303572656823434,1,110.9,4,0.0
41,19,9,10,5,3.75,0.8181818181818182,1.1688311688311688,76.28495192188822,8,327.4,2,0.0
28,7,3,4,0,3.5,0.6,0.41666666666666663,64.99181278333856,4,267.3,2,1.0
24,15,7,8,3,4.75,0.7777777777777778,0.7216494845360826,62.78176214366291,4,221.3,1,0.0
29,8,4,4,2,2.0,0.8,0.9523809523809523,62.60310134178277,3,175.8,4,0.0
42,9,1,8,1,2.75,0.1111111111111111,0.17543859649122806,60.51032273839623,5,90.39999999999999,1,0.0
37,14,5,9,4,4.0,0.5,0.6097560975609757,53.00938509954562,3,247.2,3,0.0
34,11,4,7,2,4.75,0.5,0.4123711340206186,54.57939560848581,3,392.2,3,0.0
40,16,11,5,3,2.75,1.8333333333333333,1.9298245614035088,64.13252855341892,5,309.9,0,0.0
36,22,14,8,9,4.0,1.5555555555555556,1.707317073170732,65.35949035498386,6,308.5,1,0.0
40,23,13,10,8,3.5,1.1818181818181819,1.8055555555555556,68.36036216622385,3,355.0,0,0.0
19,9,4,5,3,3.0,0.6666666666666666,0.6451612903225806,51.94418667688396,5,300.1,3,0.0
25,3,3,0,1,2.0,3.0,0.7142857142857143,48.19435785434339,3,146.1,1,0.0
16,8,2,6,2,2.75,0.2857142857142857,0.3508771929824561,67.55390988674567,4,111.5,0,0.0
40,14,9,5,5,3.75,1.5,1.1688311688311688,59.59027822474546,5,325.8,2,0.0
35,11,5,6,2,5.25,0.7142857142857143,0.4672897196261683,58.67828507004382,3,215.1,2,0.0
42,20,9,11,5,4.75,0.75,0.9278350515463918,75.81723738653086,5,250.1,3,0.0
16,14,7,7,4,7.5,0.875,0.46052631578947373,76.55255470039297,7,516.2,1,0.0
20,14,6,8,4,3.5,0.6666666666666666,0.8333333333333333,63.0128389205652,5,269.59999999999997,1,0.0
30,24,10,14,5,4.0,0.6666666666666666,1.2195121951219514,75.62598941487116,6,459.90000000000003,1,0.0
31,7,3,4,0,2.0,0.6,0.7142857142857143,43.11181564673413,3,33.7,2,1.0
26,13,9,4,5,3.75,1.8,1.1688311688311688,76.10307685242682,5,216.89999999999998,3,0.0
22,15,8,7,2,6.5,1.0,0.6060606060606061,56.36733813115928,7,252.60000000000002,2,0.0
41,19,9,10,4,5.5,0.8181818181818182,0.8035714285714286,75.76108457991734,4,348.90000000000003,2,0.0
20,15,4,11,4,4.75,0.3333333333333333,0.4123711340206186,79.51979905061494,6,371.7,5,0.0
32,12,5,7,1,4.0,0.625,0.6097560975609757,63.13882067401897,6,322.4,1,0.0
44,8,3,5,1,2.75,0.5,0.5263157894736842,58.92054382363954,6,320.5,0,0.0
42,31,15,16,8,4.75,0.8823529411764706,1.5463917525773196,69.3408267922267,7,607.8,2,0.0
24,8,1,7,0,3.25,0.125,0.14925373134328357,52.46492256255681,1,168.7,0,1.0
37,20,11,9,6,6.0,1.1,0.9016393442622951,83.5098212287443,6,716.6,3,0.0
40,18,7,11,5,3.25,0.5833333333333334,1.044776119402985,71.67780415225717,4,555.1,2,0.0
42,17,9,8,7,4.0,1.0,1.0975609756097562,75.41156282871398,7,426.4,4,0.0
33,7,3,4,1,4.0,0.6,0.3658536585365854,64.68587348896499,5,188.1,2,0.0
26,18,10,8,4,3.25,1.1111111111111112,1.4925373134328357,69.3681181364715,8,250.29999999999998,1,0.0
41,11,5,6,3,4.0,0.7142857142857143,0.6097560975609757,63.91108125068361,0,170.9,2,0.0
18,26,16,10,7,6.75,1.4545454545454546,1.1678832116788322,84.08384695171148,5,443.29999999999995,3,0.0
24,7,2,5,1,2.75,0.3333333333333333,0.3508771929824561,35.30649979534359,2,277.2,0,0.0
44,16,10,6,5,2.25,1.4285714285714286,2.127659574468085,77.51510822443885,4,305.9,2,0.0
23,23,16,7,7,4.25,2.0,1.8390804597701151,66.25472289405492,5,273.90000000000003,2,0.0
42,11,4,7,0,2.0,0.5,0.9523809523809523,58.124967195423345,3,219.8,1,1.0
18,25,12,13,5,4.5,0.8571428571428571,1.3043478260869565,76.22751058720435,8,340.7,5,0.0
38,17,8,9,5,2.5,0.8,1.5384615384615383,56.263333798445196,6,201.9,4,0.0
18,14,7,7,3,4.25,0.875,0.8045977011494253,52.91132764677127,5,264.2,0,0.0
43,14,6,8,4,2.25,0.6666666666666666,1.276595744680851,68.97301816356942,1,153.8,1,0.0
23,12,4,8,2,1.5,0.4444444444444444,1.25,62.00588932980867,3,209.6,0,0.0
17,20,9,11,3,7.75,0.75,0.5732484076433121,67.90726388755273,8,304.7,6,0.0
37,26,10,16,7,6.75,0.5882352941176471,0.7299270072992701,83.53282436814118,7,260.4,4,0.0
41,18,12,6,6,5.5,1.7142857142857142,1.0714285714285714,70.84511137754558,6,439.4,3,0.0
17,22,12,10,8,5.5,1.0909090909090908,1.0714285714285714,80.56836619639924,5,459.5,1,0.0
30,4,2,2,1,1.25,0.6666666666666666,0.7407407407407407,33.5013521431796,0,111.2,1,0.0
27,14,7,7,4,4.5,0.875,0.7608695652173914,67.89363506130978,3,285.9,1,0.0
25,10,4,6,1,1.5,0.5714285714285714,1.25,56.148040886819295,5,181.79999999999998,2,0.0
44,14,4,10,3,5.75,0.36363636363636365,0.3418803418803419,67.06881359339219,2,240.3,2,0.0
17,5,3,2,2,1.5,1.0,0.9375,47.466904293889854,3,134.8,0,0.0
42,19,10,9,6,3.0,1.0,1.6129032258064515,52.453059674244486,3,164.70000000000002,2,0.0
31,15,10,5,4,3.25,1.6666666666666667,1.4925373134328357,61.03402694504853,2,203.4,1,0.0
43,2,1,1,1,1.0,0.5,0.45454545454545453,35.2089552912048,0,55.900000000000006,0,0.0
22,10,2,8,0,3.25,0.2222222222222222,0.29850746268656714,73.0001760843132,1,103.5,0,1.0
44,9,5,4,3,2.0,1.0,1.1904761904761905,63.44021678836559,5,209.20000000000002,0,0.0
24,27,14,13,10,4.25,1.0,1.6091954022988506,68.66152782460183,4,327.2,7,0.0
29,9,7,2,3,2.75,2.3333333333333335,1.2280701754385965,64.32426494793269,4,315.3,3,0.0
39,10,4,6,3,4.75,0.5714285714285714,0.4123711340206186,57.971993421237684,3,193.0,3,0.0
16,17,9,8,5,5.25,1.0,0.8411214953271029,73.33852189156596,6,404.3,3,0.0
35,17,11,6,4,4.25,1.5714285714285714,1.264367816091954,75.40455793635148,5,165.9,5,0.0
35,16,8,8,4,4.5,0.8888888888888888,0.8695652173913044,58.903475043732456,4,359.7,4,0.0
31,15,8,7,4,5.25,1.0,0.7476635514018692,71.76675628636546,5,211.60000000000002,1,0.0
37,23,14,9,5,7.0,1.4,0.9859154929577465,73.68922386444464,6,185.4,1,0.0
42,12,4,8,2,3.5,0.4444444444444444,0.5555555555555556,60.610194729025665,4,337.1,2,0.0
22,18,13,5,8,3.5,2.1666666666666665,1.8055555555555556,60.913673207325395,2,419.2,2,0.0
29,14,10,4,4,2.75,2.0,1.7543859649122806,59.424730039325134,4,265.6,1,0.0
32,5,3,2,1,4.0,1.0,0.3658536585365854,55.11308443169498,2,94.5,1,0.0
25,17,7,10,2,4.25,0.6363636363636364,0.8045977011494253,72.13461708854119,6,279.7,5,0.0
44,18,10,8,4,4.25,1.1111111111111112,1.149425287356322,70.18727166032119,5,191.5,5,0.0
33,26,19,7,11,5.0,2.375,1.8627450980392157,68.04237451621857,4,309.9,4,0.0
21,13,5,8,2,4.0,0.5555555555555556,0.6097560975609757,70.17409423335964,5,392.9,2,0.0
28,23,13,10,4,7.25,1.1818181818181819,0.8843537414965987,69.99213708896696,5,534.4,3,0.0
34,19,8,11,4,3.5,0.6666666666666666,1.1111111111111112,66.51067362002401,2,422.0,0,0.0
28,20,9,11,5,4.25,0.75,1.0344827586206897,71.7986758222416,6,510.2,1,0.0
25,12,5,7,3,3.25,0.625,0.7462686567164178,63.53292692526526,4,361.59999999999997,2,0.0
39,16,5,11,2,5.5,0.4166666666666667,0.44642857142857145,64.72268511706167,4,217.2,3,0.0
29,24,13,11,5,6.25,1.0833333333333333,1.0236220472440944,78.83645157042368,7,425.0,3,0.0
30,24,13,11,9,4.75,1.0833333333333333,1.3402061855670104,76.76057562457463,7,279.8,3,0.0
24,9,5,4,3,3.5,1.0,0.6944444444444444,49.32532945755644,3,111.3,1,0.0
31,13,5,8,2,4.5,0.5555555555555556,0.5434782608695653,61.50181364839973,6,402.5,1,0.0
36,20,11,9,5,3.5,1.1,1.5277777777777777,69.05301084932852,4,244.0,0,0.0
44,14,5,9,2,3.75,0.5,0.6493506493506493,66.91837294654074,8,107.4,4,0.0
32,11,7,4,6,3.25,1.4,1.044776119402985,66.2951968189275,3,317.3,1,0.0
25,11,1,10,1,1.75,0.09090909090909091,0.27027027027027023,57.79255132792291,2,172.4,0,0.0
18,12,8,4,6,3.75,1.6,1.0389610389610389,67.71865915242685,5,382.0,1,0.0
35,14,8,6,5,2.75,1.1428571428571428,1.4035087719298245,61.0789820279113,3,167.8,2,0.0
39,18,9,9,2,5.5,0.9,0.8035714285714286,74.3372242361751,5,353.5,2,0.0
32,6,5,1,2,3.25,2.5,0.7462686567164178,66.61030960965249,3,566.8,1,0.0
42,14,7,7,4,4.75,0.875,0.7216494845360826,64.9331224761958,7,602.6,2,0.0
25,9,5,4,3,2.0,1.0,1.1904761904761905,50.87583430056719,1,291.2,0,0.0
17,4,1,3,0,1.25,0.25,0.37037037037037035,40.81496950993023,2,47.7,0,1.0
34,10,4,6,1,2.25,0.5714285714285714,0.851063829787234,53.075483577567404,3,276.8,2,0.0
19,19,11,8,7,3.0,1.2222222222222223,1.7741935483870968,59.23265922307016,2,467.6,6,0.0
36,23,14,9,4,3.0,1.4,2.258064516129032,65.90416016179253,4,191.3,2,0.0
28,17,7,10,2,5.5,0.6363636363636364,0.625,65.5822185055946,3,382.8,1,0.0
33,12,7,5,6,5.0,1.1666666666666667,0.6862745098039216,63.04241288223738,4,414.3,1,0.0
27,2,1,1,1,3.25,0.5,0.14925373134328357,68.60437247034804,2,237.0,2,0.0
33,11,5,6,2,2.5,0.7142857142857143,0.9615384615384615,63.36591896122481,2,334.8,1,0.0
31,6,5,1,2,3.75,2.5,0.6493506493506493,63.86380226310029,2,380.1,1,0.0
32,10,6,4,3,2.0,1.2,1.4285714285714286,38.07740216783317,3,84.2,0,0.0
30,23,11,12,4,3.5,0.8461538461538461,1.5277777777777777,75.72733105437926,5,365.4,2,0.0
33,10,2,8,0,2.25,0.2222222222222222,0.425531914893617,35.63948771057938,2,107.7,0,1.0
20,21,11,10,4,4.0,1.0,1.3414634146341464,64.10290574308117,6,258.5,3,0.0
22,14,11,3,5,2.25,2.75,2.3404255319148937,42.95833547154067,3,223.3,3,0.0
18,16,8,8,5,3.0,0.8888888888888888,1.2903225806451613,59.21060622981484,3,315.7,0,0.0
21,13,7,6,4,3.25,1.0,1.044776119402985,44.716712010359956,1,449.2,0,0.0
28,12,8,4,5,3.0,1.6,1.2903225806451613,67.57159338068153,5,444.0,1,0.0
38,17,7,10,3,4.5,0.6363636363636364,0.7608695652173914,70.1891727572612,8,170.5,2,0.0
21,16,5,11,2,4.5,0.4166666666666667,0.5434782608695653,56.50645645590656,5,262.0,2,0.0
26,19,12,7,5,5.0,1.5,1.1764705882352942,76.48106890707625,6,179.9,3,0.0
38,24,13,11,6,3.0,1.0833333333333333,2.096774193548387,71.13840115567714,4,390.7,2,0.0
42,15,8,7,5,5.5,1.0,0.7142857142857143,69.75800436378003,5,312.1,1,0.0
43,12,8,4,4,2.5,1.6,1.5384615384615383,58.064908232527515,1,145.4,3,0.0
27,18,4,14,0,4.25,0.26666666666666666,0.4597701149425288,71.17216984359914,5,262.6,2,1.0
30,3,1,2,0,0.75,0.3333333333333333,0.5882352941176471,58.18210351665799,0,26.1,1,1.0
17,15,6,9,3,4.0,0.6,0.7317073170731708,66.16907884957833,7,220.6,0,0.0
17,13,6,7,5,4.25,0.75,0.6896551724137931,73.20540626846339,4,379.4,5,0.0
37,4,1,3,0,2.0,0.25,0.23809523809523808,47.986072630707596,2,148.6,0,1.0
22,12,7,5,4,1.25,1.1666666666666667,2.5925925925925926,50.9235536932577,2,256.1,0,0.0
36,17,11,6,4,4.5,1.5714285714285714,1.1956521739130437,74.20451124135606,7,545.1,0,0.0
39,13,8,5,3,3.25,1.3333333333333333,1.1940298507462686,62.87688323317267,4,111.8,2,0.0
25,6,1,5,0,6.0,0.16666666666666666,0.0819672131147541,64.03722183319721,3,148.20000000000002,1,1.0
28,15,5,10,2,3.0,0.45454545454545453,0.8064516129032258,67.4076090281359,5,331.9,3,0.0
32,13,6,7,5,4.75,0.75,0.6185567010309279,64.54983148447107,6,272.4,3,0.0
20,27,11,16,3,4.75,0.6470588235294118,1.1340206185567012,66.94343770288545,8,279.7,5,0.0
35,11,5,6,3,3.5,0.7142857142857143,0.6944444444444444,57.22788530172881,4,169.6,2,0.0
43,22,9,13,8,3.5,0.6428571428571429,1.25,68.62403313334654,6,638.3000000000001,4,0.0
18,14,3,11,2,2.25,0.25,0.6382978723404255,51.859145671534094,4,277.7,1,0.0
34,12,7,5,3,4.0,1.1666666666666667,0.853658536585366,67.1569862993022,2,216.7,1,0.0
42,18,12,6,5,5.25,1.7142857142857142,1.1214953271028039,74.20832275330521,7,219.6,3,0.0
36,14,3,11,0,3.25,0.25,0.44776119402985076,63.33249656407735,4,244.6,1,1.0
36,25,17,8,8,8.25,1.8888888888888888,1.0179640718562875,81.29984445607862,7,648.4,6,0.0
20,11,8,3,3,5.25,2.0,0.7476635514018692,74.69949083076202,5,395.7,7,0.0
26,15,8,7,4,4.25,1.0,0.9195402298850576,85.99798777035268,4,398.5,3,0.0
40,9,3,6,0,2.25,0.42857142857142855,0.6382978723404255,67.78147962644618,3,233.5,5,1.0
17,3,2,1,0,0.0,1.0,10.0,,1,83.3,1,1.0
32,7,4,3,3,2.5,1.0,0.7692307692307692,44.05251911748262,2,65.5,1,0.0
44,12,7,5,4,3.5,1.1666666666666667,0.9722222222222222,63.2777655529558,3,473.7,3,0.0
33,8,5,3,3,3.25,1.25,0.7462686567164178,56.178288470930575,4,149.0,1,0.0
23,8,4,4,3,3.25,0.8,0.5970149253731343,61.77531355735803,2,281.2,0,0.0
44,11,4,7,4,4.0,0.5,0.48780487804878053,81.4208397056894,6,360.8,3,0.0
21,17,5,12,0,8.75,0.38461538461538464,0.2824858757062147,74.2070425410016,5,313.5,2,1.0
19,23,10,13,6,4.25,0.7142857142857143,1.149425287356322,73.3915771305412,4,182.2,1,0.0
30,15,4,11,3,5.25,0.3333333333333333,0.3738317757009346,79.26309090084031,8,481.0,3,0.0
27,12,9,3,4,7.0,2.25,0.6338028169014085,72.61759281097461,7,383.5,3,0.0
30,3,1,2,1,0.75,0.3333333333333333,0.5882352941176471,46.680182723461115,0,87.89999999999999,2,0.0
42,14,7,7,3,1.5,0.875,2.1875,65.65130959515004,4,131.6,5,0.0
22,10,6,4,5,6.0,1.2,0.49180327868852464,63.019163567916664,7,253.0,1,0.0
25,18,8,10,6,3.25,0.7272727272727273,1.1940298507462686,69.29210836735884,7,524.6999999999999,2,0.0
16,14,8,6,2,3.5,1.1428571428571428,1.1111111111111112,62.54590144671037,2,243.8,1,0.0
35,12,8,4,5,4.25,1.6,0.9195402298850576,67.97126687113148,4,302.7,2,0.0
40,3,2,1,2,1.0,1.0,0.9090909090909091,40.984062152755996,1,62.0,0,0.0
38,20,8,12,4,3.25,0.6153846153846154,1.1940298507462686,68.82865353423405,6,211.1,2,0.0
20,3,1,2,1,2.75,0.3333333333333333,0.17543859649122806,53.592701182787366,1,179.8,3,0.0
36,11,7,4,5,2.5,1.4,1.346153846153846,55.20602740741051,3,204.7,2,0.0
20,23,12,11,4,4.75,1.0,1.2371134020618557,59.311576921516235,4,293.40000000000003,2,0.0
19,19,10,9,5,3.75,1.0,1.2987012987012987,86.48448991243559,6,438.0,4,0.0
36,14,9,5,9,5.75,1.5,0.7692307692307693,71.77432478860746,7,182.0,3,0.0
33,5,4,1,0,1.5,2.0,1.25,51.17733594262809,3,89.2,0,1.0
30,28,17,11,4,4.5,1.4166666666666667,1.847826086956522,72.65464850739102,5,384.29999999999995,1,0.0
39,11,9,2,2,3.5,3.0,1.25,59.06242501370545,3,140.6,3,0.0
33,10,5,5,2,3.0,0.8333333333333334,0.8064516129032258,62.05364136441948,2,139.7,1,0.0
24,8,2,6,0,2.25,0.2857142857142857,0.425531914893617,69.53999815944282,2,132.4,1,1.0
23,11,3,8,2,3.25,0.3333333333333333,0.44776119402985076,53.928526662308606,4,286.9,3,0.0
26,16,6,10,3,2.25,0.5454545454545454,1.276595744680851,60.58525502665102,5,164.5,0,0.0
30,19,11,8,7,4.5,1.2222222222222223,1.1956521739130437,67.65767930722554,5,313.7,2,0.0
21,17,6,11,2,5.0,0.5,0.5882352941176471,81.59187722787155,7,566.8000000000001,4,0.0
27,9,4,5,1,4.25,0.6666666666666666,0.4597701149425288,50.78775743171375,4,469.8,2,0.0
34,7,1,6,0,1.75,0.14285714285714285,0.27027027027027023,55.55471645620654,0,105.8,1,1.0
29,19,13,6,5,3.5,1.8571428571428572,1.8055555555555556,62.991190372556616,2,213.0,4,0.0
33,14,8,6,6,2.0,1.1428571428571428,1.9047619047619047,51.15480216734295,1,223.0,2,0.0
20,10,4,6,3,4.75,0.5714285714285714,0.4123711340206186,64.17650373075057,3,265.4,3,0.0
44,9,4,5,1,1.5,0.6666666666666666,1.25,42.888940046332216,1,186.0,0,0.0
41,16,8,8,4,2.75,0.8888888888888888,1.4035087719298245,52.447814260618316,1,137.2,3,0.0
28,13,8,5,3,3.5,1.3333333333333333,1.1111111111111112,71.9512283578004,2,407.6,2,0.0
27,6,2,4,0,4.0,0.4,0.24390243902439027,60.549879980035044,4,122.6,1,1.0
21,12,5,7,3,2.5,0.625,0.9615384615384615,,2,110.1,3,0.0
33,17,12,5,7,7.75,2.0,0.7643312101910829,63.67403796668311,4,268.8,1,0.0
34,13,6,7,3,2.75,0.75,1.0526315789473684,73.14678217705287,6,257.4,0,0.0
18,11,8,3,6,2.0,2.0,1.9047619047619047,62.474511967344085,3,189.79999999999998,1,0.0
24,12,5,7,3,3.5,0.625,0.6944444444444444,56.95705413649628,2,143.1,1,0.0
24,13,7,6,5,6.5,1.0,0.5303030303030303,73.76024809795845,7,452.5,4,0.0
16,11,6,5,4,5.5,1.0,0.5357142857142857,69.10956742436203,4,222.3,1,0.0
38,5,3,2,1,2.25,1.0,0.6382978723404255,46.561690586740056,2,183.7,0,0.0
29,11,4,7,2,2.25,0.5,0.851063829787234,60.431669860797506,7,427.5,3,0.0
21,17,6,11,3,4.75,0.5,0.6185567010309279,63.9676454423749,5,408.7,2,0.0
28,15,9,6,6,4.0,1.2857142857142858,1.0975609756097562,69.05989285805981,4,300.9,2,0.0
37,12,6,6,2,2.75,0.8571428571428571,1.0526315789473684,60.975359127073396,2,219.4,2,0.0
43,6,1,5,0,1.0,0.16666666666666666,0.45454545454545453,54.27141862639395,1,58.800000000000004,1,1.0
34,13,5,8,3,3.0,0.5555555555555556,0.8064516129032258,64.60826483565799,4,334.8,3,0.0
44,12,7,5,5,3.75,1.1666666666666667,0.9090909090909091,62.56195730164982,7,351.5,2,0.0
19,19,13,6,8,5.0,1.8571428571428572,1.2745098039215688,59.25003951393522,7,445.4,3,0.0
36,12,2,10,0,3.5,0.18181818181818182,0.2777777777777778,54.07398170811322,1,130.1,3,1.0
33,17,6,11,2,5.25,0.5,0.5607476635514019,76.47644165192536,2,286.8,2,0.0
31,12,5,7,3,3.75,0.625,0.6493506493506493,51.66477780564731,4,289.0,3,0.0
21,14,5,9,3,5.75,0.5,0.4273504273504274,78.19132394732868,6,368.8,3,0.0
36,20,8,12,6,6.0,0.6153846153846154,0.6557377049180328,71.35979445242691,4,412.3,2,0.0
28,11,6,5,4,2.5,1.0,1.1538461538461537,59.78034993144164,3,118.30000000000001,1,0.0
21,18,9,9,2,2.5,0.9,1.7307692307692306,59.91368139858728,5,229.3,3,0.0
39,20,8,12,3,5.25,0.6153846153846154,0.7476635514018692,74.35396716535499,4,208.9,3,0.0
24,17,8,9,3,3.75,0.8,1.0389610389610389,65.12689215524684,3,341.5,0,0.0
20,10,5,5,3,4.0,0.8333333333333334,0.6097560975609757,55.33790741159508,4,354.0,1,0.0
35,5,1,4,1,3.0,0.2,0.16129032258064516,60.9532509619856,1,253.1,2,0.0
41,11,4,7,2,1.75,0.5,1.081081081081081,64.12741740667886,5,194.70000000000002,1,0.0
41,12,9,3,6,4.0,2.25,1.0975609756097562,59.92232642459749,4,335.5,1,0.0
30,23,9,14,4,4.0,0.6,1.0975609756097562,71.00683171500201,6,254.7,4,0.0
18,4,3,1,1,2.75,1.5,0.5263157894736842,39.68559742163905,6,152.20000000000002,1,0.0
30,13,10,3,6,2.0,2.5,2.380952380952381,73.5059552259683,6,259.7,2,0.0
39,12,6,6,2,2.75,0.8571428571428571,1.0526315789473684,59.39388103967244,3,157.1,0,0.0
41,21,11,10,5,5.0,1.0,1.0784313725490198,63.89785321185276,5,328.2,2,0.0
31,11,7,4,4,5.75,1.4,0.5982905982905983,69.77060665131314,5,405.3,3,0.0
37,11,5,6,4,3.75,0.7142857142857143,0.6493506493506493,65.78445497710413,5,386.5,3,0.0
37,18,14,4,8,3.5,2.8,1.9444444444444444,71.4593079561452,3,142.7,1,0.0
39,16,5,11,0,5.25,0.4166666666666667,0.4672897196261683,61.05163176955032,3,174.9,2,1.0
36,18,11,7,5,3.25,1.375,1.6417910447761193,58.11963432552301,4,508.6,5,0.0
38,22,12,10,7,2.75,1.0909090909090908,2.1052631578947367,54.983436207767035,4,526.6,0,0.0
34,12,10,2,6,2.75,3.3333333333333335,1.7543859649122806,51.95233796942144,4,171.8,1,0.0
17,11,7,4,3,3.75,1.4,0.9090909090909091,64.94314228013714,4,173.4,3,0.0
20,3,2,1,2,0.5,1.0,1.6666666666666667,,1,92.4,0,0.0
43,11,4,7,1,3.5,0.5,0.5555555555555556,62.11139841040375,5,355.3,2,0.0
32,10,6,4,5,1.75,1.2,1.6216216216216215,54.999797986362445,2,329.3,2,0.0
36,21,13,8,7,3.5,1.4444444444444444,1.8055555555555556,88.48435098615509,3,299.90000000000003,6,0.0
38,13,6,7,0,3.25,0.75,0.8955223880597015,38.98951475182247,4,75.8,3,1.0
41,16,9,7,6,2.5,1.125,1.7307692307692306,73.00522879653597,4,169.89999999999998,5,0.0
21,29,16,13,8,5.5,1.1428571428571428,1.4285714285714286,71.52218541032639,4,721.8000000000001,6,0.0
31,3,1,2,0,2.75,0.3333333333333333,0.17543859649122806,42.479665494036816,0,98.1,0,1.0
31,10,6,4,2,3.75,1.2,0.7792207792207793,70.87882260509856,2,225.2,1,0.0
28,17,5,12,2,5.5,0.38461538461538464,0.44642857142857145,80.87809611375265,7,437.9,2,0.0
42,18,7,11,4,4.75,0.5833333333333334,0.7216494845360826,68.00060489468032,8,399.7,5,0.0
39,8,2,6,1,3.25,0.2857142857142857,0.29850746268656714,47.07953596992504,1,275.8,0,0.0
34,12,5,7,2,2.25,0.625,1.0638297872340425,55.552781458414245,2,154.6,1,0.0
36,9,5,4,1,2.75,1.0,0.8771929824561403,46.76548289588955,2,287.7,2,0.0
19,9,6,3,0,5.25,1.5,0.5607476635514019,67.89426766102702,5,285.9,2,1.0
17,5,2,3,1,3.25,0.5,0.29850746268656714,52.02808777307513,2,155.6,0,0.0
36,7,4,3,1,2.0,1.0,0.9523809523809523,60.9153604148738,2,200.1,2,0.0
31,10,6,4,1,1.75,1.2,1.6216216216216215,50.15962988037683,0,195.20000000000002,0,0.0
19,9,6,3,4,3.25,1.5,0.8955223880597015,65.721979410717,3,215.3,5,0.0
19,17,9,8,5,3.25,1.0,1.3432835820895521,52.35981040151711,2,428.8,3,0.0
44,15,8,7,6,4.5,1.0,0.8695652173913044,70.49604089722054,3,166.0,1,0.0
16,13,6,7,3,6.75,0.75,0.43795620437956206,81.34037118196264,8,584.8,5,0.0
34,28,17,11,4,4.75,1.4166666666666667,1.752577319587629,86.41438284741403,8,344.59999999999997,6,0.0
20,15,12,3,4,4.75,3.0,1.2371134020618557,73.49991806656364,5,440.8,0,0.0
22,11,6,5,2,3.0,1.0,0.9677419354838709,68.11947601155785,4,355.2,2,0.0
18,3,2,1,0,1.25,1.0,0.7407407407407407,46.706133026329944,2,90.10000000000001,0,1.0
30,14,6,8,1,4.5,0.6666666666666666,0.6521739130434783,70.75246386437263,6,251.0,3,0.0
18,15,3,12,0,4.25,0.23076923076923078,0.3448275862068966,66.40071025520434,3,265.1,1,1.0
19,20,12,8,9,2.5,1.3333333333333333,2.3076923076923075,75.58359007719497,5,380.0,2,0.0
39,12,4,8,1,2.75,0.4444444444444444,0.7017543859649122,51.56600041957156,5,373.6,3,0.0
34,15,6,9,2,2.5,0.6,1.1538461538461537,62.58862217716475,2,216.2,0,0.0
24,13,9,4,3,4.75,1.8,0.9278350515463918,72.35448073582211,4,266.6,2,0.0
25,16,9,7,5,4.75,1.125,0.9278350515463918,80.57965183682325,6,480.5,5,0.0
33,22,10,12,6,4.75,0.7692307692307693,1.0309278350515465,78.38578897353312,7,496.6,4,0.0
38,13,5,8,1,4.0,0.5555555555555556,0.6097560975609757,64.68618134698741,3,152.3,2,0.0
40,11,5,6,3,2.75,0.7142857142857143,0.8771929824561403,57.54551476021914,5,153.0,1,0.0
17,16,7,9,3,4.75,0.7,0.7216494845360826,72.13826589539129,6,242.5,5,0.0
24,18,10,8,7,4.25,1.1111111111111112,1.149425287356322,71.41810810859937,5,521.4,2,0.0
23,23,9,14,5,3.0,0.6,1.4516129032258065,73.44633120901443,4,271.0,4,0.0
21,10,8,2,4,1.25,2.6666666666666665,2.962962962962963,49.10433009600584,2,150.4,1,0.0
42,18,9,9,4,3.75,0.9,1.1688311688311688,65.84908704912364,4,347.4,2,0.0
17,12,5,7,3,5.0,0.625,0.4901960784313726,69.93830637637758,5,385.3,2,0.0
38,14,5,9,0,3.75,0.5,0.6493506493506493,68.82017362495903,1,259.4,2,1.0
25,17,8,9,4,4.0,0.8,0.9756097560975611,55.02557043889168,6,354.4,8,0.0
31,19,6,13,3,2.25,0.42857142857142855,1.276595744680851,53.39588988692689,0,234.7,1,0.0
22,21,9,12,3,6.5,0.6923076923076923,0.6818181818181819,85.96814497226691,8,510.5,5,0.0
19,8,4,4,3,2.0,0.8,0.9523809523809523,55.624930424283555,0,143.3,1,0.0
34,9,2,7,1,2.25,0.25,0.425531914893617,65.37961266508466,2,366.3,2,0.0
32,19,10,9,5,4.5,1.0,1.0869565217391306,67.56782040270598,5,470.7,1,0.0
27,24,14,10,6,5.25,1.2727272727272727,1.3084112149532712,66.99181360776551,5,496.8,2,0.0
20,21,10,11,5,4.5,0.8333333333333334,1.0869565217391306,67.03285558161862,4,469.79999999999995,2,0.0
30,5,3,2,2,3.0,1.0,0.48387096774193544,69.39180802605885,4,190.8,3,0.0
21,18,7,11,4,5.25,0.5833333333333334,0.6542056074766356,70.4893069581624,6,354.6,3,0.0
20,2,1,1,0,0.75,0.5,0.5882352941176471,,3,143.1,0,1.0
30,18,7,11,5,6.0,0.5833333333333334,0.5737704918032788,68.71421199499542,4,387.3,3,0.0
34,23,13,10,9,6.75,1.1818181818181819,0.9489051094890512,78.59033525263827,6,416.8,6,0.0
24,13,6,7,4,1.75,0.75,1.6216216216216215,63.8533966880967,4,229.0,4,0.0
19,10,2,8,0,1.75,0.2222222222222222,0.5405405405405405,60.644042899091836,2,320.5,2,1.0
32,18,9,9,4,4.75,0.9,0.9278350515463918,65.27508770712635,2,272.2,7,0.0
37,25,15,10,8,4.0,1.3636363636363635,1.829268292682927,83.26719199391802,5,430.7,6,0.0
27,9,8,1,4,1.0,4.0,3.6363636363636362,56.62815367980917,2,80.39999999999999,2,0.0
23,17,12,5,3,3.5,2.0,1.6666666666666665,55.17177403928498,2,280.9,1,0.0
32,2,2,0,1,2.0,2.0,0.47619047619047616,54.24139279332674,3,231.2,0,0.0
35,27,15,12,7,3.75,1.1538461538461537,1.948051948051948,63.56056779630873,4,402.8,1,0.0
32,18,8,10,3,3.25,0.7272727272727273,1.1940298507462686,65.68890979158594,2,490.8,4,0.0
31,25,17,8,11,5.5,1.8888888888888888,1.517857142857143,84.78499821397651,6,460.1,2,0.0
34,7,6,1,2,2.75,3.0,1.0526315789473684,59.3094140467914,3,156.1,2,0.0
40,18,13,5,10,5.25,2.1666666666666665,1.2149532710280375,67.69447233114877,6,365.5,5,0.0
23,15,11,4,4,3.25,2.2,1.6417910447761193,74.33633564124872,3,200.2,2,0.0
37,15,7,8,4,3.5,0.7777777777777778,0.9722222222222222,72.59049690808436,4,252.7,2,0.0
25,18,9,9,6,6.25,0.9,0.7086614173228347,76.29284032786737,6,248.4,4,0.0
34,26,12,14,4,5.0,0.8,1.1764705882352942,65.90006823357169,5,535.2,4,0.0
42,6,2,4,0,2.25,0.4,0.425531914893617,45.41171358326138,0,120.69999999999999,1,1.0
23,21,12,9,7,5.25,1.2,1.1214953271028039,71.83632615260211,5,356.0,1,0.0
31,16,5,11,2,2.75,0.4166666666666667,0.8771929824561403,66.04141425793027,6,389.4,3,0.0
34,21,13,8,7,5.5,1.4444444444444444,1.1607142857142858,52.0933057883851,5,304.5,1,0.0
17,4,2,2,0,2.0,0.6666666666666666,0.47619047619047616,,2,128.3,2,1.0
27,6,3,3,1,1.5,0.75,0.9375,43.39478119888607,1,93.8,0,0.0
16,9,1,8,0,2.0,0.1111111111111111,0.23809523809523808,71.75812829598739,1,59.8,1,1.0
25,14,7,7,1,2.75,0.875,1.2280701754385965,62.22528635308066,3,511.7,2,0.0
25,11,3,8,0,3.75,0.3333333333333333,0.38961038961038963,81.681851130594,4,278.9,1,1.0
27,19,10,9,4,4.0,1.0,1.2195121951219514,65.71450975103598,7,401.4,5,0.0
36,12,4,8,2,2.5,0.4444444444444444,0.7692307692307692,64.16098925916535,4,280.7,2,0.0
29,21,8,13,4,6.0,0.5714285714285714,0.6557377049180328,63.87734433027923,3,230.0,1,0.0
17,19,9,10,5,2.75,0.8181818181818182,1.5789473684210527,55.95766331292959,3,195.0,2,0.0
35,20,11,9,6,5.75,1.1,0.9401709401709403,66.92287032339587,0,372.9,5,0.0
20,16,7,9,4,5.5,0.7,0.625,77.81087818154055,8,593.8,4,0.0
18,15,8,7,7,4.25,1.0,0.9195402298850576,61.42768640711035,0,147.0,3,0.0
38,15,5,10,5,3.0,0.45454545454545453,0.8064516129032258,74.03170332951686,2,325.7,4,0.0
28,18,5,13,3,4.0,0.35714285714285715,0.6097560975609757,80.3804119824021,5,567.9,5,0.0
30,6,2,4,0,2.25,0.4,0.425531914893617,40.212776708728526,2,102.4,1,1.0
44,8,4,4,2,4.5,0.8,0.4347826086956522,67.56220995981954,2,296.2,3,0.0
39,20,11,9,3,5.0,1.1,1.0784313725490198,78.36891351391694,5,393.3,4,0.0
36,12,2,10,0,5.25,0.18181818181818182,0.1869158878504673,62.65025757966477,6,428.4,1,1.0
27,13,7,6,3,4.5,1.0,0.7608695652173914,53.757429773449196,2,96.3,3,0.0
36,15,6,9,0,6.5,0.6,0.4545454545454546,70.45930323029248,6,388.7,5,1.0
25,9,6,3,3,1.25,1.5,2.222222222222222,56.77031205584156,3,244.7,0,0.0
36,5,2,3,1,2.0,0.5,0.47619047619047616,56.678739166744826,1,158.1,2,0.0
33,8,3,5,1,3.0,0.5,0.48387096774193544,52.812954234327265,2,125.69999999999999,0,0.0
17,10,5,5,3,2.0,0.8333333333333334,1.1904761904761905,58.801711864263055,2,157.2,3,0.0
30,21,10,11,5,4.25,0.8333333333333334,1.149425287356322,56.502604089858835,5,265.1,0,0.0
16,9,5,4,3,3.5,1.0,0.6944444444444444,65.54662370138334,5,451.40000000000003,4,0.0
36,9,4,5,2,4.0,0.6666666666666666,0.48780487804878053,52.99285199844767,5,204.6,4,0.0
30,13,7,6,3,3.0,1.0,1.129032258064516,44.88855866254485,2,107.8,0,0.0
41,16,10,6,6,5.75,1.4285714285714286,0.8547008547008548,80.62044079409895,6,632.4,2,0.0
34,9,4,5,1,1.75,0.6666666666666666,1.081081081081081,46.03693350547201,4,151.0,0,0.0
33,15,8,7,0,4.0,1.0,0.9756097560975611,71.00434635769925,3,252.10000000000002,1,1.0
20,15,7,8,4,3.5,0.7777777777777778,0.9722222222222222,63.699312567771734,4,175.9,2,0.0
33,34,17,17,10,6.0,0.9444444444444444,1.3934426229508197,73.10801612512574,5,263.09999999999997,1,0.0
20,24,18,6,5,7.5,2.5714285714285716,1.1842105263157896,56.932208528634526,3,718.3000000000001,2,0.0
35,2,1,1,0,0.25,0.5,1.4285714285714286,44.38955604780095,2,83.10000000000001,1,1.0
18,13,4,9,3,4.75,0.4,0.4123711340206186,72.91145774405423,6,526.1,2,0.0
25,14,6,8,0,4.0,0.6666666666666666,0.7317073170731708,75.63972507563864,5,242.3,5,1.0
42,15,8,7,6,3.5,1.0,1.1111111111111112,68.06556757107872,3,255.20000000000002,2,0.0
43,5,3,2,1,2.25,1.0,0.6382978723404255,45.64482037923723,4,83.8,4,0.0
19,19,6,13,2,1.75,0.42857142857142855,1.6216216216216215,62.37353469883792,5,291.5,3,0.0
38,21,15,6,8,7.25,2.142857142857143,1.0204081632653061,75.86793622685212,7,489.6,2,0.0
28,19,9,10,4,3.5,0.8181818181818182,1.25,64.89855405394903,5,194.6,2,0.0
35,14,6,8,4,2.75,0.6666666666666666,1.0526315789473684,63.48490180993767,4,335.4,1,0.0
32,19,9,10,6,3.0,0.8181818181818182,1.4516129032258065,62.08684080504845,5,209.9,4,0.0
22,23,8,15,4,5.75,0.5,0.6837606837606838,67.12614442156591,5,355.1,1,0.0
30,24,12,12,5,4.0,0.9230769230769231,1.4634146341463417,71.41367388797514,4,232.0,2,0.0
40,11,1,10,0,2.25,0.09090909090909091,0.2127659574468085,51.507466917677846,1,274.5,1,1.0
39,6,2,4,1,3.25,0.4,0.29850746268656714,50.61538629276216,2,241.6,1,0.0
32,20,8,12,4,4.75,0.6153846153846154,0.8247422680412372,60.03315704550635,5,370.40000000000003,1,0.0
31,17,11,6,3,5.0,1.5714285714285714,1.0784313725490198,56.93128862368585,3,285.5,1,0.0
28,8,6,2,0,3.75,2.0,0.7792207792207793,65.25921098610375,2,293.2,2,1.0
31,14,5,9,3,3.75,0.5,0.6493506493506493,50.812033143282335,4,335.0,4,0.0
18,15,5,10,4,2.25,0.45454545454545453,1.0638297872340425,44.477974437567305,5,217.6,4,0.0
19,20,10,10,4,5.75,0.9090909090909091,0.8547008547008548,69.35377754780131,5,786.1,3,0.0
43,9,5,4,3,3.75,1.0,0.6493506493506493,54.39399280981303,4,286.9,3,0.0
16,14,4,10,0,4.5,0.36363636363636365,0.4347826086956522,75.49507345493812,5,178.70000000000002,2,1.0
17,14,9,5,5,2.5,1.5,1.7307692307692306,51.14627950418444,6,139.4,2,0.0
28,11,5,6,3,2.75,0.7142857142857143,0.8771929824561403,61.47518639568424,3,395.0,1,0.0
42,21,12,9,7,7.0,1.2,0.8450704225352114,74.68021872604736,6,215.6,8,0.0
38,24,15,9,10,3.5,1.5,2.0833333333333335,57.95219267668033,6,331.3,4,0.0
36,26,10,16,8,3.5,0.5882352941176471,1.3888888888888888,67.38241940566684,5,355.4,3,0.0
40,7,5,2,3,2.25,1.6666666666666667,1.0638297872340425,,2,226.8,2,0.0
16,17,11,6,7,4.5,1.5714285714285714,1.1956521739130437,67.02762993823018,5,504.7,0,0.0
35,4,4,0,2,1.5,4.0,1.25,41.392851755806696,3,382.1,0,0.0
34,12,5,7,3,3.5,0.625,0.6944444444444444,49.323491585246614,1,372.4,2,0.0
29,24,10,14,7,3.5,0.6666666666666666,1.3888888888888888,63.42506182610457,4,252.1,2,0.0
27,9,4,5,2,3.75,0.6666666666666666,0.5194805194805194,57.67653155403132,5,454.5,2,0.0
21,16,10,6,8,4.0,1.4285714285714286,1.2195121951219514,72.19062270049916,5,243.79999999999998,2,0.0
27,20,11,9,5,5.0,1.1,1.0784313725490198,65.40377112852322,7,379.20000000000005,3,0.0
36,13,6,7,3,4.25,0.75,0.6896551724137931,66.33107655211855,6,362.6,0,0.0
18,9,2,7,1,3.5,0.25,0.2777777777777778,50.98832721580241,2,177.9,0,0.0
30,16,7,9,3,2.75,0.7,1.2280701754385965,61.72471237298551,2,284.09999999999997,5,0.0
36,11,3,8,2,3.5,0.3333333333333333,0.41666666666666663,71.012306643958,5,426.1,3,0.0
17,2,1,1,0,1.25,0.5,0.37037037037037035,45.23581063626012,1,69.7,2,1.0
17,9,7,2,6,2.25,2.3333333333333335,1.4893617021276595,54.49946646735546,2,272.4,2,0.0
20,20,9,11,6,5.25,0.75,0.8411214953271029,77.07293071598522,4,264.8,4,0.0
37,6,3,3,0,2.5,0.75,0.5769230769230769,38.78165320053512,0,61.4,0,1.0
41,13,4,9,1,2.5,0.4,0.7692307692307692,65.2175213996813,1,289.6,2,0.0
21,15,8,7,4,3.5,1.0,1.1111111111111112,72.98305254224302,6,238.9,4,0.0
20,17,9,8,6,6.0,1.0,0.7377049180327869,67.8240526678612,5,446.59999999999997,2,0.0
26,23,10,13,4,6.75,0.7142857142857143,0.7299270072992701,85.58382228769314,6,609.0,2,0.0
37,4,1,3,0,1.25,0.25,0.37037037037037035,48.79307689140049,2,39.2,1,1.0
27,14,10,4,6,7.25,2.0,0.6802721088435374,80.0354583677767,7,490.5,5,0.0
25,14,8,6,4,2.25,1.1428571428571428,1.702127659574468,61.44732076225947,5,278.8,2,0.0
43,22,9,13,3,5.25,0.6428571428571429,0.8411214953271029,82.84413275867843,5,583.2,5,0.0
35,16,5,11,2,4.25,0.4166666666666667,0.574712643678161,64.39480300540095,5,343.9,2,0.0
28,17,5,12,1,4.5,0.38461538461538464,0.5434782608695653,66.31667475732496,3,340.0,5,0.0
39,14,7,7,5,2.5,0.875,1.346153846153846,63.39534423022516,4,407.8,4,0.0
17,12,3,9,1,4.25,0.3,0.3448275862068966,72.83488337747315,5,274.8,5,0.0
40,18,4,14,1,3.25,0.26666666666666666,0.5970149253731343,64.02186962391731,4,239.8,3,0.0
35,25,10,15,7,5.25,0.625,0.9345794392523366,76.93057306441412,8,886.9,3,0.0
43,14,7,7,3,3.25,0.875,1.044776119402985,64.41117752659498,3,114.10000000000001,3,0.0
32,21,10,11,3,4.5,0.8333333333333334,1.0869565217391306,71.06682329786582,7,459.3,2,0.0
33,15,11,4,3,3.75,2.2,1.4285714285714286,57.23159065228383,3,304.6,2,0.0
34,18,11,7,6,3.0,1.375,1.7741935483870968,60.937967870840964,5,238.4,3,0.0
21,11,2,9,1,3.25,0.2,0.29850746268656714,67.25554895721248,3,353.2,1,0.0
31,16,8,8,4,3.0,0.8888888888888888,1.2903225806451613,63.92359875303945,4,317.6,1,0.0
20,15,9,6,4,3.5,1.2857142857142858,1.25,68.19596081479797,4,303.6,2,0.0
38,15,11,4,6,4.75,2.2,1.1340206185567012,69.22453229652649,2,381.3,2,0.0
19,8,5,3,4,4.0,1.25,0.6097560975609757,67.51264770900704,2,290.8,3,0.0
43,19,10,9,7,5.0,1.0,0.9803921568627452,66.27919135993035,3,304.3,3,0.0
35,23,13,10,6,5.25,1.1818181818181819,1.2149532710280375,78.29676040445707,6,483.20000000000005,3,0.0
25,23,10,13,4,6.75,0.7142857142857143,0.7299270072992701,72.20945115044417,6,278.4,5,0.0
26,6,4,2,2,3.0,1.3333333333333333,0.6451612903225806,53.07221834273511,3,96.8,0,0.0
32,21,7,14,4,4.25,0.4666666666666667,0.8045977011494253,80.59596353536728,7,171.29999999999998,3,0.0
22,20,13,7,4,3.25,1.625,1.9402985074626866,68.44182656638428,6,241.3,2,0.0
20,11,7,4,3,2.75,1.4,1.2280701754385965,57.12113785234072,2,293.29999999999995,1,0.0
27,12,4,8,3,4.5,0.4444444444444444,0.4347826086956522,72.50469347276282,4,452.9,1,0.0
38,16,7,9,5,2.25,0.7,1.4893617021276595,51.348164483008716,3,186.1,2,0.0
30,13,8,5,4,4.0,1.3333333333333333,0.9756097560975611,70.4491345689163,7,682.6,2,0.0
44,19,12,7,5,3.75,1.5,1.5584415584415585,72.92496607056232,4,131.9,3,0.0
42,12,7,5,1,3.5,1.1666666666666667,0.9722222222222222,64.49595739862146,3,136.5,1,0.0
27,13,7,6,0,4.5,1.0,0.7608695652173914,67.07204558627618,4,358.2,0,1.0
29,22,8,14,4,4.0,0.5333333333333333,0.9756097560975611,68.62579649575754,7,510.40000000000003,4,0.0
20,19,12,7,7,2.75,1.5,2.1052631578947367,73.83005593193639,7,641.1,2,0.0
20,16,6,10,3,5.25,0.5454545454545454,0.5607476635514019,72.54417479165386,8,591.0,5,0.0
34,25,17,8,9,5.0,1.8888888888888888,1.6666666666666667,80.69055697767745,7,345.9,6,0.0
44,17,5,12,4,4.0,0.38461538461538464,0.6097560975609757,73.82483030685933,8,374.8,3,0.0
41,10,5,5,3,1.75,0.8333333333333334,1.3513513513513513,51.27480864579063,2,173.29999999999998,2,0.0
29,3,1,2,0,3.25,0.3333333333333333,0.14925373134328357,66.58443144434695,0,38.1,1,1.0
35,11,5,6,2,5.5,0.7142857142857143,0.44642857142857145,71.11155599178197,5,237.5,3,0.0
20,15,5,10,0,6.25,0.45454545454545453,0.3937007874015748,69.90176173763102,5,541.5,5,1.0
26,8,5,3,1,2.5,1.25,0.9615384615384615,49.67972717192103,4,388.40000000000003,0,0.0
44,15,8,7,6,3.25,1.0,1.1940298507462686,64.10456245376258,4,305.0,3,0.0
25,14,5,9,2,4.75,0.5,0.5154639175257733,64.72195385698409,7,196.6,3,0.0
40,31,16,15,5,7.25,1.0,1.08843537414966,68.12912842545671,8,577.7,5,0.0
43,8,4,4,3,3.0,0.8,0.6451612903225806,65.75680703751586,3,389.79999999999995,1,0.0
35,23,9,14,3,3.0,0.6,1.4516129032258065,66.89103353653968,6,459.5,4,0.0
34,9,3,6,3,3.0,0.42857142857142855,0.48387096774193544,63.28119744577458,5,262.5,1,0.0
26,8,2,6,1,1.75,0.2857142857142857,0.5405405405405405,52.291707194036746,1,165.6,2,0.0
26,20,9,11,4,2.5,0.75,1.7307692307692306,70.62210039240706,7,1008.6,3,0.0
42,11,4,7,2,3.25,0.5,0.5970149253731343,50.308183652851355,2,380.1,2,0.0
30,18,9,9,7,3.5,0.9,1.25,63.8648010825693,2,172.8,1,0.0
25,28,14,14,9,4.25,0.9333333333333333,1.6091954022988506,60.47415675533427,3,360.5,3,0.0
21,17,10,7,3,3.75,1.25,1.2987012987012987,65.50219200364168,4,321.3,4,0.0
16,17,8,9,4,2.25,0.8,1.702127659574468,70.78237346690659,6,283.5,1,0.0
32,11,7,4,4,3.75,1.4,0.9090909090909091,60.24738323250708,6,298.9,3,0.0
35,32,18,14,8,8.0,1.2,1.1111111111111112,95.71778091453218,8,522.4,7,0.0
39,16,9,7,5,3.0,1.125,1.4516129032258065,51.32033690931716,4,447.9,2,0.0
26,13,5,8,0,3.25,0.5555555555555556,0.7462686567164178,56.75366617167839,4,406.09999999999997,3,1.0
40,16,7,9,5,3.75,0.7,0.9090909090909091,66.38581748015291,3,293.7,0,0.0
38,8,6,2,2,2.25,2.0,1.276595744680851,65.49770998200877,4,250.29999999999998,0,0.0
17,22,8,14,6,4.75,0.5333333333333333,0.8247422680412372,80.67409072347269,7,439.70000000000005,3,0.0
33,25,15,10,6,4.75,1.3636363636363635,1.5463917525773196,65.71296678903157,7,259.7,2,0.0
40,18,11,7,1,2.0,1.375,2.619047619047619,67.71318966034585,7,372.09999999999997,5,0.0
30,20,11,9,5,3.5,1.1,1.5277777777777777,77.99975348506837,4,458.7,3,0.0
29,14,5,9,1,3.75,0.5,0.6493506493506493,71.46432790265547,3,208.79999999999998,2,0.0
27,32,19,13,14,3.5,1.3571428571428572,2.638888888888889,53.512996885753324,5,416.9,6,0.0
28,9,7,2,5,4.0,2.3333333333333335,0.853658536585366,56.867776284477124,5,197.20000000000002,1,0.0
16,36,22,14,10,5.75,1.4666666666666666,1.8803418803418805,73.2035127416034,6,446.5,3,0.0
19,14,4,10,1,2.75,0.36363636363636365,0.7017543859649122,58.81561730990439,3,219.5,4,0.0
37,16,9,7,5,4.25,1.125,1.0344827586206897,70.35810175671969,7,413.2,2,0.0
26,14,9,5,4,4.5,1.5,0.9782608695652175,61.380768528770105,5,805.6,3,0.0
40,9,6,3,1,2.0,1.5,1.4285714285714286,56.86783031712144,1,169.5,1,0.0
27,16,5,11,1,5.5,0.4166666666666667,0.44642857142857145,67.99051812533013,6,647.6,1,0.0
44,6,3,3,2,1.5,0.75,0.9375,56.963721333069095,1,183.3,0,0.0
39,21,10,11,2,3.25,0.8333333333333334,1.4925373134328357,73.0126613773232,5,316.3,5,0.0
30,9,4,5,2,3.75,0.6666666666666666,0.5194805194805194,66.09499370999187,3,444.90000000000003,4,0.0
22,7,1,6,0,2.75,0.14285714285714285,0.17543859649122806,71.416117416011,3,130.1,1,1.0
34,14,7,7,3,4.25,0.875,0.8045977011494253,75.24314393534058,4,243.9,2,0.0
23,17,5,12,3,4.25,0.38461538461538464,0.574712643678161,91.39573802865438,6,394.20000000000005,3,0.0
24,2,1,1,1,1.0,0.5,0.45454545454545453,51.92883291968973,0,82.0,1,0.0
36,10,4,6,4,2.0,0.5714285714285714,0.9523809523809523,49.010522910977734,4,182.4,1,0.0
20,14,8,6,5,5.0,1.1428571428571428,0.7843137254901962,64.37915794523269,4,281.9,4,0.0
24,19,11,8,2,3.25,1.2222222222222223,1.6417910447761193,81.89824768052205,3,158.6,3,0.0
18,5,5,0,2,1.0,5.0,2.2727272727272725,36.4384281838383,0,144.4,1,0.0
23,10,6,4,2,3.25,1.2,0.8955223880597015,63.0832332007166,3,232.3,2,0.0
30,22,12,10,6,6.0,1.0909090909090908,0.9836065573770493,76.51762510200366,6,356.3,6,0.0
18,8,5,3,2,4.5,1.25,0.5434782608695653,58.94018929717257,3,269.7,0,0.0
41,7,2,5,0,3.5,0.3333333333333333,0.2777777777777778,64.81300373122991,2,62.1,0,1.0
30,11,4,7,1,2.0,0.5,0.9523809523809523,47.94301696795449,3,262.5,2,0.0
36,9,3,6,2,2.5,0.42857142857142855,0.5769230769230769,53.57317831786117,2,101.0,0,0.0
33,14,6,8,4,4.0,0.6666666666666666,0.7317073170731708,64.78904836885468,1,209.7,5,0.0
40,13,2,11,0,2.25,0.16666666666666666,0.425531914893617,68.27726550338234,2,110.1,2,1.0
40,6,2,4,2,3.0,0.4,0.3225806451612903,58.203734431278015,4,271.0,2,0.0
43,8,3,5,2,1.25,0.5,1.111111111111111,55.505438115556025,1,242.1,3,0.0
31,21,12,9,4,7.0,1.2,0.8450704225352114,68.70506002057118,6,571.8000000000001,6,0.0
18,13,7,6,4,2.75,1.0,1.2280701754385965,65.59877066713676,2,238.60000000000002,1,0.0
41,20,9,11,5,5.5,0.75,0.8035714285714286,70.60244098134928,4,379.7,2,0.0
39,9,4,5,0,2.75,0.6666666666666666,0.7017543859649122,65.28734490839297,3,230.4,0,1.0
43,13,7,6,3,3.75,1.0,0.9090909090909091,65.28766788423131,4,343.70000000000005,2,0.0
20,3,1,2,1,1.5,0.3333333333333333,0.3125,42.67872435435376,0,81.2,3,0.0
28,21,6,15,4,4.75,0.375,0.6185567010309279,78.66804365980748,8,165.3,5,0.0
34,17,5,12,2,4.25,0.38461538461538464,0.574712643678161,72.05106312055459,4,271.8,3,0.0
42,12,7,5,5,1.25,1.1666666666666667,2.5925925925925926,61.927150688010684,5,254.9,0,0.0
41,2,2,0,0,1.5,2.0,0.625,46.23814768081356,0,33.6,0,1.0
38,15,6,9,3,4.25,0.6,0.6896551724137931,59.176765464940544,2,231.6,0,0.0
33,25,9,16,5,5.0,0.5294117647058824,0.8823529411764707,90.1689642159314,8,414.20000000000005,5,0.0
27,13,8,5,3,4.5,1.3333333333333333,0.8695652173913044,67.83128594075846,3,151.1,1,0.0
34,16,10,6,5,5.0,1.4285714285714286,0.9803921568627452,66.38307892413103,7,478.7,1,0.0
29,22,10,12,2,4.25,0.7692307692307693,1.149425287356322,81.86769386127423,7,594.9,3,0.0
43,14,9,5,5,3.75,1.5,1.1688311688311688,65.32019820281228,5,316.0,2,0.0
16,6,3,3,1,1.5,0.75,0.9375,49.87181580590965,0,182.8,2,0.0
22,15,7,8,3,4.0,0.7777777777777778,0.853658536585366,66.95710557681689,3,396.09999999999997,4,0.0
42,6,2,4,0,4.5,0.4,0.2173913043478261,65.92986197516618,1,280.6,1,1.0
44,20,12,8,4,4.75,1.3333333333333333,1.2371134020618557,80.43404687823204,6,429.40000000000003,2,0.0
22,20,5,15,3,3.0,0.3125,0.8064516129032258,53.352966731131914,3,353.1,1,0.0
17,14,8,6,4,5.0,1.1428571428571428,0.7843137254901962,74.51098779093113,4,380.0,2,0.0
31,22,11,11,5,2.5,0.9166666666666666,2.1153846153846154,70.32704024645389,6,271.6,3,0.0
16,7,2,5,0,1.75,0.3333333333333333,0.5405405405405405,54.307361630543824,3,156.5,0,1.0
34,13,7,6,2,1.75,1.0,1.8918918918918919,43.798433949288125,5,211.6,2,0.0
33,9,3,6,2,2.75,0.42857142857142855,0.5263157894736842,62.13429038914227,4,159.79999999999998,1,0.0
22,12,8,4,5,1.5,1.6,2.5,61.109350055598036,3,233.79999999999998,0,0.0
42,11,7,4,1,2.5,1.4,1.346153846153846,52.73137679190346,2,116.4,0,0.0
22,10,6,4,3,2.0,1.2,1.4285714285714286,63.83332154668311,3,204.8,0,0.0
22,15,3,12,1,2.5,0.23076923076923078,0.5769230769230769,46.92809248905187,2,193.6,3,0.0
31,10,4,6,2,1.5,0.5714285714285714,1.25,55.66179528953294,0,194.5,2,0.0
30,19,10,9,8,3.0,1.0,1.6129032258064515,48.922251457137584,3,385.8,2,0.0
22,9,4,5,0,1.0,0.6666666666666666,1.8181818181818181,52.595432531506496,3,127.6,2,1.0
42,12,5,7,5,4.0,0.625,0.6097560975609757,42.84755926372207,4,233.8,2,0.0
37,9,4,5,4,4.75,0.6666666666666666,0.4123711340206186,65.86670768295413,3,257.9,1,0.0
37,18,5,13,4,3.5,0.35714285714285715,0.6944444444444444,60.63892597270593,6,350.1,3,0.0
28,17,9,8,3,2.25,1.0,1.9148936170212765,64.98485008611453,2,269.1,1,0.0
16,8,4,4,1,3.0,0.8,0.6451612903225806,66.95737806337003,1,207.1,3,0.0
22,20,11,9,6,4.25,1.1,1.264367816091954,68.99634765271654,6,345.29999999999995,1,0.0
21,12,9,3,4,2.75,2.25,1.5789473684210527,57.152168302591484,1,234.0,5,0.0
32,16,11,5,4,2.25,1.8333333333333333,2.3404255319148937,60.306939633383465,5,320.6,3,0.0
41,9,2,7,0,3.0,0.25,0.3225806451612903,60.49111800845398,1,180.20000000000002,0,1.0
17,12,5,7,3,2.0,0.625,1.1904761904761905,64.47012766930075,4,201.29999999999998,1,0.0
28,13,6,7,2,3.0,0.75,0.9677419354838709,62.06969591174448,5,242.29999999999998,1,0.0
16,13,4,9,1,7.75,0.4,0.25477707006369427,78.67268911031879,6,430.7,3,0.0
38,4,2,2,0,2.75,0.6666666666666666,0.3508771929824561,74.84554985773956,4,104.7,1,1.0
44,10,4,6,3,3.0,0.5714285714285714,0.6451612903225806,63.60694804873305,4,145.8,2,0.0
25,9,6,3,3,1.75,1.5,1.6216216216216215,52.18266526353605,4,184.4,1,0.0
26,23,14,9,8,5.5,1.4,1.25,72.43701030053882,8,648.3,3,0.0
21,10,6,4,3,1.25,1.2,2.222222222222222,48.001859178493504,0,235.70000000000002,0,0.0
23,12,5,7,3,3.75,0.625,0.6493506493506493,69.053496454583,6,185.29999999999998,5,0.0
32,18,9,9,7,4.25,0.9,1.0344827586206897,72.45495588258672,2,385.5,3,0.0
37,16,8,8,2,3.5,0.8888888888888888,1.1111111111111112,66.14868780199075,3,479.2,1,0.0
30,6,2,4,2,3.25,0.4,0.29850746268656714,48.061467766052104,3,113.3,1,0.0
37,19,12,7,7,4.5,1.5,1.3043478260869565,75.98728739269397,6,414.6,2,0.0
33,14,9,5,5,3.75,1.5,1.1688311688311688,62.36878869089745,3,301.4,2,0.0
26,25,11,14,7,7.25,0.7333333333333333,0.7482993197278912,80.06682869821951,8,548.7,5,0.0
38,12,4,8,1,5.0,0.4444444444444444,0.3921568627450981,61.399526160639944,5,213.9,3,0.0
21,24,11,13,6,5.75,0.7857142857142857,0.9401709401709403,66.35732020967902,8,486.7,5,0.0
30,20,9,11,7,3.5,0.75,1.25,77.09111795796817,7,451.1,4,0.0
18,12,6,6,3,5.0,0.8571428571428571,0.5882352941176471,74.59890179864591,5,195.60000000000002,1,0.0
21,6,4,2,1,3.25,1.3333333333333333,0.5970149253731343,51.61520953046202,2,292.3,2,0.0
16,11,4,7,2,1.5,0.5,1.25,62.09284745833288,3,126.5,0,0.0
31,16,7,9,6,3.5,0.7,0.9722222222222222,69.00013207630218,8,407.5,4,0.0
26,15,7,8,5,3.0,0.7777777777777778,1.129032258064516,59.25681123081092,2,295.6,3,0.0
41,9,3,6,3,2.75,0.42857142857142855,0.5263157894736842,68.17134523439151,4,274.0,5,0.0
36,10,4,6,3,2.25,0.5714285714285714,0.851063829787234,52.2680914757732,3,323.1,0,0.0
33,19,12,7,6,6.75,1.5,0.8759124087591241,88.88008889942833,6,400.29999999999995,4,0.0
34,19,5,14,2,6.5,0.3333333333333333,0.3787878787878788,72.22175514264902,8,652.9,6,0.0
35,13,5,8,2,4.5,0.5555555555555556,0.5434782608695653,69.1734895675124,5,474.4,2,0.0
38,10,5,5,1,2.5,0.8333333333333334,0.9615384615384615,74.32151788613146,6,154.1,3,0.0
25,12,6,6,3,4.0,0.8571428571428571,0.7317073170731708,57.79242612695676,4,226.1,5,0.0
36,14,6,8,3,4.0,0.6666666666666666,0.7317073170731708,63.03398981202034,5,423.9,0,0.0
41,18,7,11,4,5.5,0.5833333333333334,0.625,66.73358155902808,4,423.4,3,0.0
37,5,1,4,0,0.75,0.2,0.5882352941176471,46.07303083950714,0,64.4,0,1.0
31,19,10,9,3,4.25,1.0,1.149425287356322,75.32930877387841,8,485.9,5,0.0
44,10,5,5,1,1.75,0.8333333333333334,1.3513513513513513,46.9847009009319,2,242.7,1,0.0
21,22,14,8,12,5.25,1.5555555555555556,1.3084112149532712,86.2495195286715,8,519.4000000000001,2,0.0
43,8,3,5,1,1.5,0.5,0.9375,61.61515899854883,2,230.7,1,0.0
33,8,2,6,1,2.5,0.2857142857142857,0.3846153846153846,59.16731101054331,4,171.4,1,0.0
35,25,11,14,3,3.75,0.7333333333333333,1.4285714285714286,77.41670838809715,6,422.2,5,0.0
38,13,4,9,4,5.0,0.4,0.3921568627450981,67.99294438694498,6,659.5,1,0.0
43,9,5,4,1,2.75,1.0,0.8771929824561403,61.585111140854266,2,220.0,5,0.0
43,16,7,9,4,4.0,0.7,0.853658536585366,82.9813885356888,5,231.10000000000002,3,0.0
34,11,7,4,3,3.75,1.4,0.9090909090909091,66.74982447030162,3,341.6,3,0.0
43,12,8,4,5,4.0,1.6,0.9756097560975611,62.58850680087463,3,240.2,4,0.0
44,21,13,8,8,4.75,1.4444444444444444,1.3402061855670104,76.58976921122917,6,492.5,6,0.0
31,14,11,3,7,2.75,2.75,1.9298245614035088,61.306740628450456,1,380.40000000000003,0,0.0
42,8,1,7,0,5.5,0.125,0.08928571428571429,66.73278543335579,4,71.9,2,1.0
41,26,13,13,4,5.25,0.9285714285714286,1.2149532710280375,74.37876357845708,7,529.2,4,0.0
34,6,1,5,0,3.5,0.16666666666666666,0.1388888888888889,60.9538830527799,4,173.4,3,1.0
24,9,5,4,2,3.5,1.0,0.6944444444444444,53.68280033756168,2,130.2,2,0.0
28,17,11,6,6,5.75,1.5714285714285714,0.9401709401709403,74.9452658695633,7,401.79999999999995,4,0.0
19,25,11,14,1,5.25,0.7333333333333333,1.0280373831775702,66.60280479638021,5,355.20000000000005,3,0.0
22,16,8,8,3,3.5,0.8888888888888888,1.1111111111111112,73.64289254162804,5,228.60000000000002,7,0.0
16,10,5,5,3,1.25,0.8333333333333334,1.8518518518518516,62.37926440566259,3,128.6,1,0.0
34,11,4,7,2,3.25,0.5,0.5970149253731343,67.32757994354175,3,204.0,1,0.0
22,17,6,11,0,4.25,0.5,0.6896551724137931,46.57158418540089,4,188.0,1,1.0
41,18,11,7,5,5.75,1.375,0.9401709401709403,65.63785798280867,4,260.40000000000003,2,0.0
44,21,16,5,6,3.0,2.6666666666666665,2.5806451612903225,69.39737966766062,3,292.2,2,0.0
33,10,6,4,4,3.5,1.2,0.8333333333333333,64.01017820912676,5,208.4,4,0.0
23,11,6,5,2,2.0,1.0,1.4285714285714286,61.351111447201504,5,336.2,3,0.0
17,16,6,10,3,2.5,0.5454545454545454,1.1538461538461537,71.43295357242245,7,138.79999999999998,2,0.0
40,16,7,9,3,3.25,0.7,1.044776119402985,64.66168175474363,4,290.9,1,0.0
18,24,7,17,6,4.5,0.3888888888888889,0.7608695652173914,63.1399871947842,6,430.4,3,0.0
19,22,7,15,2,5.75,0.4375,0.5982905982905983,61.00594683510292,5,300.70000000000005,1,0.0
19,11,2,9,2,1.75,0.2,0.5405405405405405,61.143754209000015,5,416.8,0,0.0
44,7,3,4,1,2.5,0.6,0.5769230769230769,47.905525575277395,1,102.1,1,0.0
44,14,9,5,5,2.75,1.5,1.5789473684210527,69.99455736517397,6,338.20000000000005,2,0.0
43,17,8,9,5,6.0,0.8,0.6557377049180328,56.83478838496274,8,601.6,2,0.0
39,26,16,10,10,4.0,1.4545454545454546,1.9512195121951221,81.19030641899963,7,243.9,6,0.0
16,16,11,5,6,7.75,1.8333333333333333,0.7006369426751593,77.9335561412593,7,337.5,2,0.0
39,6,4,2,3,2.0,1.3333333333333333,0.9523809523809523,50.107517997313145,1,216.9,0,0.0
31,14,3,11,2,3.0,0.25,0.48387096774193544,70.33260853609363,4,402.9,1,0.0
41,11,1,10,0,6.25,0.09090909090909091,0.07874015748031496,84.3597555560958,3,361.0,0,1.0
28,11,1,10,0,5.25,0.09090909090909091,0.09345794392523366,59.379208057509935,3,162.0,0,1.0
38,19,10,9,4,5.25,1.0,0.9345794392523366,64.52461676370001,5,375.8,1,0.0
40,17,6,11,3,6.25,0.5,0.4724409448818898,77.53722738473415,5,225.3,3,0.0
25,10,6,4,2,1.25,1.2,2.222222222222222,53.190660809103974,2,202.4,0,0.0
29,13,5,8,1,2.75,0.5555555555555556,0.8771929824561403,58.61089528741998,3,188.1,2,0.0
28,10,4,6,2,2.75,0.5714285714285714,0.7017543859649122,63.32059619568998,7,285.9,3,0.0
39,14,9,5,5,1.5,1.5,2.8125,61.46643798771893,0,206.5,0,0.0
22,14,8,6,4,2.0,1.1428571428571428,1.9047619047619047,53.095090222251564,4,252.7,1,0.0
19,14,8,6,2,3.0,1.1428571428571428,1.2903225806451613,55.52901147092405,1,263.3,2,0.0
29,24,13,11,6,6.0,1.0833333333333333,1.0655737704918034,75.58844418662265,7,678.4,0,0.0
33,16,3,13,0,3.75,0.21428571428571427,0.38961038961038963,76.29164081669154,4,222.8,2,1.0
31,9,7,2,4,4.75,2.3333333333333335,0.7216494845360826,48.137479480007634,4,339.2,2,0.0
39,23,13,10,5,4.25,1.1818181818181819,1.4942528735632186,75.73599420000821,6,579.1,3,0.0
29,13,7,6,1,3.25,1.0,1.044776119402985,65.42039294111636,4,198.4,0,0.0
28,11,4,7,1,4.25,0.5,0.4597701149425288,56.01773932970303,7,171.0,3,0.0
40,16,9,7,5,4.25,1.125,1.0344827586206897,69.51462653237779,6,226.1,2,0.0
30,23,8,15,5,5.25,0.5,0.7476635514018692,72.34929555303826,5,457.40000000000003,3,0.0
36,15,11,4,6,3.0,2.2,1.7741935483870968,68.44227390562021,2,392.4,1,0.0
36,10,3,7,1,4.5,0.375,0.32608695652173914,62.115923984537346,3,286.59999999999997,0,0.0
43,19,11,8,5,5.25,1.2222222222222223,1.0280373831775702,74.51952681959523,6,655.6999999999999,1,0.0
20,14,9,5,3,4.25,1.5,1.0344827586206897,61.31223837624264,4,198.8,0,0.0
22,24,14,10,7,4.75,1.2727272727272727,1.4432989690721651,76.73215525656568,8,169.8,5,0.0
43,14,6,8,3,5.75,0.6666666666666666,0.5128205128205129,89.45981543948199,7,394.6,2,0.0
27,16,11,5,5,4.5,1.8333333333333333,1.1956521739130437,56.248703066492766,4,239.2,4,0.0
39,7,3,4,0,2.75,0.6,0.5263157894736842,66.3987571132385,3,161.2,2,1.0
19,18,8,10,2,4.25,0.7272727272727273,0.9195402298850576,75.12457365142167,6,434.1,1,0.0
39,15,9,6,2,4.25,1.2857142857142858,1.0344827586206897,76.0628273649332,8,523.8,3,0.0
38,11,5,6,5,3.0,0.7142857142857143,0.8064516129032258,72.23512510349889,3,497.6,2,0.0
26,7,4,3,2,3.25,1.0,0.5970149253731343,59.06214896278102,4,149.2,1,0.0
19,5,2,3,2,2.25,0.5,0.425531914893617,65.4271948486122,2,266.2,1,0.0
41,7,2,5,1,1.75,0.3333333333333333,0.5405405405405405,41.23477048079368,2,148.9,0,0.0
18,18,7,11,4,3.5,0.5833333333333334,0.9722222222222222,66.67537706041074,3,294.1,2,0.0
34,13,7,6,2,4.25,1.0,0.8045977011494253,60.95436984415899,5,191.9,1,0.0
40,5,3,2,1,1.75,1.0,0.8108108108108107,56.21468437851981,5,196.9,1,0.0
25,10,8,2,4,2.25,2.6666666666666665,1.702127659574468,53.17579729699178,2,189.89999999999998,1,0.0
24,20,12,8,6,2.25,1.3333333333333333,2.553191489361702,63.86610228029886,4,337.20000000000005,3,0.0
23,6,5,1,2,2.75,2.5,0.8771929824561403,57.32671157723868,1,182.39999999999998,1,0.0
24,8,3,5,1,2.5,0.5,0.5769230769230769,57.255450699032615,0,236.7,0,0.0
23,3,1,2,0,1.5,0.3333333333333333,0.3125,48.1007733226158,0,73.80000000000001,0,1.0
37,6,2,4,2,4.0,0.4,0.24390243902439027,60.376064532696915,2,308.2,3,0.0
20,7,1,6,1,0.75,0.14285714285714285,0.5882352941176471,58.92289148258346,2,191.4,4,0.0
37,15,8,7,2,6.5,1.0,0.6060606060606061,65.15379589862499,8,158.0,1,0.0
31,11,3,8,0,3.25,0.3333333333333333,0.44776119402985076,73.43732669657498,5,203.89999999999998,3,1.0
22,13,9,4,5,5.25,1.8,0.8411214953271029,40.45939933454258,4,305.4,1,0.0
38,26,12,14,8,5.75,0.8,1.0256410256410258,83.90652539369479,8,526.0,6,0.0
33,18,10,8,5,2.75,1.1111111111111112,1.7543859649122806,61.4157346457493,4,179.6,3,0.0
33,5,4,1,1,2.0,2.0,0.9523809523809523,71.52133858931616,1,153.4,3,0.0
26,16,10,6,5,2.0,1.4285714285714286,2.380952380952381,62.22564616164761,1,288.7,1,0.0
35,29,10,19,5,4.0,0.5,1.2195121951219514,75.1848117065777,8,407.6,4,0.0
27,22,16,6,8,5.0,2.2857142857142856,1.5686274509803924,57.72853381014354,4,287.1,4,0.0
34,12,10,2,6,3.75,3.3333333333333335,1.2987012987012987,47.361628523465214,5,415.2,1,0.0
32,22,9,13,4,5.25,0.6428571428571429,0.8411214953271029,75.37841733743281,7,656.3,3,0.0
26,14,4,10,1,4.25,0.36363636363636365,0.4597701149425288,62.446865540805824,4,133.8,3,0.0
40,7,3,4,3,1.25,0.6,1.111111111111111,37.00084951198355,5,146.6,2,0.0
43,16,12,4,6,4.5,2.4,1.3043478260869565,75.58981429558727,4,323.4,4,0.0
39,11,4,7,3,1.75,0.5,1.081081081081081,58.2865449021908,4,309.2,2,0.0
18,16,9,7,5,4.25,1.125,1.0344827586206897,76.22798410589878,7,214.1,0,0.0
36,18,14,4,9,5.0,2.8,1.3725490196078431,76.71739983427024,6,446.5,1,0.0
42,8,7,1,2,3.25,3.5,1.044776119402985,62.701344702575746,4,214.7,1,0.0
34,4,3,1,2,1.25,1.5,1.111111111111111,29.865573293682942,0,74.2,0,0.0
35,18,10,8,6,3.0,1.1111111111111112,1.6129032258064515,67.66508388776192,6,493.8,3,0.0
28,22,10,12,6,6.25,0.7692307692307693,0.7874015748031497,69.64512783055586,7,425.4,8,0.0
41,9,4,5,2,2.0,0.6666666666666666,0.9523809523809523,63.80416730881683,5,239.4,1,0.0
40,18,11,7,8,5.5,1.375,0.9821428571428572,74.7908486006624,4,449.8,2,0.0
30,35,18,17,9,5.75,1.0,1.5384615384615385,89.67377748509477,8,318.0,6,0.0
16,10,4,6,1,3.5,0.5714285714285714,0.5555555555555556,71.37690159220001,5,373.5,1,0.0
23,7,2,5,1,1.0,0.3333333333333333,0.9090909090909091,55.06620553298489,2,204.1,0,0.0
30,17,8,9,4,6.75,0.8,0.5839416058394161,66.37093894850123,6,303.7,3,0.0
42,19,11,8,6,3.0,1.2222222222222223,1.7741935483870968,61.772771119227265,6,263.9,2,0.0
39,20,7,13,2,3.75,0.5,0.9090909090909091,64.20722469592673,7,394.2,2,0.0
38,13,5,8,2,3.25,0.5555555555555556,0.7462686567164178,54.341758150110586,5,309.3,0,0.0
34,8,3,5,0,2.5,0.5,0.5769230769230769,65.1892500085251,2,100.5,0,1.0
42,15,5,10,2,5.0,0.45454545454545453,0.4901960784313726,70.07186107829762,4,369.9,2,0.0
17,20,8,12,3,3.0,0.6153846153846154,1.2903225806451613,68.16657662825885,4,307.20000000000005,3,0.0
29,18,11,7,3,3.5,1.375,1.5277777777777777,63.15333137155275,5,411.7,2,0.0
27,11,6,5,3,2.25,1.0,1.276595744680851,54.086070279068174,5,202.6,3,0.0
27,23,10,13,8,4.75,0.7142857142857143,1.0309278350515465,76.9147014362487,7,521.3,2,0.0
44,13,6,7,4,5.5,0.75,0.5357142857142857,62.704283503175986,5,362.2,3,0.0
32,31,13,18,6,5.0,0.6842105263157895,1.2745098039215688,88.02815748599235,7,451.4,4,0.0
22,18,9,9,7,5.75,0.9,0.7692307692307693,62.514443423549686,3,312.8,2,0.0
42,9,3,6,0,3.0,0.42857142857142855,0.48387096774193544,79.8919638258225,4,106.9,1,1.0
28,17,5,12,2,2.75,0.38461538461538464,0.8771929824561403,49.2535023230472,3,231.5,3,0.0
20,15,6,9,5,2.25,0.6,1.276595744680851,51.8158699089414,1,246.70000000000002,3,0.0
27,25,17,8,8,4.25,1.8888888888888888,1.9540229885057472,82.0247898841777,5,549.1,3,0.0
19,14,5,9,3,2.75,0.5,0.8771929824561403,64.2707212663858,1,188.6,1,0.0
17,8,1,7,0,3.25,0.125,0.14925373134328357,51.65646854762557,4,135.5,2,1.0
33,10,5,5,1,1.5,0.8333333333333334,1.5625,35.92639786597947,1,133.4,0,0.0
36,30,13,17,6,3.75,0.7222222222222222,1.6883116883116882,74.4498525065947,5,617.0,4,0.0
43,16,7,9,3,2.5,0.7,1.346153846153846,54.92493595792312,2,423.4,2,0.0
25,21,9,12,2,4.75,0.6923076923076923,0.9278350515463918,76.33677074964184,8,622.7,1,0.0
23,5,2,3,1,2.0,0.5,0.47619047619047616,47.089487013410476,0,39.3,0,0.0
35,20,14,6,7,3.25,2.0,2.08955223880597,76.54312007653685,6,249.4,3,0.0
43,27,12,15,10,6.75,0.75,0.8759124087591241,72.60703716657734,7,446.5,2,0.0
16,7,4,3,2,2.25,1.0,0.851063829787234,57.76928085531519,2,249.3,1,0.0
21,16,9,7,3,4.75,1.125,0.9278350515463918,57.62901758118192,3,310.5,1,0.0
29,18,7,11,4,5.5,0.5833333333333334,0.625,66.82999281876296,4,307.6,1,0.0
23,17,10,7,5,4.0,1.25,1.2195121951219514,53.283969234184916,3,492.0,1,0.0
20,11,7,4,4,1.5,1.4,2.1875,55.174010606257305,5,333.4,0,0.0
29,13,6,7,4,4.25,0.75,0.6896551724137931,72.84416576901597,5,169.7,4,0.0
30,13,9,4,2,3.0,1.8,1.4516129032258065,63.17634788919088,4,157.8,1,0.0
30,12,4,8,2,4.75,0.4444444444444444,0.4123711340206186,63.28892772426658,6,229.9,1,0.0
37,20,12,8,4,7.0,1.3333333333333333,0.8450704225352114,76.77056247035856,6,501.8,3,0.0
44,18,9,9,3,1.75,0.9,2.4324324324324325,56.58301742941936,1,247.6,3,0.0
30,10,4,6,2,3.0,0.5714285714285714,0.6451612903225806,55.53660680814378,2,161.8,2,0.0
25,17,10,7,1,5.75,1.25,0.8547008547008548,74.74160842726593,8,470.9,1,0.0
30,4,2,2,2,2.0,0.6666666666666666,0.47619047619047616,61.17999074520698,1,73.1,0,0.0
19,15,4,11,1,4.0,0.3333333333333333,0.48780487804878053,59.19378845303562,4,486.9,2,0.0
44,8,2,6,0,2.0,0.2857142857142857,0.47619047619047616,44.448849921174805,4,223.60000000000002,1,1.0
27,13,4,9,3,2.0,0.4,0.9523809523809523,43.112823094729876,3,404.6,1,0.0
41,22,15,7,10,4.25,1.875,1.7241379310344829,70.13671773388384,2,296.09999999999997,1,0.0
30,19,14,5,9,3.75,2.3333333333333335,1.8181818181818181,71.58136662262295,6,365.3,3,0.0
43,5,3,2,1,2.25,1.0,0.6382978723404255,36.75045215532573,3,97.8,1,0.0
36,20,11,9,9,5.0,1.1,1.0784313725490198,79.44659434703236,5,714.1,5,0.0
24,31,17,14,10,7.0,1.1333333333333333,1.1971830985915493,86.51490569464953,7,346.4,4,0.0
35,3,1,2,1,1.75,0.3333333333333333,0.27027027027027023,66.39005887385802,1,132.9,0,0.0
16,18,7,11,3,5.5,0.5833333333333334,0.625,68.50966339801892,7,234.2,1,0.0
20,16,11,5,7,6.75,1.8333333333333333,0.8029197080291971,56.659805703794135,4,197.6,2,0.0
36,15,10,5,6,6.75,1.6666666666666667,0.7299270072992701,77.88096730696276,6,355.2,2,0.0
28,3,2,1,1,1.75,1.0,0.5405405405405405,39.98285875761869,1,101.80000000000001,0,0.0
16,7,3,4,1,4.75,0.6,0.30927835051546393,49.90440611634332,1,157.7,1,0.0
35,19,12,7,8,4.75,1.5,1.2371134020618557,57.82522955246416,8,271.2,2,0.0
36,24,14,10,9,5.0,1.2727272727272727,1.3725490196078431,59.44575731241096,3,312.5,4,0.0
20,14,7,7,3,3.25,0.875,1.044776119402985,53.403077764475114,5,88.8,7,0.0
21,27,14,13,6,6.25,1.0,1.1023622047244095,80.87645456509019,8,429.4,4,0.0
32,8,2,6,0,3.0,0.2857142857142857,0.3225806451612903,57.54717170348611,2,184.5,2,1.0
26,10,1,9,0,5.0,0.1,0.09803921568627452,66.67076425517811,2,272.2,1,1.0
17,11,3,8,2,1.75,0.3333333333333333,0.8108108108108107,59.30571950247361,4,206.3,4,0.0
29,22,8,14,4,4.25,0.5333333333333333,0.9195402298850576,67.93563004454568,4,306.4,2,0.0
35,17,11,6,6,3.75,1.5714285714285714,1.4285714285714286,59.8151709217131,5,105.3,0,0.0
22,15,4,11,4,3.5,0.3333333333333333,0.5555555555555556,62.45263634019964,6,192.3,2,0.0
24,20,9,11,3,2.75,0.75,1.5789473684210527,72.96583077271958,5,533.8,5,0.0
19,8,4,4,4,5.0,0.8,0.3921568627450981,49.558196952451425,3,187.0,2,0.0
21,22,12,10,4,5.0,1.0909090909090908,1.1764705882352942,78.77756487950771,4,213.7,2,0.0
35,5,4,1,3,3.75,2.0,0.5194805194805194,63.34835504283552,2,186.0,5,0.0
25,20,13,7,7,6.0,1.625,1.0655737704918034,78.44264388361867,6,395.4,1,0.0
20,19,10,9,3,6.75,1.0,0.7299270072992701,89.90380023504417,7,437.09999999999997,4,0.0
16,19,7,12,2,2.0,0.5384615384615384,1.6666666666666665,72.91009196888243,2,377.8,0,0.0
18,10,5,5,4,3.25,0.8333333333333334,0.7462686567164178,63.95502826629539,3,378.6,3,0.0
30,14,7,7,3,2.0,0.875,1.6666666666666665,72.50744217346119,2,170.4,3,0.0
31,5,1,4,1,1.25,0.2,0.37037037037037035,47.505721209519805,0,149.4,2,0.0
25,3,2,1,0,1.0,1.0,0.9090909090909091,44.248011521457194,0,58.3,0,1.0
28,20,9,11,3,4.75,0.75,0.9278350515463918,73.75054747930577,5,422.6,7,0.0
28,16,4,12,4,5.25,0.3076923076923077,0.3738317757009346,73.00207468546188,6,372.5,3,0.0
22,22,12,10,6,3.0,1.0909090909090908,1.9354838709677418,65.73458024709919,4,338.90000000000003,2,0.0
21,17,8,9,4,2.75,0.8,1.4035087719298245,65.53025002434147,3,143.4,3,0.0
27,9,5,4,4,1.75,1.0,1.3513513513513513,62.66566919731273,1,149.1,3,0.0
18,15,7,8,4,4.5,0.7777777777777778,0.7608695652173914,69.81794959806714,6,214.6,3,0.0
35,26,15,11,6,6.5,1.25,1.1363636363636365,70.7919096366232,8,173.1,4,0.0
27,6,3,3,0,1.25,0.75,1.111111111111111,36.382266307349624,1,124.89999999999999,2,1.0
31,9,2,7,1,1.25,0.25,0.7407407407407407,55.63546296857102,1,37.4,0,0.0
18,11,2,9,0,3.0,0.2,0.3225806451612903,67.69038654648604,5,356.9,1,1.0
44,16,8,8,3,4.75,0.8888888888888888,0.8247422680412372,65.39870875605564,6,350.0,4,0.0
34,15,9,6,6,3.0,1.2857142857142858,1.4516129032258065,79.45272804719981,6,253.29999999999998,3,0.0
32,5,1,4,0,5.0,0.2,0.09803921568627452,67.93087275347224,2,95.5,0,1.0
30,15,6,9,2,3.25,0.6,0.8955223880597015,52.827995597317226,3,151.5,0,0.0
29,13,7,6,4,3.75,1.0,0.9090909090909091,68.82471825631367,4,413.3,3,0.0
43,16,4,12,2,2.5,0.3076923076923077,0.7692307692307692,50.46683233615848,3,297.2,1,0.0
42,20,9,11,3,2.75,0.75,1.5789473684210527,71.58053378680997,4,414.1,2,0.0
27,9,3,6,2,4.0,0.42857142857142855,0.3658536585365854,61.286913937808656,4,358.1,2,0.0
42,10,4,6,2,4.5,0.5714285714285714,0.4347826086956522,63.56885545806435,4,266.2,3,0.0
18,21,10,11,7,6.0,0.8333333333333334,0.819672131147541,83.58863490338858,8,338.0,8,0.0
25,6,2,4,1,2.25,0.4,0.425531914893617,67.69031006851908,2,238.3,2,0.0
24,14,7,7,4,4.25,0.875,0.8045977011494253,82.32774946464501,7,309.2,2,0.0
36,6,3,3,1,2.75,0.75,0.5263157894736842,55.72004969512198,1,234.8,2,0.0
29,15,6,9,1,3.0,0.6,0.9677419354838709,41.27405285627137,3,142.3,3,0.0
23,18,9,9,5,4.5,0.9,0.9782608695652175,80.5386445156617,8,445.8,4,0.0
30,13,7,6,3,2.5,1.0,1.346153846153846,49.6958913033606,1,286.1,1,0.0
23,25,11,14,3,2.5,0.7333333333333333,2.1153846153846154,63.065407274755344,3,303.2,1,0.0
30,12,8,4,6,2.5,1.6,1.5384615384615383,54.86844621126197,3,126.8,2,0.0
25,8,4,4,2,2.25,0.8,0.851063829787234,51.40835038655317,2,176.7,0,0.0
41,11,7,4,4,3.25,1.4,1.044776119402985,68.41598709029655,2,326.4,1,0.0
21,7,2,5,0,2.5,0.3333333333333333,0.3846153846153846,39.77147147731257,3,82.9,1,1.0
43,8,1,7,0,3.5,0.125,0.1388888888888889,71.04855062671066,2,322.9,5,1.0
35,25,13,12,9,3.5,1.0,1.8055555555555556,75.0065058998257,6,602.8,4,0.0
26,11,5,6,3,5.25,0.7142857142857143,0.4672897196261683,84.28878543208276,4,135.5,6,0.0
31,16,10,6,6,4.0,1.4285714285714286,1.2195121951219514,81.65797320500094,4,341.6,4,0.0
21,18,6,12,4,3.75,0.46153846153846156,0.7792207792207793,69.68997941343405,5,180.8,1,0.0
17,19,12,7,5,4.0,1.5,1.4634146341463417,61.01320538328748,4,364.2,2,0.0
28,8,6,2,5,3.0,2.0,0.9677419354838709,61.48583080997762,1,176.8,3,0.0
38,22,11,11,4,5.75,0.9166666666666666,0.9401709401709403,86.49339878296085,8,230.6,4,0.0
26,14,9,5,5,4.5,1.5,0.9782608695652175,60.997033682081465,3,343.5,4,0.0
27,20,9,11,5,3.25,0.75,1.3432835820895521,68.41161606965863,4,311.2,1,0.0
36,18,10,8,4,5.25,1.1111111111111112,0.9345794392523366,66.40397192040348,6,272.2,3,0.0
43,18,7,11,4,4.5,0.5833333333333334,0.7608695652173914,75.88089981220708,4,149.1,7,0.0
34,22,6,16,3,5.75,0.35294117647058826,0.5128205128205129,69.29362251883714,5,197.5,5,0.0
19,15,8,7,2,2.0,1.0,1.9047619047619047,69.10279102385363,3,242.0,2,0.0
23,16,8,8,5,5.0,0.8888888888888888,0.7843137254901962,75.11978568493312,8,644.6,3,0.0
36,11,5,6,2,3.75,0.7142857142857143,0.6493506493506493,62.4978507267627,1,180.7,2,0.0
33,26,16,10,7,8.25,1.4545454545454546,0.9580838323353293,80.54774880906452,7,368.2,3,0.0
28,18,7,11,3,3.25,0.5833333333333334,1.044776119402985,64.68183145561731,6,288.6,4,0.0
27,16,9,7,3,6.0,1.125,0.7377049180327869,71.33578575363485,6,319.9,2,0.0
36,18,5,13,2,3.75,0.35714285714285715,0.6493506493506493,63.858729454354915,2,164.0,2,0.0
44,17,3,14,2,5.0,0.2,0.29411764705882354,60.31269732453543,4,279.1,2,0.0
26,23,12,11,7,5.0,1.0,1.1764705882352942,81.22141406973394,7,297.6,3,0.0
18,4,1,3,0,1.75,0.25,0.27027027027027023,57.35454874028167,1,70.2,0,1.0
29,34,23,11,12,8.25,1.9166666666666667,1.377245508982036,80.5829927403679,8,371.5,3,0.0
20,14,7,7,6,4.0,0.875,0.853658536585366,68.72972813530848,5,97.0,6,0.0
18,12,7,5,3,3.75,1.1666666666666667,0.9090909090909091,69.52597692257822,5,356.2,1,0.0
33,7,4,3,0,1.25,1.0,1.4814814814814814,49.60727398223993,3,130.4,1,1.0
24,14,10,4,9,4.5,2.0,1.0869565217391306,89.39319888136644,5,234.39999999999998,5,0.0
27,12,8,4,6,3.25,1.6,1.1940298507462686,59.19953752738096,2,239.9,0,0.0
34,3,1,2,1,0.75,0.3333333333333333,0.5882352941176471,35.39630992067826,0,35.1,0,0.0
17,12,2,10,2,3.5,0.18181818181818182,0.2777777777777778,63.512977384497816,6,264.8,2,0.0
28,9,5,4,4,2.75,1.0,0.8771929824561403,55.59723967021128,2,224.3,1,0.0
29,10,4,6,0,1.5,0.5714285714285714,1.25,60.09319685406535,3,157.1,3,1.0
27,18,9,9,7,4.0,0.9,1.0975609756097562,63.544285926454485,4,364.5,5,0.0
30,27,11,16,5,1.75,0.6470588235294118,2.972972972972973,67.50255537143425,6,452.1,3,0.0
38,8,6,2,5,4.75,2.0,0.6185567010309279,59.27001971889479,5,336.4,3,0.0
16,21,11,10,7,5.0,1.0,1.0784313725490198,71.5055784211361,5,505.59999999999997,2,0.0
34,5,3,2,3,2.25,1.0,0.6382978723404255,50.43752009575491,2,129.6,2,0.0
42,21,10,11,7,3.75,0.8333333333333334,1.2987012987012987,51.03186130580147,6,118.8,1,0.0
25,13,5,8,2,3.75,0.5555555555555556,0.6493506493506493,61.261153631039384,5,497.3,7,0.0
39,17,5,12,1,5.75,0.38461538461538464,0.4273504273504274,73.2647841293352,8,383.2,0,0.0
26,13,8,5,3,3.75,1.3333333333333333,1.0389610389610389,59.91454046040235,6,204.3,4,0.0
41,18,7,11,4,3.75,0.5833333333333334,0.9090909090909091,64.74719967926589,4,342.5,3,0.0
34,14,7,7,2,2.75,0.875,1.2280701754385965,57.80761116493402,4,385.5,3,0.0
37,8,5,3,2,3.25,1.25,0.7462686567164178,53.753125683803695,2,118.2,1,0.0
38,16,6,10,5,2.75,0.5454545454545454,1.0526315789473684,60.920198393647446,4,202.8,1,0.0
43,14,7,7,5,2.25,0.875,1.4893617021276595,65.71860102172644,5,195.7,2,0.0
40,19,13,6,10,3.75,1.8571428571428572,1.6883116883116882,55.14886633173811,5,240.9,3,0.0
34,21,10,11,7,6.0,0.8333333333333334,0.819672131147541,60.45819044247254,7,413.9,2,0.0
40,9,1,8,1,4.75,0.1111111111111111,0.10309278350515465,82.2905813870558,4,133.5,2,0.0
25,15,5,10,0,5.75,0.45454545454545453,0.4273504273504274,70.41870675823112,5,303.2,0,1.0
42,22,5,17,4,7.0,0.2777777777777778,0.35211267605633806,71.81170037287181,5,605.3000000000001,2,0.0
42,13,4,9,2,4.25,0.4,0.4597701149425288,67.50909315310732,2,173.4,0,0.0
16,2,1,1,0,2.75,0.5,0.17543859649122806,42.93817017426076,1,59.2,0,1.0
32,14,8,6,6,3.5,1.1428571428571428,1.1111111111111112,59.73726168771531,4,279.9,2,0.0
34,21,12,9,6,4.5,1.2,1.3043478260869565,64.78035169361686,6,832.4,1,0.0
42,14,6,8,3,5.5,0.6666666666666666,0.5357142857142857,76.63382013262188,6,536.0,3,0.0
20,17,7,10,3,3.25,0.6363636363636364,1.044776119402985,62.19710818935801,5,439.0,1,0.0
40,19,10,9,2,3.75,1.0,1.2987012987012987,66.94396184579745,4,339.9,2,0.0
31,16,7,9,5,6.5,0.7,0.5303030303030303,77.35253748906976,4,356.9,1,0.0
35,19,10,9,5,6.0,1.0,0.819672131147541,67.00320078916926,6,304.5,1,0.0
42,8,4,4,2,2.75,0.8,0.7017543859649122,62.09977157872687,1,91.3,2,0.0
43,22,11,11,6,4.25,0.9166666666666666,1.264367816091954,83.30913486656824,6,275.7,3,0.0
19,9,6,3,3,3.5,1.5,0.8333333333333333,64.38596467398062,2,142.6,0,0.0
37,25,10,15,6,2.5,0.625,1.923076923076923,87.45364027276808,6,283.0,3,0.0
36,8,4,4,2,3.25,0.8,0.5970149253731343,65.40908443305548,1,240.4,2,0.0
39,23,14,9,8,3.75,1.4,1.8181818181818181,80.89600655490828,6,363.7,6,0.0
43,24,12,12,6,4.0,0.9230769230769231,1.4634146341463417,73.5099775833278,3,193.3,1,0.0
19,13,4,9,2,2.25,0.4,0.851063829787234,63.64875441719656,1,128.8,1,0.0
32,17,7,10,5,4.5,0.6363636363636364,0.7608695652173914,68.92288674447593,3,484.7,3,0.0
39,16,4,12,3,4.0,0.3076923076923077,0.48780487804878053,79.54702231044698,3,350.2,4,0.0
29,7,3,4,1,0.5,0.6,2.5,42.969829560311204,2,126.5,1,0.0
27,12,6,6,5,5.0,0.8571428571428571,0.5882352941176471,62.47428602905354,5,377.0,8,0.0
30,8,3,5,3,2.75,0.5,0.5263157894736842,57.88863363487343,2,199.7,3,0.0
36,18,2,16,1,2.25,0.11764705882352941,0.425531914893617,62.89929709069312,5,354.0,4,0.0
27,6,3,3,1,3.25,0.75,0.44776119402985076,65.40679229305086,6,238.9,2,0.0
38,19,9,10,4,5.5,0.8181818181818182,0.8035714285714286,67.01557973319719,4,243.1,1,0.0
25,6,5,1,2,2.0,2.5,1.1904761904761905,45.313108777352,4,123.3,0,0.0
32,7,6,1,2,2.25,3.0,1.276595744680851,56.34554042267611,2,156.6,1,0.0
24,24,9,15,6,4.0,0.5625,1.0975609756097562,64.92883214677687,3,517.4,1,0.0
43,19,10,9,5,5.25,1.0,0.9345794392523366,75.45341234149947,3,454.2,10,0.0
37,7,6,1,5,3.0,3.0,0.9677419354838709,56.49336114745984,2,290.2,2,0.0
32,23,14,9,8,5.75,1.4,1.1965811965811965,69.80376852746289,7,370.2,4,0.0
29,18,9,9,4,2.75,0.9,1.5789473684210527,75.19163471068607,6,266.6,2,0.0
23,13,4,9,1,3.5,0.4,0.5555555555555556,51.92069033963119,1,232.2,1,0.0
40,24,12,12,2,5.0,0.9230769230769231,1.1764705882352942,70.47206265759868,5,444.4,4,0.0
24,18,11,7,5,3.25,1.375,1.6417910447761193,76.16612272692038,3,283.2,1,0.0
37,27,10,17,3,4.5,0.5555555555555556,1.0869565217391306,73.16233518646055,6,256.7,5,0.0
25,21,10,11,6,3.5,0.8333333333333334,1.3888888888888888,62.95587437776559,3,491.6,3,0.0
34,21,7,14,4,4.0,0.4666666666666667,0.853658536585366,61.54091149379601,6,247.1,4,0.0
37,17,7,10,4,2.75,0.6363636363636364,1.2280701754385965,59.11475193810339,4,565.3,2,0.0
38,17,9,8,5,4.75,1.0,0.9278350515463918,75.33502287073078,5,296.5,1,0.0
43,15,5,10,2,2.5,0.45454545454545453,0.9615384615384615,64.16643553592577,5,227.3,1,0.0
40,18,9,9,7,6.0,0.9,0.7377049180327869,70.74979519507411,5,578.9000000000001,2,0.0
28,4,1,3,0,2.5,0.25,0.1923076923076923,46.95396505322732,2,91.8,0,1.0
22,9,5,4,2,5.5,1.0,0.44642857142857145,61.90703481103867,2,402.4,2,0.0
32,8,5,3,1,1.5,1.25,1.5625,59.69548681354083,2,213.5,1,0.0
35,7,3,4,2,3.25,0.6,0.44776119402985076,76.02520136924667,2,94.3,0,0.0
16,10,4,6,3,4.25,0.5714285714285714,0.4597701149425288,63.03707059917902,2,458.9,1,0.0
38,11,4,7,1,2.75,0.5,0.7017543859649122,50.54914346341073,2,150.2,0,0.0
36,15,7,8,1,3.5,0.7777777777777778,0.9722222222222222,62.316525492062254,7,198.0,5,0.0
16,11,8,3,4,2.25,2.0,1.702127659574468,59.886940294931904,5,107.9,1,0.0
34,7,2,5,2,2.0,0.3333333333333333,0.47619047619047616,52.12001429945842,2,220.89999999999998,0,0.0
32,13,9,4,5,2.0,1.8,2.142857142857143,51.2452738831454,4,252.6,5,0.0
30,22,12,10,8,6.0,1.0909090909090908,0.9836065573770493,84.13917065563948,5,621.8000000000001,4,0.0
32,26,13,13,7,5.75,0.9285714285714286,1.1111111111111112,84.84569915614108,8,588.1,5,0.0
33,19,7,12,3,3.0,0.5384615384615384,1.129032258064516,56.28041555106519,4,219.5,2,0.0
28,15,8,7,2,4.5,1.0,0.8695652173913044,68.63329716539546,5,271.7,3,0.0
19,32,16,16,10,7.5,0.9411764705882353,1.0526315789473684,76.40530426023739,7,900.1,7,0.0
17,25,11,14,5,6.0,0.7333333333333333,0.9016393442622951,75.49338504296402,6,151.1,1,0.0
21,12,8,4,4,3.75,1.6,1.0389610389610389,72.52740110086543,5,383.29999999999995,3,0.0
44,6,3,3,2,3.75,0.75,0.38961038961038963,60.75649408126087,2,161.6,2,0.0
19,20,9,11,8,3.75,0.75,1.1688311688311688,62.4385562148057,5,302.0,4,0.0
34,11,8,3,6,3.5,2.0,1.1111111111111112,75.11186394224187,8,594.5,2,0.0
26,5,2,3,0,3.25,0.5,0.29850746268656714,61.35080628155772,4,269.3,1,1.0
19,20,10,10,8,3.75,0.9090909090909091,1.2987012987012987,66.59614291725372,5,628.0,5,0.0
35,18,13,5,4,3.0,2.1666666666666665,2.096774193548387,82.40239444994985,6,441.7,4,0.0
16,7,4,3,0,3.25,1.0,0.5970149253731343,47.8493525938769,4,85.3,1,1.0
29,13,5,8,0,4.25,0.5555555555555556,0.574712643678161,61.353501884026336,1,244.0,8,1.0
20,15,10,5,7,4.5,1.6666666666666667,1.0869565217391306,68.77859097563909,6,392.1,0,0.0
21,16,11,5,7,3.25,1.8333333333333333,1.6417910447761193,58.64354946673773,2,273.0,0,0.0
37,18,8,10,1,5.5,0.7272727272727273,0.7142857142857143,72.49622165934909,6,470.7,5,0.0
30,18,7,11,2,4.5,0.5833333333333334,0.7608695652173914,61.23465548255979,5,424.40000000000003,4,0.0
27,6,5,1,3,2.5,2.5,0.9615384615384615,43.51543066119134,4,133.1,0,0.0
21,2,1,1,0,2.0,0.5,0.23809523809523808,48.830951346093,1,102.2,0,1.0
33,11,7,4,3,2.75,1.4,1.2280701754385965,65.56672363064561,3,275.6,2,0.0
25,20,10,10,4,4.75,0.9090909090909091,1.0309278350515465,73.00603649244088,6,351.70000000000005,7,0.0
34,9,5,4,1,3.25,1.0,0.7462686567164178,48.6798696096512,3,178.6,2,0.0
32,16,12,4,6,4.0,2.4,1.4634146341463417,62.4873110571636,4,229.4,3,0.0
19,24,13,11,6,4.5,1.0833333333333333,1.4130434782608696,59.13730365850182,6,331.2,5,0.0
36,22,12,10,4,4.75,1.0909090909090908,1.2371134020618557,64.93559354336797,7,110.6,0,0.0
19,13,8,5,6,3.75,1.3333333333333333,1.0389610389610389,59.39250134386867,3,165.1,0,0.0
28,3,1,2,1,4.25,0.3333333333333333,0.1149425287356322,54.21959473314384,3,215.7,1,0.0
22,6,1,5,1,2.0,0.16666666666666666,0.23809523809523808,56.85844201332903,2,152.0,1,0.0
17,17,8,9,3,4.75,0.8,0.8247422680412372,59.67100803333467,6,296.0,3,0.0
33,25,13,12,9,6.0,1.0,1.0655737704918034,81.7205466495768,5,286.6,3,0.0
36,13,4,9,1,4.0,0.4,0.48780487804878053,59.41599208903083,4,197.9,2,0.0
21,29,16,13,5,7.0,1.1428571428571428,1.1267605633802817,78.5610298794971,7,268.5,1,0.0
25,18,11,7,7,7.25,1.375,0.7482993197278912,81.0247555990828,7,664.3,6,0.0
41,20,12,8,8,4.25,1.3333333333333333,1.3793103448275863,79.46007704364376,4,391.4,3,0.0
38,11,6,5,3,3.5,1.0,0.8333333333333333,70.80376733629683,8,468.79999999999995,2,0.0
23,15,7,8,4,2.5,0.7777777777777778,1.346153846153846,61.205836846329916,4,176.7,3,0.0
30,25,11,14,7,4.75,0.7333333333333333,1.1340206185567012,68.17997136368818,6,357.5,1,0.0
42,26,10,16,6,4.0,0.5882352941176471,1.2195121951219514,77.8033420949538,6,451.8,3,0.0
26,22,10,12,1,7.75,0.7692307692307693,0.6369426751592357,88.89522813570478,7,483.0,5,0.0
20,17,8,9,4,4.0,0.8,0.9756097560975611,79.0884828571696,7,540.6,2,0.0
24,5,1,4,0,2.5,0.2,0.1923076923076923,49.80669097020583,1,89.60000000000001,0,1.0
33,15,6,9,3,2.5,0.6,1.1538461538461537,65.86323532423381,5,382.29999999999995,2,0.0
17,14,6,8,1,4.5,0.6666666666666666,0.6521739130434783,70.90107415620982,5,324.9,2,0.0
21,9,4,5,3,3.0,0.6666666666666666,0.6451612903225806,67.67912310461388,3,216.9,5,0.0
17,14,8,6,4,5.25,1.1428571428571428,0.7476635514018692,65.70555423079244,3,242.0,1,0.0
35,14,8,6,4,3.5,1.1428571428571428,1.1111111111111112,79.66080997325209,6,518.7,0,0.0
22,2,1,1,0,0.75,0.5,0.5882352941176471,,0,78.9,0,1.0
32,6,1,5,0,2.5,0.16666666666666666,0.1923076923076923,52.04335643376058,2,262.6,1,1.0
44,4,2,2,1,1.75,0.6666666666666666,0.5405405405405405,50.86049903965803,1,276.2,0,0.0
41,8,4,4,3,1.5,0.8,1.25,47.09258079095018,2,178.7,2,0.0
25,7,3,4,2,2.75,0.6,0.5263157894736842,51.245258674871536,3,279.5,2,0.0
44,21,10,11,8,2.0,0.8333333333333334,2.380952380952381,69.45487297014986,7,693.7,4,0.0
17,19,9,10,5,3.75,0.8181818181818182,1.1688311688311688,71.93670228694549,3,313.1,3,0.0
43,28,13,15,5,4.75,0.8125,1.3402061855670104,73.90182982997895,3,265.9,3,0.0
20,19,14,5,7,5.5,2.3333333333333335,1.25,73.71200046634456,5,250.6,1,0.0
19,26,18,8,12,5.25,2.0,1.6822429906542058,70.77063512351518,7,445.2,4,0.0
19,11,8,3,7,2.0,2.0,1.9047619047619047,66.74100681871712,1,171.3,2,0.0
29,25,14,11,8,5.5,1.1666666666666667,1.25,76.33423562449231,4,643.3000000000001,4,0.0
34,13,6,7,4,2.75,0.75,1.0526315789473684,55.25744438976492,3,317.2,1,0.0
37,15,10,5,4,5.5,1.6666666666666667,0.8928571428571429,69.79355660241845,7,359.70000000000005,5,0.0
16,26,13,13,5,5.25,0.9285714285714286,1.2149532710280375,92.86951741382377,7,242.9,2,0.0
24,20,7,13,4,3.75,0.5,0.9090909090909091,80.42528535068658,5,307.7,2,0.0
19,12,7,5,4,4.0,1.1666666666666667,0.853658536585366,64.24996827132084,2,158.2,2,0.0
20,22,9,13,5,7.0,0.6428571428571429,0.6338028169014085,87.0844089947669,8,530.2,9,0.0
37,18,6,12,3,4.0,0.46153846153846156,0.7317073170731708,60.204003773493135,6,216.8,3,0.0
34,1,1,0,0,0.25,1.0,1.4285714285714286,29.26969275968763,1,76.0,4,1.0
22,6,4,2,2,2.5,1.3333333333333333,0.7692307692307692,65.83961467281962,4,231.20000000000002,1,0.0
24,17,10,7,5,4.75,1.25,1.0309278350515465,76.25727070441161,8,302.6,1,0.0
32,12,2,10,0,2.0,0.18181818181818182,0.47619047619047616,57.67698591875143,2,117.7,0,1.0
43,12,4,8,4,2.25,0.4444444444444444,0.851063829787234,57.00163947918619,4,310.59999999999997,2,0.0
36,15,4,11,3,3.75,0.3333333333333333,0.5194805194805194,72.30813776036358,5,229.7,1,0.0
39,5,3,2,0,1.75,1.0,0.8108108108108107,52.0693607611438,0,67.1,1,1.0
22,10,5,5,0,4.5,0.8333333333333334,0.5434782608695653,64.88900476152583,4,237.9,5,1.0
37,14,6,8,2,4.75,0.6666666666666666,0.6185567010309279,67.47405845066643,6,233.4,2,0.0
31,19,12,7,5,3.5,1.5,1.6666666666666665,71.2877782165229,4,363.09999999999997,1,0.0
17,19,9,10,3,2.0,0.8181818181818182,2.142857142857143,57.49904931460968,4,326.4,4,0.0
29,18,10,8,6,2.75,1.1111111111111112,1.7543859649122806,51.65644534146338,2,219.3,1,0.0
28,16,6,10,4,3.25,0.5454545454545454,0.8955223880597015,63.60498669256779,5,269.3,5,0.0
35,19,9,10,5,6.0,0.8181818181818182,0.7377049180327869,76.27847452666985,6,432.1,5,0.0
28,6,2,4,0,4.0,0.4,0.24390243902439027,67.97881775186761,3,97.1,0,1.0
27,23,12,11,5,1.5,1.0,3.75,69.85167990463962,4,483.0,0,0.0
40,9,7,2,2,2.75,2.3333333333333335,1.2280701754385965,69.66118460390503,2,90.3,2,0.0
17,13,6,7,3,3.25,0.75,0.8955223880597015,72.57105310879955,5,403.1,5,0.0
22,28,15,13,9,5.5,1.0714285714285714,1.3392857142857144,77.59892926594165,5,371.20000000000005,4,0.0
20,8,3,5,2,4.75,0.5,0.30927835051546393,60.83215430866036,5,159.4,3,0.0
26,19,9,10,5,3.25,0.8181818181818182,1.3432835820895521,66.74895049053977,5,467.2,4,0.0
23,25,17,8,5,4.5,1.8888888888888888,1.847826086956522,60.1045076249356,8,419.40000000000003,3,0.0
23,20,6,14,4,3.75,0.4,0.7792207792207793,70.96185306873974,2,356.6,2,0.0
35,5,2,3,1,2.25,0.5,0.425531914893617,61.68383619572141,1,117.60000000000001,1,0.0
41,7,2,5,0,2.75,0.3333333333333333,0.3508771929824561,55.65634786178687,2,247.0,1,1.0
35,6,3,3,2,3.75,0.75,0.38961038961038963,68.79078597895945,4,144.8,2,0.0
27,12,6,6,2,2.5,0.8571428571428571,1.1538461538461537,74.09670898869123,4,271.1,2,0.0
35,15,8,7,7,2.25,1.0,1.702127659574468,54.40396432304887,7,328.0,1,0.0
20,18,8,10,2,3.0,0.7272727272727273,1.2903225806451613,57.87617662548517,7,410.8,3,0.0
39,20,11,9,1,7.25,1.1,0.7482993197278912,81.43132630938855,7,550.7,4,0.0
37,15,3,12,2,5.75,0.23076923076923078,0.25641025641025644,75.9607877423428,7,329.9,3,0.0
24,17,8,9,5,5.25,0.8,0.7476635514018692,70.42505355176351,3,320.1,1,0.0
27,12,5,7,0,2.5,0.625,0.9615384615384615,66.4231791238638,4,149.4,2,1.0
39,10,4,6,2,3.0,0.5714285714285714,0.6451612903225806,55.873294811516175,2,188.3,4,0.0
24,17,9,8,6,4.5,1.0,0.9782608695652175,69.39720583988466,5,556.5,2,0.0
22,11,2,9,0,4.5,0.2,0.2173913043478261,65.54315528300688,4,135.5,0,1.0
18,19,12,7,6,5.75,1.5,1.0256410256410258,69.49544668241687,2,467.0,2,0.0
36,12,4,8,1,5.25,0.4444444444444444,0.3738317757009346,58.277621577160176,3,157.0,1,0.0
16,25,15,10,6,3.75,1.3636363636363635,1.948051948051948,76.2602523493039,5,278.09999999999997,5,0.0
39,27,13,14,7,4.25,0.8666666666666667,1.4942528735632186,79.90125127546841,7,121.60000000000001,3,0.0
18,18,11,7,4,3.0,1.375,1.7741935483870968,59.848891140713384,7,227.0,4,0.0
27,13,6,7,2,3.5,0.75,0.8333333333333333,41.43812214713112,4,256.7,2,0.0
41,19,13,6,4,5.75,1.8571428571428572,1.1111111111111112,81.18367839494027,6,425.59999999999997,3,0.0
20,11,7,4,2,2.25,1.4,1.4893617021276595,51.982674731145146,0,97.6,1,0.0
27,16,11,5,7,5.25,1.8333333333333333,1.0280373831775702,56.72454903649255,4,306.9,2,0.0
28,12,5,7,3,4.0,0.625,0.6097560975609757,44.37523915203096,7,246.29999999999998,0,0.0
43,19,11,8,4,6.25,1.2222222222222223,0.8661417322834646,67.64062077740836,4,490.2,0,0.0
43,14,10,4,5,6.5,2.0,0.7575757575757576,67.37108407505441,3,213.9,3,0.0
23,19,17,2,7,3.25,5.666666666666667,2.5373134328358207,69.36541938628649,5,171.6,2,0.0
34,6,2,4,2,1.25,0.4,0.7407407407407407,59.17581779136037,1,87.4,2,0.0
17,7,2,5,1,3.0,0.3333333333333333,0.3225806451612903,56.07586483890526,2,217.6,0,0.0
38,21,10,11,7,4.5,0.8333333333333334,1.0869565217391306,72.08712106809539,4,396.40000000000003,3,0.0
42,8,1,7,1,2.0,0.125,0.23809523809523808,55.24541399286649,4,182.0,2,0.0
44,8,3,5,1,2.25,0.5,0.6382978723404255,55.6595337630237,3,272.3,3,0.0
35,20,9,11,3,3.25,0.75,1.3432835820895521,72.66246310990705,5,268.3,3,0.0
43,10,2,8,0,2.5,0.2222222222222222,0.3846153846153846,57.64115921236205,4,191.4,0,1.0
36,12,8,4,2,4.0,1.6,0.9756097560975611,61.71077845732891,4,210.5,4,0.0
39,15,5,10,0,4.75,0.45454545454545453,0.5154639175257733,37.5617783823562,4,482.6,5,1.0
41,6,3,3,2,1.5,0.75,0.9375,57.60484718887465,1,255.2,3,0.0
20,8,4,4,1,0.75,0.8,2.3529411764705883,49.714569864484176,2,79.7,0,0.0
20,14,6,8,1,3.5,0.6666666666666666,0.8333333333333333,79.9374238017941,7,541.2,3,0.0
34,12,7,5,5,4.5,1.1666666666666667,0.7608695652173914,74.13973327669585,5,276.5,2,0.0
40,11,4,7,2,3.25,0.5,0.5970149253731343,51.99210071666903,2,144.7,1,0.0
40,12,5,7,4,3.25,0.625,0.7462686567164178,53.116917961239075,3,428.7,2,0.0
18,5,2,3,0,2.25,0.5,0.425531914893617,61.76749369558487,1,119.9,1,1.0
40,17,7,10,3,5.25,0.6363636363636364,0.6542056074766356,68.59572584603285,7,362.3,1,0.0
44,16,7,9,4,5.25,0.7,0.6542056074766356,77.51655409956628,5,550.1,3,0.0
25,29,11,18,7,4.25,0.5789473684210527,1.264367816091954,76.41189706959685,8,573.1,3,0.0
20,23,14,9,7,3.25,1.4,2.08955223880597,62.66505204784815,2,258.5,2,0.0
23,2,1,1,0,2.0,0.5,0.23809523809523808,53.87533759059273,2,220.0,3,1.0
21,10,3,7,1,3.5,0.375,0.41666666666666663,62.429466596378994,3,304.1,2,0.0
19,13,6,7,3,5.25,0.75,0.5607476635514019,59.749233974345664,6,265.8,0,0.0
32,14,8,6,5,5.25,1.1428571428571428,0.7476635514018692,78.78122515289672,5,513.9,2,0.0
18,12,6,6,3,2.25,0.8571428571428571,1.276595744680851,52.82615290302965,4,313.5,3,0.0
39,1,1,0,1,0.75,1.0,0.5882352941176471,44.37942133615253,0,46.3,0,0.0
24,19,8,11,3,5.5,0.6666666666666666,0.7142857142857143,61.23459170176306,7,353.8,3,0.0
27,15,9,6,7,5.25,1.2857142857142858,0.8411214953271029,71.32419147248316,6,367.59999999999997,3,0.0
33,15,6,9,3,2.0,0.6,1.4285714285714286,44.25798688028793,3,141.1,0,0.0
27,14,7,7,2,4.75,0.875,0.7216494845360826,82.14646281049716,3,348.6,1,0.0
39,30,18,12,12,6.75,1.3846153846153846,1.3138686131386863,72.45050284237048,8,484.9,5,0.0
32,32,20,12,13,5.5,1.5384615384615385,1.7857142857142858,81.38185058563705,8,606.9,7,0.0
39,20,10,10,6,4.75,0.9090909090909091,1.0309278350515465,77.38921422194554,6,369.59999999999997,4,0.0
39,13,5,8,2,4.0,0.5555555555555556,0.6097560975609757,58.35338042044329,5,309.3,1,0.0
36,16,8,8,5,4.0,0.8888888888888888,0.9756097560975611,63.46721379662083,5,107.0,2,0.0
41,15,7,8,4,3.0,0.7777777777777778,1.129032258064516,56.75172887127248,2,130.7,0,0.0
19,11,3,8,0,2.75,0.3333333333333333,0.5263157894736842,75.20639572564538,2,222.6,0,1.0
19,34,17,17,8,7.25,0.9444444444444444,1.1564625850340136,69.22817056187623,8,472.1,1,0.0
24,21,14,7,8,3.0,1.75,2.258064516129032,76.07902820517083,4,502.1,1,0.0
33,11,4,7,3,3.75,0.5,0.5194805194805194,56.825868614107804,5,316.9,3,0.0
19,11,7,4,4,4.5,1.4,0.7608695652173914,56.61662737796243,3,141.9,2,0.0
32,18,7,11,3,4.0,0.5833333333333334,0.853658536585366,69.3614198662071,4,249.8,3,0.0
20,13,7,6,4,2.75,1.0,1.2280701754385965,56.24229603348146,4,184.0,1,0.0
36,21,11,10,3,2.5,1.0,2.1153846153846154,69.3807796674563,5,347.0,1,0.0
23,24,10,14,4,4.75,0.6666666666666666,1.0309278350515465,72.64595426636674,5,425.0,6,0.0
16,17,5,12,2,7.25,0.38461538461538464,0.3401360544217687,66.2740175565419,6,263.3,2,0.0
41,21,10,11,3,3.5,0.8333333333333334,1.3888888888888888,65.71765006827802,4,395.4,5,0.0
25,17,12,5,6,3.0,2.0,1.9354838709677418,56.8265466227201,4,270.9,0,0.0
16,11,7,4,6,4.0,1.4,0.853658536585366,65.6300068203859,4,56.0,2,0.0
24,22,9,13,8,5.5,0.6428571428571429,0.8035714285714286,87.19126610672365,8,473.20000000000005,2,0.0
29,13,6,7,2,3.5,0.75,0.8333333333333333,67.1855545315046,5,417.0,5,0.0
34,14,6,8,3,3.5,0.6666666666666666,0.8333333333333333,65.57700458371805,7,265.1,2,0.0
38,17,10,7,5,4.0,1.25,1.2195121951219514,57.85040363310537,3,430.5,0,0.0
31,15,8,7,5,4.0,1.0,0.9756097560975611,64.26650009966878,3,242.8,4,0.0
18,13,7,6,5,3.25,1.0,1.044776119402985,60.44841851904098,2,235.9,3,0.0
27,21,7,14,3,5.5,0.4666666666666667,0.625,70.33250995052882,5,532.4,4,0.0
37,23,10,13,6,8.0,0.7142857142857143,0.617283950617284,81.04133995505998,7,543.0,5,0.0
34,5,2,3,0,5.75,0.5,0.17094017094017094,85.96554644548962,3,255.0,0,1.0
32,4,2,2,0,2.5,0.6666666666666666,0.3846153846153846,43.56038131749578,0,20.0,1,1.0
30,13,6,7,4,3.5,0.75,0.8333333333333333,71.25603560468004,8,357.8,7,0.0
30,14,6,8,3,5.25,0.6666666666666666,0.5607476635514019,76.7477806876935,6,147.4,3,0.0
40,23,9,14,7,6.0,0.6,0.7377049180327869,64.26939628219745,3,521.4,2,0.0
35,16,5,11,1,4.0,0.4166666666666667,0.6097560975609757,74.18485167620656,7,474.4,4,0.0
38,13,6,7,3,3.25,0.75,0.8955223880597015,61.433099963804665,6,252.8,4,0.0
16,25,17,8,8,5.5,1.8888888888888888,1.517857142857143,78.06060747971156,6,391.6,0,0.0
23,16,7,9,1,6.0,0.7,0.5737704918032788,76.10647533288196,4,265.3,0,0.0
20,12,4,8,2,3.25,0.4444444444444444,0.5970149253731343,55.17759534598318,2,299.8,3,0.0
21,15,10,5,4,2.25,1.6666666666666667,2.127659574468085,58.73129191645038,5,174.3,2,0.0
44,10,4,6,0,2.5,0.5714285714285714,0.7692307692307692,42.09436543977273,0,81.7,0,1.0
41,23,15,8,8,5.0,1.6666666666666667,1.4705882352941178,76.68018879800402,6,447.3,4,0.0
21,14,6,8,2,0.5,0.6666666666666666,5.0,60.53548580588547,0,157.4,1,0.0
23,9,2,7,0,4.25,0.25,0.2298850574712644,51.07800076265353,3,88.10000000000001,0,1.0
16,12,5,7,2,2.75,0.625,0.8771929824561403,65.45510612152913,5,326.5,2,0.0
17,12,5,7,3,3.0,0.625,0.8064516129032258,59.46614960152114,3,220.0,3,0.0
23,7,2,5,1,3.25,0.3333333333333333,0.29850746268656714,47.7012330044347,1,216.8,2,0.0
21,2,1,1,0,1.0,0.5,0.45454545454545453,52.18789662816371,2,86.8,0,1.0
34,13,4,9,1,2.5,0.4,0.7692307692307692,62.92475883702468,4,401.4,1,0.0
31,16,6,10,2,3.25,0.5454545454545454,0.8955223880597015,65.65759198844992,5,490.9,4,0.0
20,22,12,10,6,7.0,1.0909090909090908,0.8450704225352114,82.16316755942262,8,305.0,3,0.0
31,17,6,11,4,3.25,0.5,0.8955223880597015,67.62833215939692,5,394.0,2,0.0
34,9,4,5,0,1.25,0.6666666666666666,1.4814814814814814,17.61309592562212,0,151.29999999999998,1,1.0
18,6,4,2,3,1.25,1.3333333333333333,1.4814814814814814,46.404866653555274,1,139.29999999999998,0,0.0
42,17,10,7,3,5.0,1.25,0.9803921568627452,68.86885092923663,6,471.0,2,0.0
42,3,2,1,0,3.0,1.0,0.3225806451612903,52.20019075337543,1,179.5,1,1.0
31,4,4,0,2,1.25,4.0,1.4814814814814814,36.9465896790813,0,87.3,1,0.0
43,16,6,10,3,4.75,0.5454545454545454,0.6185567010309279,87.56278402668147,7,506.1,4,0.0
40,19,9,10,4,4.0,0.8181818181818182,1.0975609756097562,72.84554660306712,6,254.0,1,0.0
18,25,13,12,8,5.75,1.0,1.1111111111111112,72.61201522964888,7,536.3,3,0.0
35,15,10,5,3,2.5,1.6666666666666667,1.923076923076923,66.83626632470713,2,440.4,2,0.0
21,11,5,6,1,3.5,0.7142857142857143,0.6944444444444444,66.98739962836954,4,235.0,0,0.0
31,14,6,8,2,5.0,0.6666666666666666,0.5882352941176471,60.43954557421198,5,316.2,1,0.0
26,12,7,5,6,2.5,1.1666666666666667,1.346153846153846,60.043785652174314,2,270.0,2,0.0
43,20,11,9,2,4.5,1.1,1.1956521739130437,63.10237945635372,5,477.6,1,0.0
38,15,9,6,2,3.75,1.2857142857142858,1.1688311688311688,69.971314243317,4,446.7,4,0.0
40,10,4,6,1,3.0,0.5714285714285714,0.6451612903225806,57.01410236306193,1,192.7,0,0.0
38,18,12,6,8,2.75,1.7142857142857142,2.1052631578947367,69.86554782561979,5,222.9,3,0.0
24,16,9,7,4,6.75,1.125,0.6569343065693432,74.48169144137067,5,365.5,4,0.0
42,4,1,3,0,3.25,0.25,0.14925373134328357,50.751879057052506,2,87.7,2,1.0
31,8,2,6,1,4.0,0.2857142857142857,0.24390243902439027,51.799420948158776,2,154.9,1,0.0
36,9,4,5,3,4.75,0.6666666666666666,0.4123711340206186,60.14149168152703,5,387.20000000000005,1,0.0
24,3,1,2,1,0.5,0.3333333333333333,0.8333333333333334,61.63909793019711,0,69.4,0,0.0
17,11,5,6,3,4.5,0.7142857142857143,0.5434782608695653,52.0849750917735,5,195.3,2,0.0
44,3,1,2,1,1.75,0.3333333333333333,0.27027027027027023,53.152058714574885,1,112.9,1,0.0
40,25,16,9,11,4.5,1.6,1.7391304347826089,65.78764512041744,4,298.7,5,0.0
43,21,11,10,3,4.5,1.0,1.1956521739130437,76.04347880671334,7,682.3,1,0.0
26,3,3,0,1,2.5,3.0,0.5769230769230769,,0,104.7,0,0.0
37,16,7,9,3,5.75,0.7,0.5982905982905983,85.80254297330096,6,532.1,1,0.0
26,12,5,7,3,2.75,0.625,0.8771929824561403,61.416434157678,2,216.4,1,0.0
37,15,8,7,3,3.0,1.0,1.2903225806451613,49.57292738795356,2,230.1,0,0.0
17,25,11,14,5,6.5,0.7333333333333333,0.8333333333333334,74.02440906531803,8,404.9,2,0.0
41,5,3,2,2,1.0,1.0,1.3636363636363635,42.058156336957026,0,94.89999999999999,0,0.0
23,8,4,4,0,2.75,0.8,0.7017543859649122,57.0565757281429,3,201.5,0,1.0
19,24,9,15,5,7.25,0.5625,0.6122448979591837,84.69128326996804,8,346.5,3,0.0
37,10,6,4,3,3.0,1.2,0.9677419354838709,40.630270304785086,1,208.2,2,0.0
22,29,14,15,7,6.0,0.875,1.1475409836065575,82.64864253062363,8,560.4,5,0.0
44,10,7,3,0,4.5,1.75,0.7608695652173914,63.14475189581438,4,143.8,0,1.0
32,21,10,11,5,2.5,0.8333333333333334,1.923076923076923,69.63432161050419,5,291.3,3,0.0
16,14,8,6,2,2.0,1.1428571428571428,1.9047619047619047,68.56626362426523,5,304.9,1,0.0
27,18,4,14,3,4.5,0.26666666666666666,0.4347826086956522,70.12587695252627,6,402.9,4,0.0
37,12,9,3,4,4.75,2.25,0.9278350515463918,80.06292703181099,8,396.90000000000003,2,0.0
22,13,6,7,2,2.0,0.75,1.4285714285714286,52.3947682494389,4,299.7,0,0.0
30,12,4,8,1,5.25,0.4444444444444444,0.3738317757009346,52.215421999175156,5,134.0,1,0.0
21,22,9,13,6,3.5,0.6428571428571429,1.25,65.26365485305423,3,184.60000000000002,5,0.0
31,27,10,17,5,7.25,0.5555555555555556,0.6802721088435374,82.09056460656163,8,399.6,4,0.0
28,21,11,10,10,6.25,1.0,0.8661417322834646,67.51952984017598,7,484.20000000000005,2,0.0
17,13,7,6,4,2.5,1.0,1.346153846153846,43.18645611394347,2,135.5,0,0.0
37,13,9,4,6,3.75,1.8,1.1688311688311688,55.17818971183299,6,352.2,2,0.0
33,6,2,4,0,3.5,0.4,0.2777777777777778,47.31309569132779,3,80.1,0,1.0
36,19,9,10,2,5.0,0.8181818181818182,0.8823529411764707,84.19720770483544,8,570.3,5,0.0
36,18,11,7,8,2.75,1.375,1.9298245614035088,63.312057629947276,4,464.29999999999995,3,0.0
22,19,10,9,5,5.75,1.0,0.8547008547008548,69.65110695171201,8,385.2,2,0.0
23,20,12,8,6,3.25,1.3333333333333333,1.791044776119403,76.45251884576186,6,521.0,1,0.0
44,8,1,7,0,3.25,0.125,0.14925373134328357,62.73126500092206,4,303.7,0,1.0
23,15,4,11,2,3.0,0.3333333333333333,0.6451612903225806,73.28098782409361,5,345.2,3,0.0
23,13,7,6,2,3.0,1.0,1.129032258064516,69.36434763428896,6,278.2,4,0.0
17,29,10,19,7,4.0,0.5,1.2195121951219514,77.79451243479762,7,462.9,5,0.0
18,12,3,9,2,5.0,0.3,0.29411764705882354,56.5323003343821,2,285.2,2,0.0
21,22,7,15,2,2.75,0.4375,1.2280701754385965,63.53713667863783,6,234.7,4,0.0
32,23,12,11,7,3.75,1.0,1.5584415584415585,75.48227111727302,6,370.4,4,0.0
21,3,1,2,0,2.0,0.3333333333333333,0.23809523809523808,36.96965825950676,1,134.6,1,1.0
32,12,2,10,0,1.5,0.18181818181818182,0.625,59.340611086534004,5,269.2,2,1.0
41,10,9,1,6,3.5,4.5,1.25,58.991046555759624,4,156.5,2,0.0
40,12,7,5,3,3.0,1.1666666666666667,1.129032258064516,57.970865637276276,2,234.5,2,0.0
20,5,2,3,0,2.75,0.5,0.3508771929824561,50.590196254834254,4,249.10000000000002,0,1.0
19,17,8,9,4,6.0,0.8,0.6557377049180328,64.88427694526396,3,312.5,3,0.0
37,25,11,14,8,7.75,0.7333333333333333,0.7006369426751593,73.94500643466449,6,406.0,3,0.0
28,17,10,7,8,5.75,1.25,0.8547008547008548,78.2094023419347,6,448.1,1,0.0
30,20,12,8,6,3.25,1.3333333333333333,1.791044776119403,64.54239036143635,6,436.5,3,0.0
20,7,3,4,2,2.0,0.6,0.7142857142857143,59.863945971962735,4,548.0,3,0.0
31,6,4,2,1,3.0,1.3333333333333333,0.6451612903225806,55.96068868923966,5,173.1,0,0.0
42,10,4,6,1,4.75,0.5714285714285714,0.4123711340206186,57.90400633746745,5,238.7,3,0.0
19,10,7,3,3,2.0,1.75,1.6666666666666665,63.58548390431346,2,169.1,2,0.0
16,11,3,8,0,2.0,0.3333333333333333,0.7142857142857143,64.61014364267156,4,243.6,2,1.0
44,32,11,21,6,7.25,0.5,0.7482993197278912,79.11616628251069,6,292.2,4,0.0
38,11,6,5,2,5.25,1.0,0.5607476635514019,67.02435914600683,2,283.2,3,0.0
27,21,6,15,1,3.0,0.375,0.9677419354838709,67.3366042457225,4,278.8,2,0.0
27,14,6,8,2,4.0,0.6666666666666666,0.7317073170731708,65.16162607557285,3,236.3,3,0.0
40,8,1,7,0,4.0,0.125,0.12195121951219513,64.24915527177404,3,84.2,1,1.0
39,22,8,14,5,3.5,0.5333333333333333,1.1111111111111112,74.36344241526909,5,283.0,4,0.0
21,12,5,7,3,2.25,0.625,1.0638297872340425,54.019987294505086,3,252.29999999999998,2,0.0
21,10,8,2,3,2.25,2.6666666666666665,1.702127659574468,62.41812480830632,3,257.8,5,0.0
31,6,4,2,2,2.0,1.3333333333333333,0.9523809523809523,36.90704231440562,0,240.5,2,0.0
34,19,7,12,4,3.75,0.5384615384615384,0.9090909090909091,57.753767532809746,6,312.2,1,0.0
37,19,10,9,4,2.25,1.0,2.127659574468085,55.09913021347844,3,212.89999999999998,1,0.0
25,2,2,0,1,1.25,2.0,0.7407407407407407,34.71100996894981,0,25.900000000000002,0,0.0
29,21,10,11,2,5.75,0.8333333333333334,0.8547008547008548,80.39010033644561,8,484.5,2,0.0
33,19,10,9,7,6.75,1.0,0.7299270072992701,79.8222808990714,6,406.6,2,0.0
42,7,3,4,3,2.75,0.6,0.5263157894736842,68.75356739789994,2,443.5,3,0.0
17,12,7,5,6,3.75,1.1666666666666667,0.9090909090909091,62.44859011204924,1,181.7,0,0.0
40,6,4,2,2,5.5,1.3333333333333333,0.35714285714285715,70.30043552566555,5,206.4,5,0.0
25,19,12,7,6,7.25,1.5,0.8163265306122449,77.15664391866311,7,525.6,3,0.0
28,11,5,6,0,2.5,0.7142857142857143,0.9615384615384615,59.753227796607895,1,119.3,0,1.0
22,11,4,7,3,3.0,0.5,0.6451612903225806,67.03049398668088,6,264.8,3,0.0
44,16,8,8,4,5.75,0.8888888888888888,0.6837606837606838,79.72268253051259,7,333.1,2,0.0
41,14,7,7,3,3.25,0.875,1.044776119402985,58.70161062605529,5,194.7,3,0.0
32,9,5,4,2,3.75,1.0,0.6493506493506493,61.67301674432318,3,266.0,2,0.0
38,10,6,4,2,1.25,1.2,2.222222222222222,,1,41.0,1,0.0
36,21,10,11,5,3.25,0.8333333333333334,1.4925373134328357,56.38634658456327,5,244.6,2,0.0
39,16,8,8,3,5.0,0.8888888888888888,0.7843137254901962,64.18889947953285,3,365.2,1,0.0
21,7,4,3,2,2.25,1.0,0.851063829787234,63.89169264909438,1,173.60000000000002,0,0.0
24,17,12,5,7,4.75,2.0,1.2371134020618557,64.88800755305961,6,348.6,1,0.0
19,25,13,12,5,6.5,1.0,0.9848484848484849,83.21737859935101,8,379.3,3,0.0
21,29,13,16,5,9.25,0.7647058823529411,0.6951871657754011,81.88186940842523,6,582.4,1,0.0
34,12,5,7,4,2.75,0.625,0.8771929824561403,54.14659258714128,4,239.2,2,0.0
23,22,9,13,3,5.25,0.6428571428571429,0.8411214953271029,64.52545092938476,5,497.5,5,0.0
18,18,6,12,2,4.25,0.46153846153846156,0.6896551724137931,60.276295514465865,3,163.79999999999998,3,0.0
27,12,1,11,0,3.0,0.08333333333333333,0.16129032258064516,52.926807327259176,2,231.8,2,1.0
26,11,5,6,1,4.0,0.7142857142857143,0.6097560975609757,57.50546840537144,3,250.8,4,0.0
16,13,6,7,5,2.25,0.75,1.276595744680851,57.90117054295326,2,284.8,2,0.0
23,21,15,6,8,3.25,2.142857142857143,2.2388059701492535,63.854209899846,5,257.6,4,0.0
16,11,6,5,2,4.25,1.0,0.6896551724137931,64.27140318232306,4,379.5,2,0.0
37,9,5,4,4,3.0,1.0,0.8064516129032258,56.293008541915775,1,284.2,1,0.0
38,19,12,7,5,4.5,1.5,1.3043478260869565,61.069144255417505,8,461.40000000000003,2,0.0
20,14,9,5,7,3.25,1.5,1.3432835820895521,54.50260154562461,3,319.5,0,0.0
41,12,6,6,3,3.75,0.8571428571428571,0.7792207792207793,72.05425161940805,6,268.3,3,0.0
23,13,5,8,0,2.5,0.5555555555555556,0.9615384615384615,65.27728419179266,2,126.2,1,1.0
38,8,5,3,4,4.75,1.25,0.5154639175257733,63.844174287579726,4,585.9,0,0.0
34,13,8,5,4,3.25,1.3333333333333333,1.1940298507462686,66.11582206111777,5,254.4,5,0.0
36,26,13,13,3,7.5,0.9285714285714286,0.8552631578947368,75.55062362524328,7,479.5,1,0.0
23,13,4,9,2,1.75,0.4,1.081081081081081,64.82145215041784,4,163.0,0,0.0
25,11,3,8,1,2.75,0.3333333333333333,0.5263157894736842,60.96172403435662,3,242.3,1,0.0
16,17,10,7,4,5.5,1.25,0.8928571428571429,71.59006268665722,6,319.0,5,0.0
25,17,7,10,0,4.0,0.6363636363636364,0.853658536585366,63.84452661873572,5,281.5,2,1.0
30,15,9,6,3,4.25,1.2857142857142858,1.0344827586206897,73.75539914226984,7,458.3,3,0.0
21,18,5,13,2,4.0,0.35714285714285715,0.6097560975609757,71.35279074728992,7,389.3,2,0.0
24,10,1,9,0,3.5,0.1,0.1388888888888889,65.76860296428957,3,321.0,5,1.0
44,7,3,4,1,2.25,0.6,0.6382978723404255,45.06905849086513,3,304.2,0,0.0
42,18,14,4,7,4.25,2.8,1.6091954022988506,68.69613706101597,6,293.1,3,0.0
42,17,6,11,4,6.25,0.5,0.4724409448818898,80.068480470488,6,837.2,3,0.0
35,17,8,9,4,5.75,0.8,0.6837606837606838,72.41185222495837,6,140.4,4,0.0
20,11,6,5,2,2.5,1.0,1.1538461538461537,68.09475784687523,2,204.7,2,0.0
43,19,12,7,6,3.0,1.5,1.9354838709677418,63.927780782853645,7,344.0,4,0.0
16,12,5,7,2,3.0,0.625,0.8064516129032258,67.26882352353702,2,180.4,2,0.0
30,7,5,2,4,3.5,1.6666666666666667,0.6944444444444444,57.040700676128125,1,146.8,7,0.0
33,3,2,1,0,2.5,1.0,0.3846153846153846,59.29902234404335,0,62.9,0,1.0
40,6,3,3,0,1.5,0.75,0.9375,61.587126011290586,1,76.8,1,1.0
24,6,3,3,1,2.25,0.75,0.6382978723404255,,1,105.6,1,0.0
30,15,7,8,2,2.5,0.7777777777777778,1.346153846153846,64.41738346242117,4,195.5,2,0.0
34,15,9,6,5,3.0,1.2857142857142858,1.4516129032258065,58.60712522860382,2,382.7,1,0.0
43,4,2,2,0,1.5,0.6666666666666666,0.625,58.457948673873005,2,192.5,0,1.0
32,19,5,14,3,4.0,0.3333333333333333,0.6097560975609757,76.73553525920202,7,243.0,2,0.0
19,15,8,7,4,4.5,1.0,0.8695652173913044,57.43329082994069,6,345.5,3,0.0
42,17,9,8,5,6.5,1.0,0.6818181818181819,76.18438340313587,7,410.7,4,0.0
21,14,4,10,2,4.5,0.36363636363636365,0.4347826086956522,71.16472430014423,6,141.9,5,0.0
21,17,8,9,5,3.25,0.8,1.1940298507462686,61.04279071176799,2,93.0,2,0.0
21,19,8,11,4,2.25,0.6666666666666666,1.702127659574468,78.11695552758168,7,388.3,0,0.0
36,14,5,9,3,2.75,0.5,0.8771929824561403,66.78875475250297,4,194.7,3,0.0
18,12,2,10,0,6.5,0.18181818181818182,0.15151515151515152,77.2661538714933,5,281.90000000000003,1,1.0
41,17,6,11,4,2.25,0.5,1.276595744680851,71.62429976640968,4,551.9,2,0.0
34,12,8,4,3,4.25,1.6,0.9195402298850576,71.37862798401977,7,625.2,3,0.0
17,6,2,4,0,3.0,0.4,0.3225806451612903,55.64748212314436,3,109.3,2,1.0
44,14,3,11,0,1.75,0.25,0.8108108108108107,52.44559203600917,0,214.6,4,1.0
18,18,10,8,9,3.5,1.1111111111111112,1.3888888888888888,65.65508629965774,6,148.5,5,0.0
33,4,1,3,0,1.5,0.25,0.3125,53.84380301438714,1,75.10000000000001,1,1.0
31,11,5,6,2,3.0,0.7142857142857143,0.8064516129032258,64.28056287535213,4,192.0,3,0.0
27,15,9,6,6,7.0,1.2857142857142858,0.6338028169014085,89.85764144175039,8,898.2,5,0.0
32,6,2,4,0,4.25,0.4,0.2298850574712644,70.1343210149046,3,91.6,1,1.0
29,20,12,8,6,4.5,1.3333333333333333,1.3043478260869565,75.30875758975799,6,304.6,6,0.0
35,4,3,1,1,2.0,1.5,0.7142857142857143,58.85380685784793,5,275.6,0,0.0
23,17,8,9,6,5.25,0.8,0.7476635514018692,60.48653537218062,8,259.2,3,0.0
26,17,7,10,4,3.0,0.6363636363636364,1.129032258064516,57.92251638629239,3,220.9,2,0.0
26,7,2,5,1,1.5,0.3333333333333333,0.625,54.05989497245157,2,76.8,0,0.0
25,14,6,8,3,3.5,0.6666666666666666,0.8333333333333333,80.03164375999724,5,481.5,4,0.0
38,6,4,2,2,1.25,1.3333333333333333,1.4814814814814814,42.30915712106645,1,183.4,0,0.0
39,14,7,7,4,4.0,0.875,0.853658536585366,61.93068687787787,7,365.9,1,0.0
26,14,7,7,3,3.75,0.875,0.9090909090909091,61.27858279136859,5,339.3,0,0.0
17,24,11,13,5,5.5,0.7857142857142857,0.9821428571428572,81.81249223759112,6,641.6,4,0.0
22,17,10,7,8,2.75,1.25,1.7543859649122806,52.55005487081016,2,527.1,1,0.0
33,8,4,4,3,4.25,0.8,0.4597701149425288,71.89646738425424,5,208.6,2,0.0
23,22,9,13,9,2.25,0.6428571428571429,1.9148936170212765,68.56234920978241,7,446.7,5,0.0
30,14,6,8,2,2.25,0.6666666666666666,1.276595744680851,75.33744028801055,6,181.2,1,0.0
32,23,10,13,3,4.5,0.7142857142857143,1.0869565217391306,78.28488730873326,7,293.3,3,0.0
29,12,5,7,1,2.25,0.625,1.0638297872340425,71.61271691861701,0,331.7,3,0.0
38,9,6,3,2,2.5,1.5,1.1538461538461537,70.07941228890647,6,248.9,0,0.0
22,34,17,17,7,4.75,0.9444444444444444,1.752577319587629,75.67035946742719,8,532.0,6,0.0
40,26,14,12,3,6.25,1.0769230769230769,1.1023622047244095,77.7385183227697,3,340.4,3,0.0
43,9,4,5,3,1.75,0.6666666666666666,1.081081081081081,52.44136652869773,5,178.6,2,0.0
27,12,5,7,0,4.25,0.625,0.574712643678161,66.22833383688064,3,267.5,2,1.0
19,11,7,4,4,2.5,1.4,1.346153846153846,66.39699709849815,6,266.3,1,0.0
31,13,8,5,3,5.0,1.3333333333333333,0.7843137254901962,64.6393962833199,4,483.6,3,0.0
39,16,7,9,2,4.0,0.7,0.853658536585366,64.14530378247609,2,537.4,1,0.0
42,20,8,12,3,4.25,0.6153846153846154,0.9195402298850576,65.22793930834622,5,329.6,2,0.0
39,10,5,5,1,2.75,0.8333333333333334,0.8771929824561403,59.17570331300137,2,159.4,0,0.0
24,15,11,4,5,3.0,2.2,1.7741935483870968,58.41091075187073,1,264.1,0,0.0
19,15,7,8,5,4.0,0.7777777777777778,0.853658536585366,55.37307292798633,4,207.0,1,0.0
23,5,1,4,1,1.75,0.2,0.27027027027027023,57.25808830736365,3,279.1,0,0.0
26,3,1,2,1,0.75,0.3333333333333333,0.5882352941176471,51.50028006967173,0,124.1,1,0.0
27,9,2,7,0,4.5,0.25,0.2173913043478261,73.04455203269158,2,178.60000000000002,1,1.0
39,11,4,7,1,5.0,0.5,0.3921568627450981,61.33895908540409,3,226.1,4,0.0
42,5,1,4,1,1.5,0.2,0.3125,53.24171607950316,2,107.7,2,0.0
33,23,9,14,4,2.5,0.6,1.7307692307692306,70.92367159532307,3,180.5,5,0.0
21,10,3,7,2,2.75,0.375,0.5263157894736842,66.1610507405778,3,257.7,3,0.0
38,15,6,9,3,4.0,0.6,0.7317073170731708,70.21193163615405,3,260.3,0,0.0
41,19,12,7,3,4.25,1.5,1.3793103448275863,61.424997181278016,6,309.8,3,0.0
41,13,3,10,0,2.75,0.2727272727272727,0.5263157894736842,54.225218236686295,5,242.7,3,1.0
32,20,14,6,7,3.5,2.0,1.9444444444444444,76.63201229663872,6,260.2,4,0.0
24,14,7,7,3,3.75,0.875,0.9090909090909091,64.39119117255952,3,283.2,1,0.0
26,20,11,9,7,5.25,1.1,1.0280373831775702,74.95433157762476,6,637.1999999999999,9,0.0
17,3,2,1,0,1.5,1.0,0.625,,1,67.1,1,1.0
36,17,4,13,2,6.0,0.2857142857142857,0.3278688524590164,68.77726468977649,6,331.7,1,0.0
17,13,9,4,5,3.0,1.8,1.4516129032258065,59.130984377839525,3,273.2,1,0.0
18,13,7,6,2,1.5,1.0,2.1875,67.10204428727445,6,408.7,2,0.0
40,22,9,13,4,6.75,0.6428571428571429,0.6569343065693432,61.27892482848825,6,515.9,4,0.0
33,15,6,9,3,4.0,0.6,0.7317073170731708,74.40082867946151,6,390.0,1,0.0
40,17,11,6,3,3.0,1.5714285714285714,1.7741935483870968,70.13130908491051,3,480.2,0,0.0
39,11,8,3,6,2.25,2.0,1.702127659574468,35.86663588120282,0,87.30000000000001,1,0.0
16,23,14,9,6,6.25,1.4,1.1023622047244095,67.71909378585777,7,320.2,3,0.0
41,19,10,9,8,6.0,1.0,0.819672131147541,74.49651020030393,6,261.4,3,0.0
35,25,9,16,3,7.5,0.5294117647058824,0.5921052631578948,75.14888724682244,7,262.4,0,0.0
39,11,5,6,2,4.5,0.7142857142857143,0.5434782608695653,67.73034452959541,3,142.1,1,0.0
30,19,6,13,4,5.0,0.42857142857142855,0.5882352941176471,75.97171396080732,4,341.2,5,0.0
20,14,5,9,1,3.5,0.5,0.6944444444444444,63.03777202541465,4,306.2,2,0.0
31,14,8,6,4,3.0,1.1428571428571428,1.2903225806451613,61.39587395324715,4,193.5,1,0.0
22,9,3,6,1,3.25,0.42857142857142855,0.44776119402985076,58.719509050350304,4,90.39999999999999,2,0.0
19,13,8,5,6,3.0,1.3333333333333333,1.2903225806451613,64.27898341662683,6,361.0,1,0.0
18,14,5,9,1,3.25,0.5,0.7462686567164178,55.920647865032095,4,280.8,1,0.0
23,16,8,8,4,4.75,0.8888888888888888,0.8247422680412372,71.68760321878617,8,496.1,5,0.0
41,23,12,11,7,3.5,1.0,1.6666666666666665,56.17302805472945,2,410.2,4,0.0
33,22,14,8,5,5.75,1.5555555555555556,1.1965811965811965,82.62820968875434,8,371.7,2,0.0
44,11,9,2,5,5.0,3.0,0.8823529411764707,50.04830273399935,6,264.5,2,0.0
25,11,8,3,5,2.25,2.0,1.702127659574468,63.35878979651285,3,361.29999999999995,3,0.0
36,28,13,15,8,4.5,0.8125,1.4130434782608696,75.03936688396378,6,362.5,2,0.0
19,9,4,5,3,1.5,0.6666666666666666,1.25,52.09404268305009,2,223.2,2,0.0
16,13,7,6,2,2.5,1.0,1.346153846153846,69.21614158403943,4,274.3,2,0.0
34,20,12,8,7,5.25,1.3333333333333333,1.1214953271028039,59.41562055789903,3,302.8,0,0.0
37,20,8,12,2,3.5,0.6153846153846154,1.1111111111111112,66.71244903209522,7,344.9,4,0.0
29,13,6,7,4,5.0,0.75,0.5882352941176471,71.17017235956033,6,511.7,0,0.0
29,14,9,5,1,3.5,1.5,1.25,58.07988840745541,7,471.2,3,0.0
20,21,10,11,4,4.25,0.8333333333333334,1.149425287356322,60.87540499966866,5,346.1,1,0.0
39,22,11,11,5,2.75,0.9166666666666666,1.9298245614035088,57.89352941971794,5,124.7,2,0.0
27,20,9,11,5,4.0,0.75,1.0975609756097562,66.3152186421305,4,671.6999999999999,1,0.0
40,10,4,6,0,2.75,0.5714285714285714,0.7017543859649122,49.838673594179305,3,207.39999999999998,1,1.0
22,4,1,3,0,2.25,0.25,0.2127659574468085,75.23097589481424,0,107.6,0,1.0
26,17,9,8,3,3.0,1.0,1.4516129032258065,72.9455277988094,7,216.5,1,0.0
27,14,5,9,2,5.25,0.5,0.4672897196261683,76.20116701275593,6,433.2,0,0.0
40,16,7,9,3,3.0,0.7,1.129032258064516,77.16107765369136,5,282.2,6,0.0
16,18,12,6,6,6.0,1.7142857142857142,0.9836065573770493,78.44228703300274,7,228.5,6,0.0
38,13,7,6,4,4.75,1.0,0.7216494845360826,55.887542489901875,3,303.6,1,0.0
24,17,8,9,3,5.0,0.8,0.7843137254901962,77.27652469471896,3,272.9,1,0.0
29,25,13,12,7,4.75,1.0,1.3402061855670104,71.63289393310359,5,328.2,2,0.0
43,12,7,5,1,4.25,1.1666666666666667,0.8045977011494253,67.94161068030692,2,223.4,1,0.0
28,7,1,6,0,4.5,0.14285714285714285,0.10869565217391305,75.4926539245306,3,88.10000000000001,1,1.0
40,12,7,5,3,3.0,1.1666666666666667,1.129032258064516,68.75899186405422,5,342.3,1,0.0
32,13,6,7,3,3.5,0.75,0.8333333333333333,62.469446047541815,2,220.0,2,0.0
30,13,6,7,3,5.75,0.75,0.5128205128205129,73.64452732486431,6,190.2,1,0.0
22,3,2,1,0,1.75,1.0,0.5405405405405405,64.30719478075841,1,267.9,1,1.0
33,21,10,11,1,5.5,0.8333333333333334,0.8928571428571429,70.47067731608556,5,491.4,3,0.0
43,10,6,4,3,2.75,1.2,1.0526315789473684,62.22984778927961,6,304.1,3,0.0
33,6,2,4,2,3.25,0.4,0.29850746268656714,58.80997862894094,3,222.9,3,0.0
41,19,5,14,3,4.5,0.3333333333333333,0.5434782608695653,65.85212814033227,4,152.0,0,0.0
25,11,9,2,4,3.5,3.0,1.25,88.2196024539327,5,325.4,1,0.0
23,14,4,10,1,3.75,0.36363636363636365,0.5194805194805194,65.43914206566467,6,263.09999999999997,1,0.0
22,20,11,9,7,3.25,1.1,1.6417910447761193,66.7229216586304,3,268.1,3,0.0
37,17,9,8,2,3.75,1.0,1.1688311688311688,75.63358526400324,8,279.5,6,0.0
41,16,7,9,3,4.25,0.7,0.8045977011494253,64.41246774002441,3,401.0,2,0.0
35,5,4,1,4,4.0,2.0,0.48780487804878053,67.21021351623104,2,97.5,1,0.0
29,21,12,9,6,3.25,1.2,1.791044776119403,74.97174305738855,5,328.9,6,0.0
34,14,7,7,5,4.25,0.875,0.8045977011494253,58.94885068378597,6,116.0,0,0.0
27,19,12,7,6,6.5,1.5,0.9090909090909092,62.82259704072079,5,396.6,2,0.0
21,14,4,10,1,4.75,0.36363636363636365,0.4123711340206186,78.42982004486011,7,466.1,8,0.0
20,21,10,11,7,6.0,0.8333333333333334,0.819672131147541,71.4137185202158,6,452.8,3,0.0
41,12,5,7,3,2.5,0.625,0.9615384615384615,58.98403001915744,6,415.4,1,0.0
37,10,3,7,0,3.5,0.375,0.41666666666666663,65.83558705134094,5,219.70000000000002,1,1.0
28,19,9,10,3,7.25,0.8181818181818182,0.6122448979591837,72.70500929722608,8,686.3,1,0.0
40,15,9,6,2,5.25,1.2857142857142858,0.8411214953271029,66.8876925476268,8,220.9,3,0.0
33,7,5,2,0,1.5,1.6666666666666667,1.5625,72.71462334732965,0,97.2,0,1.0
19,9,2,7,1,2.75,0.25,0.3508771929824561,63.948707882780965,1,116.7,0,0.0
31,25,5,20,4,3.5,0.23809523809523808,0.6944444444444444,68.24103625965462,6,503.40000000000003,2,0.0
19,14,6,8,3,5.75,0.6666666666666666,0.5128205128205129,59.06739900635644,6,171.3,4,0.0
35,16,9,7,6,4.25,1.125,1.0344827586206897,65.31737487526857,4,458.9,3,0.0
17,4,2,2,0,1.25,0.6666666666666666,0.7407407407407407,42.29204370092242,0,55.2,1,1.0
19,19,10,9,5,3.25,1.0,1.4925373134328357,63.32884968644768,2,274.40000000000003,2,0.0
29,17,5,12,4,2.25,0.38461538461538464,1.0638297872340425,65.31434862501499,2,153.1,3,0.0
21,18,9,9,4,6.5,0.9,0.6818181818181819,74.06985772055188,6,542.4,0,0.0
26,16,9,7,5,2.75,1.125,1.5789473684210527,66.85957006134083,6,364.8,1,0.0
27,16,9,7,4,3.5,1.125,1.25,57.01196074076059,6,188.4,2,0.0
19,30,19,11,9,4.25,1.5833333333333333,2.1839080459770117,88.94232627082587,7,406.3,8,0.0
16,7,4,3,2,1.25,1.0,1.4814814814814814,44.700986766848075,2,132.2,1,0.0
43,23,10,13,2,4.25,0.7142857142857143,1.149425287356322,82.07924600420667,7,389.5,2,0.0
34,3,1,2,0,2.5,0.3333333333333333,0.1923076923076923,47.74654245786264,2,162.20000000000002,1,1.0
40,24,18,6,7,4.0,2.5714285714285716,2.1951219512195124,63.04890304242164,4,284.2,4,0.0
18,8,3,5,1,2.75,0.5,0.5263157894736842,49.90416092591002,1,273.3,1,0.0
34,3,1,2,1,2.0,0.3333333333333333,0.23809523809523808,55.214693523862906,0,120.9,2,0.0
26,13,8,5,2,4.25,1.3333333333333333,0.9195402298850576,73.14691930684175,7,435.1,4,0.0
44,14,2,12,1,2.5,0.15384615384615385,0.3846153846153846,67.9618388852415,2,332.8,2,0.0
30,19,10,9,7,3.75,1.0,1.2987012987012987,66.20868783521519,4,303.9,4,0.0
29,17,11,6,8,4.5,1.5714285714285714,1.1956521739130437,61.69624297527643,5,319.8,5,0.0
27,13,6,7,1,3.0,0.75,0.9677419354838709,58.093984220683765,5,178.0,0,0.0
43,24,16,8,6,5.0,1.7777777777777777,1.5686274509803924,74.32571846286926,5,319.4,6,0.0
38,13,6,7,1,3.25,0.75,0.8955223880597015,60.84673648779207,5,217.6,0,0.0
29,15,8,7,6,2.75,1.0,1.4035087719298245,73.41398071835835,2,208.9,2,0.0
34,15,5,10,2,5.0,0.45454545454545453,0.4901960784313726,51.32555085745082,4,304.1,5,0.0
17,4,1,3,0,1.75,0.25,0.27027027027027023,64.82609461428346,1,128.6,1,1.0
33,2,1,1,0,1.25,0.5,0.37037037037037035,49.401803435649576,1,53.1,0,1.0
35,20,6,14,1,4.5,0.4,0.6521739130434783,53.8077640209546,6,303.70000000000005,4,0.0
44,15,6,9,4,3.5,0.6,0.8333333333333333,59.24077153540113,4,113.5,4,0.0
18,22,6,16,1,3.5,0.35294117647058826,0.8333333333333333,70.4896575416821,4,414.59999999999997,1,0.0
17,7,3,4,1,3.0,0.6,0.48387096774193544,52.04463570752958,1,194.4,0,0.0
20,10,7,3,5,1.0,1.75,3.1818181818181817,69.85017065112064,2,386.5,2,0.0
24,15,8,7,4,3.75,1.0,1.0389610389610389,49.786777053460156,2,244.70000000000002,0,0.0
40,14,6,8,4,3.0,0.6666666666666666,0.9677419354838709,64.2154545576619,3,351.0,1,0.0
21,18,7,11,4,2.5,0.5833333333333334,1.346153846153846,49.0881314859153,2,265.3,2,0.0
16,9,5,4,3,2.25,1.0,1.0638297872340425,70.21751373357246,4,290.59999999999997,1,0.0
27,24,13,11,7,5.0,1.0833333333333333,1.2745098039215688,82.0601893615787,6,490.29999999999995,2,0.0
33,17,9,8,5,4.25,1.0,1.0344827586206897,64.15820294896753,4,322.7,0,0.0
30,14,3,11,1,3.75,0.25,0.38961038961038963,65.03612799026332,3,256.8,1,0.0
23,13,6,7,2,3.5,0.75,0.8333333333333333,67.4277608813622,3,286.0,2,0.0
16,13,7,6,4,2.0,1.0,1.6666666666666665,64.1408475652647,3,238.2,2,0.0
21,10,5,5,3,4.75,0.8333333333333334,0.5154639175257733,76.46568022130342,5,279.9,2,0.0
40,15,6,9,2,1.0,0.6,2.727272727272727,46.46832723035021,4,261.3,3,0.0
27,8,3,5,0,1.5,0.5,0.9375,56.82150651382767,0,151.1,0,1.0
31,3,2,1,0,1.0,1.0,0.9090909090909091,52.57367371415254,0,52.9,0,1.0
23,22,14,8,9,6.0,1.5555555555555556,1.1475409836065575,74.7707526063527,6,380.1,2,0.0
24,12,4,8,2,2.75,0.4444444444444444,0.7017543859649122,71.12437321615256,1,297.4,1,0.0
42,2,1,1,0,1.25,0.5,0.37037037037037035,,2,69.2,0,1.0
43,8,5,3,1,3.25,1.25,0.7462686567164178,55.501151257775625,4,323.3,1,0.0
31,17,8,9,4,3.5,0.8,1.1111111111111112,63.24844957426939,5,503.2,3,0.0
43,13,6,7,3,2.25,0.75,1.276595744680851,57.23418278402073,2,141.1,0,0.0
26,15,6,9,2,6.75,0.6,0.43795620437956206,71.84755498232366,7,429.6,3,0.0
16,15,10,5,3,3.75,1.6666666666666667,1.2987012987012987,67.47474844353813,7,273.7,3,0.0
16,14,9,5,7,4.0,1.5,1.0975609756097562,71.27602101283573,6,227.39999999999998,0,0.0
16,11,6,5,3,2.25,1.0,1.276595744680851,57.74846165325795,4,347.6,2,0.0
38,14,7,7,1,3.5,0.875,0.9722222222222222,74.17637287365493,6,154.2,1,0.0
37,10,6,4,3,3.0,1.2,0.9677419354838709,61.03100529132132,3,133.5,1,0.0
39,22,10,12,5,5.0,0.7692307692307693,0.9803921568627452,73.20356900455965,6,539.3,2,0.0
20,11,7,4,5,4.0,1.4,0.853658536585366,49.658223212967386,3,440.2,1,0.0
20,26,12,14,6,3.25,0.8,1.791044776119403,74.39295828456046,7,499.90000000000003,3,0.0
34,14,9,5,3,2.25,1.5,1.9148936170212765,68.31501390697684,3,417.0,1,0.0
35,15,9,6,3,4.25,1.2857142857142858,1.0344827586206897,68.38398792651819,7,348.3,1,0.0
41,19,8,11,4,3.25,0.6666666666666666,1.1940298507462686,67.79414828352512,7,385.1,1,0.0
20,13,6,7,2,4.5,0.75,0.6521739130434783,66.73402931776009,5,534.3,2,0.0
32,21,10,11,5,3.75,0.8333333333333334,1.2987012987012987,74.37157343992293,5,319.6,3,0.0
43,18,10,8,7,4.5,1.1111111111111112,1.0869565217391306,69.30367743045969,2,223.0,2,0.0
23,18,9,9,5,4.5,0.9,0.9782608695652175,65.35445233402992,7,236.1,6,0.0
22,8,6,2,2,1.5,2.0,1.875,53.09604583976754,1,151.7,0,0.0
16,10,3,7,2,3.75,0.375,0.38961038961038963,58.21749670367217,3,190.9,0,0.0
41,9,6,3,6,3.25,1.5,0.8955223880597015,76.16123973737518,7,485.8,2,0.0
38,17,8,9,6,7.25,0.8,0.54421768707483,66.27661204754364,7,345.4,2,0.0
42,12,9,3,7,3.0,2.25,1.4516129032258065,59.535758156948404,5,293.8,2,0.0
36,15,6,9,4,4.0,0.6,0.7317073170731708,63.04007144999389,3,284.8,2,0.0
42,14,7,7,3,3.75,0.875,0.9090909090909091,71.7732955465802,7,354.9,6,0.0
44,16,7,9,2,4.25,0.7,0.8045977011494253,75.07481769469217,6,497.0,1,0.0
42,20,13,7,7,3.75,1.625,1.6883116883116882,57.84086495920064,7,442.2,0,0.0
28,11,5,6,4,1.75,0.7142857142857143,1.3513513513513513,57.72169813104386,3,208.2,0,0.0
27,21,11,10,2,7.75,1.0,0.7006369426751593,68.1583889283822,4,143.9,1,0.0
28,20,9,11,5,6.25,0.75,0.7086614173228347,75.3301947291999,6,585.1,3,0.0
43,18,10,8,6,4.75,1.1111111111111112,1.0309278350515465,56.978031796829264,5,380.3,3,0.0
37,24,10,14,4,7.75,0.6666666666666666,0.6369426751592357,86.59794831672129,7,658.6,6,0.0
34,13,5,8,4,1.75,0.5555555555555556,1.3513513513513513,59.05135287098797,2,255.2,2,0.0
17,4,1,3,0,2.25,0.25,0.2127659574468085,,1,126.39999999999999,2,1.0
30,11,6,5,0,2.25,1.0,1.276595744680851,51.03929179574439,2,189.9,4,1.0
28,10,5,5,1,2.25,0.8333333333333334,1.0638297872340425,60.7308868224669,2,256.2,4,0.0
17,18,12,6,5,4.5,1.7142857142857142,1.3043478260869565,78.16481011405065,6,386.3,1,0.0
19,5,2,3,0,7.25,0.5,0.1360544217687075,91.42722414563372,4,120.30000000000001,1,1.0
38,20,12,8,7,3.25,1.3333333333333333,1.791044776119403,60.78885205958973,5,228.9,2,0.0
41,18,13,5,5,4.25,2.1666666666666665,1.4942528735632186,81.30881199943413,5,387.2,0,0.0
40,17,8,9,5,4.25,0.8,0.9195402298850576,72.23185076705089,5,314.7,2,0.0
32,15,8,7,5,6.25,1.0,0.6299212598425197,82.29109663171357,4,263.5,2,0.0
26,12,8,4,5,3.75,1.6,1.0389610389610389,67.60476638025496,4,410.29999999999995,5,0.0
42,20,11,9,4,6.0,1.1,0.9016393442622951,74.89197041262308,3,434.0,1,0.0
26,18,9,9,5,4.5,0.9,0.9782608695652175,70.02135957543605,6,370.8,4,0.0
27,17,9,8,5,5.0,1.0,0.8823529411764707,68.74348928358825,4,417.20000000000005,1,0.0
31,20,14,6,9,5.0,2.0,1.3725490196078431,80.71199912102668,5,701.2,4,0.0
20,7,4,3,2,2.25,1.0,0.851063829787234,55.49243107189105,1,329.1,2,0.0
21,12,4,8,2,1.75,0.4444444444444444,1.081081081081081,66.36385564408162,2,209.7,6,0.0
31,13,8,5,6,5.5,1.3333333333333333,0.7142857142857143,79.99693719644588,6,422.0,3,0.0
38,15,9,6,7,6.75,1.2857142857142858,0.6569343065693432,70.23258981713904,7,213.10000000000002,4,0.0
22,14,6,8,2,3.0,0.6666666666666666,0.9677419354838709,64.4212436952934,7,288.40000000000003,2,0.0
37,10,5,5,1,4.0,0.8333333333333334,0.6097560975609757,67.32677462759817,2,496.3,2,0.0
42,2,1,1,0,1.75,0.5,0.27027027027027023,51.751019999206314,2,183.7,1,1.0
27,13,6,7,2,5.5,0.75,0.5357142857142857,73.07950597721171,7,390.6,4,0.0
16,8,3,5,2,2.5,0.5,0.5769230769230769,51.33735251897778,6,218.4,4,0.0
20,16,9,7,3,3.0,1.125,1.4516129032258065,47.11824520394801,5,223.20000000000002,3,0.0
26,19,11,8,4,3.75,1.2222222222222223,1.4285714285714286,64.27275167074833,6,223.8,1,0.0
30,20,10,10,5,3.75,0.9090909090909091,1.2987012987012987,70.74457578875422,7,330.09999999999997,3,0.0
40,4,2,2,1,0.5,0.6666666666666666,1.6666666666666667,59.594077372302706,0,76.2,0,0.0
29,17,7,10,4,3.75,0.6363636363636364,0.9090909090909091,73.10104679323622,6,216.5,1,0.0
25,6,2,4,0,2.25,0.4,0.425531914893617,54.16063931660769,0,136.5,0,1.0
25,13,5,8,2,5.5,0.5555555555555556,0.44642857142857145,61.25734188744538,4,157.4,2,0.0
35,14,7,7,1,5.75,0.875,0.5982905982905983,67.27102773019465,5,381.3,1,0.0
19,7,1,6,1,1.75,0.14285714285714285,0.27027027027027023,46.10260052814297,1,143.7,0,0.0
37,3,1,2,1,1.5,0.3333333333333333,0.3125,39.6978284556418,1,61.7,0,0.0
26,18,8,10,5,4.75,0.7272727272727273,0.8247422680412372,66.60988838950732,4,280.8,2,0.0
17,8,2,6,0,5.25,0.2857142857142857,0.1869158878504673,69.87210299720569,3,96.3,0,1.0
44,20,19,1,13,4.0,9.5,2.3170731707317076,80.76283588796267,5,265.1,1,0.0
30,4,2,2,2,2.0,0.6666666666666666,0.47619047619047616,49.366837446052585,3,179.0,0,0.0
19,14,6,8,4,4.75,0.6666666666666666,0.6185567010309279,61.414619633508345,5,158.1,2,0.0
30,21,14,7,8,6.5,1.75,1.0606060606060606,66.92564333095608,8,686.2,2,0.0
40,13,3,10,2,2.25,0.2727272727272727,0.6382978723404255,31.323152513742045,2,118.0,3,0.0
33,10,1,9,0,3.25,0.1,0.14925373134328357,53.099520115115425,3,148.3,0,1.0
31,14,9,5,4,5.25,1.5,0.8411214953271029,53.030746990690524,3,535.3,2,0.0
43,19,13,6,7,5.25,1.8571428571428572,1.2149532710280375,66.99807207761471,7,697.9,4,0.0
26,14,4,10,1,3.0,0.36363636363636365,0.6451612903225806,62.62190158262695,5,271.6,4,0.0
42,15,7,8,5,1.5,0.7777777777777778,2.1875,74.91606508551818,3,279.3,1,0.0
34,13,8,5,5,4.0,1.3333333333333333,0.9756097560975611,74.61648075758002,6,592.2,2,0.0
29,12,6,6,2,1.5,0.8571428571428571,1.875,74.23302881643339,3,204.1,2,0.0
31,12,6,6,1,5.0,0.8571428571428571,0.5882352941176471,59.62791150288459,5,227.4,5,0.0
21,11,3,8,0,4.25,0.3333333333333333,0.3448275862068966,67.2821824442949,1,50.5,3,1.0
43,18,12,6,4,4.5,1.7142857142857142,1.3043478260869565,70.18332283941642,8,201.9,2,0.0
44,3,1,2,0,3.0,0.3333333333333333,0.16129032258064516,58.64271796690024,1,117.19999999999999,0,1.0
40,15,5,10,3,3.5,0.45454545454545453,0.6944444444444444,54.4197222797062,5,74.2,4,0.0
33,9,6,3,3,3.0,1.5,0.9677419354838709,58.9138755901847,2,320.7,5,0.0
40,13,7,6,3,3.5,1.0,0.9722222222222222,51.16717704540179,4,210.7,0,0.0
34,16,9,7,4,3.75,1.125,1.1688311688311688,63.78093571825613,3,287.8,1,0.0
19,7,2,5,1,2.0,0.3333333333333333,0.47619047619047616,61.644048689676026,4,140.0,1,0.0
38,6,2,4,1,2.0,0.4,0.47619047619047616,47.74569754618448,1,136.5,2,0.0
19,8,1,7,0,5.75,0.125,0.08547008547008547,77.32073211780832,2,89.2,2,1.0
30,12,8,4,6,2.5,1.6,1.5384615384615383,53.10404272437472,3,277.9,1,0.0
29,20,13,7,4,3.75,1.625,1.6883116883116882,58.38214190551517,3,329.09999999999997,2,0.0
39,9,2,7,2,3.75,0.25,0.2597402597402597,73.49589438136837,6,196.0,2,0.0
26,7,3,4,1,4.0,0.6,0.3658536585365854,65.08005665280903,4,222.9,5,0.0
21,20,10,10,5,2.75,0.9090909090909091,1.7543859649122806,68.4615362967465,5,268.6,2,0.0
33,23,8,15,3,5.5,0.5,0.7142857142857143,79.62271619355832,7,688.1,4,0.0
17,17,12,5,4,5.0,2.0,1.1764705882352942,80.83359799924409,6,290.0,1,0.0
19,14,7,7,5,2.0,0.875,1.6666666666666665,60.49755939667323,2,92.2,3,0.0
26,25,16,9,9,4.5,1.6,1.7391304347826089,80.8350931742736,8,329.2,2,0.0
22,14,5,9,2,3.75,0.5,0.6493506493506493,62.450008834126166,5,261.2,1,0.0
19,28,13,15,6,6.75,0.8125,0.9489051094890512,76.28766172403455,8,429.2,2,0.0
24,20,9,11,6,2.5,0.75,1.7307692307692306,64.90053027874582,4,377.4,2,0.0
39,7,3,4,1,1.5,0.6,0.9375,50.06304407984589,1,209.7,2,0.0
24,15,12,3,5,3.25,3.0,1.791044776119403,57.72622142020327,6,215.20000000000002,2,0.0
40,17,7,10,3,2.25,0.6363636363636364,1.4893617021276595,64.81145825894289,4,262.2,0,0.0
35,17,10,7,6,3.0,1.25,1.6129032258064515,74.41190500822226,4,405.4,1,0.0
37,17,8,9,5,4.5,0.8,0.8695652173913044,70.95546477905657,7,472.5,0,0.0
40,20,13,7,9,4.0,1.625,1.5853658536585367,66.68700596850475,4,281.5,2,0.0
16,18,6,12,2,4.5,0.46153846153846156,0.6521739130434783,64.59386174535146,3,391.5,1,0.0
28,7,2,5,1,3.75,0.3333333333333333,0.2597402597402597,63.755113317638916,5,123.9,0,0.0
43,14,10,4,5,4.25,2.0,1.149425287356322,69.61323282879769,6,336.40000000000003,2,0.0
20,5,3,2,2,0.75,1.0,1.7647058823529411,46.90464893308531,1,117.6,0,0.0
30,10,5,5,2,2.0,0.8333333333333334,1.1904761904761905,64.62524135147089,3,330.3,1,0.0
23,4,1,3,0,1.5,0.25,0.3125,41.64901259068661,2,75.4,2,1.0
20,7,3,4,3,2.75,0.6,0.5263157894736842,50.35750247471236,1,285.4,3,0.0
38,12,6,6,5,2.5,0.8571428571428571,1.1538461538461537,69.31367932312682,3,367.5,1,0.0
28,20,12,8,7,3.5,1.3333333333333333,1.6666666666666665,60.91446788981923,3,138.9,2,0.0
42,20,8,12,6,5.75,0.6153846153846154,0.6837606837606838,69.19278175241058,6,204.9,1,0.0
27,19,7,12,5,6.0,0.5384615384615384,0.5737704918032788,76.71468067721189,6,236.1,4,0.0
39,5,3,2,1,1.25,1.0,1.111111111111111,29.89462250613335,3,102.0,1,0.0
29,6,3,3,3,2.75,0.75,0.5263157894736842,59.45446385462748,2,265.4,1,0.0
28,7,3,4,2,3.75,0.6,0.38961038961038963,59.73333354513161,3,348.5,3,0.0
29,17,10,7,7,5.5,1.25,0.8928571428571429,76.44216568320839,6,364.79999999999995,1,0.0
28,2,1,1,0,1.0,0.5,0.45454545454545453,35.12273792186705,0,45.7,2,1.0
41,18,10,8,5,7.25,1.1111111111111112,0.6802721088435374,76.52263621578423,4,428.4,4,0.0
16,8,5,3,4,3.25,1.25,0.7462686567164178,57.97847070859531,3,137.39999999999998,3,0.0
36,9,5,4,0,1.5,1.0,1.5625,56.180402925343316,1,139.79999999999998,1,1.0
21,6,4,2,2,3.25,1.3333333333333333,0.5970149253731343,60.70285090288582,3,160.1,2,0.0
40,16,8,8,4,2.0,0.8888888888888888,1.9047619047619047,53.41244686426635,2,155.3,2,0.0
19,11,5,6,2,2.25,0.7142857142857143,1.0638297872340425,56.98827115867774,2,164.2,2,0.0
20,17,4,13,2,2.25,0.2857142857142857,0.851063829787234,67.9233033006936,3,110.8,1,0.0
18,24,10,14,5,5.0,0.6666666666666666,0.9803921568627452,80.68146439458067,5,294.3,1,0.0
37,17,10,7,6,2.75,1.25,1.7543859649122806,45.38522862496257,2,265.9,0,0.0
21,16,8,8,5,5.5,0.8888888888888888,0.7142857142857143,63.94442027308198,3,223.1,3,0.0
24,8,2,6,0,5.0,0.2857142857142857,0.19607843137254904,72.89177393213431,4,291.4,2,1.0
18,19,6,13,3,4.5,0.42857142857142855,0.6521739130434783,71.34856590068988,5,418.7,2,0.0
29,13,5,8,2,3.0,0.5555555555555556,0.8064516129032258,60.762320682024864,7,206.6,1,0.0
36,9,5,4,3,2.75,1.0,0.8771929824561403,54.67466105410176,2,319.1,4,0.0
22,26,16,10,11,4.0,1.4545454545454546,1.9512195121951221,71.01019403831125,4,289.9,4,0.0
38,6,4,2,3,2.75,1.3333333333333333,0.7017543859649122,56.531854352113434,2,131.5,0,0.0
44,16,9,7,6,5.5,1.125,0.8035714285714286,58.52389730247983,7,288.2,0,0.0
20,13,8,5,3,3.75,1.3333333333333333,1.0389610389610389,61.13474955534239,5,247.0,3,0.0
20,25,15,10,13,6.5,1.3636363636363635,1.1363636363636365,86.84202469652845,7,305.8,2,0.0
29,32,12,20,5,8.0,0.5714285714285714,0.7407407407407408,78.04912561159885,7,578.8,3,0.0
31,17,7,10,3,3.75,0.6363636363636364,0.9090909090909091,51.04623442419174,5,397.9,1,0.0
19,3,2,1,0,2.25,1.0,0.425531914893617,56.37030183056504,3,105.60000000000001,0,1.0
19,11,5,6,5,5.0,0.7142857142857143,0.4901960784313726,73.72478894223988,5,307.3,4,0.0
17,20,9,11,6,5.5,0.75,0.8035714285714286,67.52196132243445,4,265.8,0,0.0
30,8,3,5,0,1.5,0.5,0.9375,,2,90.5,2,1.0
43,12,6,6,1,4.5,0.8571428571428571,0.6521739130434783,51.528942978468045,4,446.7,4,0.0
44,12,8,4,4,3.25,1.6,1.1940298507462686,56.13896600936075,3,273.1,2,0.0
43,15,10,5,4,3.0,1.6666666666666667,1.6129032258064515,61.969908486098376,6,283.7,2,0.0
34,8,3,5,1,2.0,0.5,0.7142857142857143,64.92360604706474,2,178.20000000000002,1,0.0
29,16,6,10,1,1.75,0.5454545454545454,1.6216216216216215,61.8799053198369,7,427.1,0,0.0
42,19,12,7,4,5.25,1.5,1.1214953271028039,84.48357554627606,7,386.0,3,0.0
35,21,14,7,7,5.5,1.75,1.25,58.793305712500484,4,188.20000000000002,4,0.0
21,6,4,2,3,3.0,1.3333333333333333,0.6451612903225806,53.83541306587906,5,119.2,4,0.0
19,18,8,10,4,5.0,0.7272727272727273,0.7843137254901962,63.4489351493697,3,395.1,5,0.0
33,17,9,8,4,3.75,1.0,1.1688311688311688,57.89587046244019,3,265.2,3,0.0
16,13,6,7,3,3.75,0.75,0.7792207792207793,57.84962053505907,4,213.2,3,0.0
34,9,2,7,1,4.25,0.25,0.2298850574712644,71.54821279248551,3,268.5,4,0.0
18,5,3,2,1,2.0,1.0,0.7142857142857143,50.24202118252156,1,103.2,2,0.0
33,24,12,12,4,4.25,0.9230769230769231,1.3793103448275863,79.97090621253626,8,491.6,4,0.0
37,25,13,12,8,6.25,1.0,1.0236220472440944,79.73043565371714,5,607.1,3,0.0
37,21,11,10,5,4.75,1.0,1.1340206185567012,77.6071555756806,5,704.9,1,0.0
39,24,15,9,6,6.25,1.5,1.1811023622047245,73.76632353241246,6,358.4,2,0.0
24,12,4,8,1,3.75,0.4444444444444444,0.5194805194805194,69.93624391779791,8,870.4000000000001,2,0.0
22,24,1,23,0,5.5,0.041666666666666664,0.08928571428571429,73.29641499916276,6,403.8,3,1.0
44,6,3,3,2,2.25,0.75,0.6382978723404255,49.86912501514011,1,179.0,0,0.0
21,14,8,6,5,2.25,1.1428571428571428,1.702127659574468,59.849066642640246,2,277.8,1,0.0
26,12,9,3,4,3.25,2.25,1.3432835820895521,59.28856230436837,4,192.20000000000002,0,0.0
35,11,8,3,3,3.5,2.0,1.1111111111111112,68.31286585776134,2,174.4,2,0.0
39,26,12,14,4,5.0,0.8,1.1764705882352942,83.331991281601,8,346.9,6,0.0
44,17,8,9,4,3.75,0.8,1.0389610389610389,86.04484621036873,6,370.2,0,0.0
40,21,7,14,3,6.5,0.4666666666666667,0.5303030303030303,74.83233216132156,8,274.1,3,0.0
16,23,11,12,7,4.75,0.8461538461538461,1.1340206185567012,67.73517457400082,4,344.2,2,0.0
44,7,3,4,1,1.75,0.6,0.8108108108108107,51.32818116889993,2,146.8,4,0.0
40,11,8,3,5,1.5,2.0,2.5,48.402698597431595,4,211.2,2,0.0
20,14,7,7,2,4.5,0.875,0.7608695652173914,58.456258394115764,4,266.9,3,0.0
31,15,7,8,4,3.75,0.7777777777777778,0.9090909090909091,82.76464251123664,6,478.3,1,0.0
31,19,7,12,1,3.25,0.5384615384615384,1.044776119402985,69.82558052258756,3,276.3,1,0.0
37,18,12,6,5,6.5,1.7142857142857142,0.9090909090909092,88.34554889160358,7,306.5,4,0.0
23,8,3,5,1,3.0,0.5,0.48387096774193544,44.813168523662135,0,82.8,2,0.0
27,25,14,11,9,4.5,1.1666666666666667,1.5217391304347827,82.6550377769944,7,602.1,6,0.0
28,15,3,12,2,3.75,0.23076923076923078,0.38961038961038963,54.44296806536221,6,170.9,4,0.0
43,13,5,8,4,3.0,0.5555555555555556,0.8064516129032258,54.20794417564051,3,283.5,1,0.0
27,18,9,9,4,5.5,0.9,0.8035714285714286,66.07828463595705,6,317.4,1,0.0
16,4,3,1,3,1.75,1.5,0.8108108108108107,26.203311446392068,3,250.3,0,0.0
31,17,8,9,6,2.25,0.8,1.702127659574468,60.785153501512504,4,182.9,3,0.0
17,15,11,4,6,4.5,2.2,1.1956521739130437,71.78588693545615,3,765.9,1,0.0
37,11,6,5,3,3.0,1.0,0.9677419354838709,49.011303313104776,2,148.1,0,0.0
39,14,8,6,3,5.75,1.1428571428571428,0.6837606837606838,63.264082087106146,5,520.7,4,0.0
37,17,7,10,3,6.25,0.6363636363636364,0.5511811023622047,59.414740711229186,5,420.1,1,0.0
30,20,13,7,6,4.5,1.625,1.4130434782608696,70.76881194476883,4,154.70000000000002,1,0.0
35,13,9,4,4,6.25,1.8,0.7086614173228347,70.60655016151114,6,453.79999999999995,4,0.0
27,15,8,7,5,6.75,1.0,0.5839416058394161,80.41557975346258,7,235.2,7,0.0
22,11,5,6,0,4.25,0.7142857142857143,0.574712643678161,61.55157997981837,3,303.8,3,1.0
43,8,1,7,0,2.0,0.125,0.23809523809523808,57.61480739662851,1,132.9,2,1.0
32,18,6,12,3,3.25,0.46153846153846156,0.8955223880597015,62.90372708743112,2,297.3,2,0.0
26,15,10,5,6,3.75,1.6666666666666667,1.2987012987012987,61.11064221730595,1,262.7,3,0.0
30,7,3,4,2,3.5,0.6,0.41666666666666663,62.958003619023245,5,221.7,2,0.0
34,15,6,9,1,4.25,0.6,0.6896551724137931,76.61108842596771,7,443.6,3,0.0
32,17,6,11,2,3.25,0.5,0.8955223880597015,65.88900092345305,5,581.4,1,0.0
27,18,10,8,3,6.0,1.1111111111111112,0.819672131147541,68.4617900974278,6,342.0,1,0.0
22,8,3,5,2,1.25,0.5,1.111111111111111,52.90363262307924,4,327.9,2,0.0
39,19,13,6,6,5.75,1.8571428571428572,1.1111111111111112,74.66865624710859,7,249.4,3,0.0
32,30,10,20,5,6.0,0.47619047619047616,0.819672131147541,78.35044384046778,5,355.8,5,0.0
17,29,18,11,7,5.5,1.5,1.6071428571428572,73.90355449270575,8,755.7,1,0.0
26,18,8,10,5,4.0,0.7272727272727273,0.9756097560975611,58.47533208653596,4,185.6,1,0.0
44,22,12,10,5,6.75,1.0909090909090908,0.8759124087591241,72.03476348758839,7,356.9,4,0.0
34,16,9,7,4,3.75,1.125,1.1688311688311688,69.89848972568807,8,426.6,2,0.0
41,20,11,9,6,4.5,1.1,1.1956521739130437,64.10903281849237,7,315.0,3,0.0
17,18,9,9,4,2.5,0.9,1.7307692307692306,58.662799650911396,3,167.0,2,0.0
21,4,1,3,1,0.75,0.25,0.5882352941176471,43.42978313744134,1,51.8,0,0.0
18,18,7,11,4,6.75,0.5833333333333334,0.5109489051094891,74.55230376365947,6,658.7,4,0.0
37,14,8,6,5,3.25,1.1428571428571428,1.1940298507462686,54.10726402430155,5,313.8,3,0.0
31,21,10,11,5,3.25,0.8333333333333334,1.4925373134328357,52.12897933079456,5,255.4,0,0.0
29,17,5,12,3,7.5,0.38461538461538464,0.32894736842105265,79.54570327457692,7,617.6,3,0.0
34,14,8,6,4,5.25,1.1428571428571428,0.7476635514018692,82.56959964414203,6,246.1,2,0.0
25,27,11,16,3,3.75,0.6470588235294118,1.4285714285714286,76.18910982922029,8,216.1,5,0.0
42,12,6,6,4,2.75,0.8571428571428571,1.0526315789473684,70.37331185495792,5,275.8,2,0.0
21,21,13,8,7,5.75,1.4444444444444444,1.1111111111111112,76.3448249292312,4,429.0,4,0.0
35,15,6,9,1,4.25,0.6,0.6896551724137931,64.87272312866254,2,395.0,3,0.0
19,14,8,6,5,1.5,1.1428571428571428,2.5,63.1896715582362,5,389.4,1,0.0
26,18,4,14,4,4.25,0.26666666666666666,0.4597701149425288,52.99529608474527,3,132.5,2,0.0
35,3,1,2,0,4.5,0.3333333333333333,0.10869565217391305,55.88523298383534,4,171.1,1,1.0
24,23,9,14,7,4.75,0.6,0.9278350515463918,68.73385594723496,5,439.7,2,0.0
22,20,10,10,3,4.0,0.9090909090909091,1.2195121951219514,75.77522785900432,4,239.9,2,0.0
27,9,4,5,2,1.5,0.6666666666666666,1.25,47.325271990473894,4,176.7,2,0.0
19,7,1,6,0,2.0,0.14285714285714285,0.23809523809523808,65.64892004965387,3,283.0,0,1.0
19,5,3,2,2,1.0,1.0,1.3636363636363635,33.55733022379829,0,52.3,1,0.0
25,8,2,6,2,6.0,0.2857142857142857,0.1639344262295082,72.39841285665771,4,311.9,3,0.0
44,18,11,7,5,6.75,1.375,0.8029197080291971,67.70594680652718,4,304.8,2,0.0
18,19,10,9,5,3.0,1.0,1.6129032258064515,61.27060792446416,3,198.1,1,0.0
24,11,7,4,4,2.5,1.4,1.346153846153846,60.90509377889023,4,210.0,2,0.0
42,24,12,12,7,5.0,0.9230769230769231,1.1764705882352942,76.3295830656821,2,300.8,3,0.0
20,21,14,7,8,3.75,1.75,1.8181818181818181,72.87284641229107,5,561.9,3,0.0
43,7,5,2,3,2.0,1.6666666666666667,1.1904761904761905,44.04597763084238,3,167.6,3,0.0
17,13,5,8,3,2.0,0.5555555555555556,1.1904761904761905,67.66782126648224,3,217.20000000000002,0,0.0
22,23,9,14,5,5.5,0.6,0.8035714285714286,84.18976087527636,6,551.6,2,0.0
30,12,4,8,3,3.25,0.4444444444444444,0.5970149253731343,62.333928193543116,5,254.6,3,0.0
41,2,1,1,1,0.25,0.5,1.4285714285714286,44.10199325414739,2,101.3,1,0.0
38,12,5,7,2,3.5,0.625,0.6944444444444444,62.78160520748359,2,283.8,2,0.0
32,9,4,5,2,3.0,0.6666666666666666,0.6451612903225806,69.5958401694917,3,360.7,1,0.0
16,15,4,11,0,4.0,0.3333333333333333,0.48780487804878053,63.96521575592109,4,165.9,1,1.0
27,7,4,3,1,3.25,1.0,0.5970149253731343,72.36594757921486,5,277.9,2,0.0
43,17,10,7,5,2.5,1.25,1.923076923076923,64.79970902047205,3,276.8,0,0.0
18,14,5,9,3,3.5,0.5,0.6944444444444444,67.00413735971011,4,237.2,2,0.0
16,10,5,5,3,2.5,0.8333333333333334,0.9615384615384615,47.65784381313222,2,137.79999999999998,4,0.0
29,17,10,7,4,4.0,1.25,1.2195121951219514,59.81939155643339,4,191.9,0,0.0
29,4,1,3,0,3.25,0.25,0.14925373134328357,42.65545247298198,2,97.9,0,1.0
36,16,11,5,6,6.5,1.8333333333333333,0.8333333333333334,77.87309245115999,6,370.90000000000003,2,0.0
35,21,12,9,6,3.75,1.2,1.5584415584415585,74.28435977625074,7,441.3,1,0.0
20,15,13,2,5,4.0,4.333333333333333,1.5853658536585367,69.0139454962104,3,348.4,4,0.0
26,16,9,7,5,4.25,1.125,1.0344827586206897,80.09346039760406,7,492.8,1,0.0
34,6,3,3,2,1.25,0.75,1.111111111111111,40.181176417831246,4,305.0,3,0.0
40,19,7,12,4,5.5,0.5384615384615384,0.625,75.89492625789897,5,259.6,2,0.0
22,8,4,4,3,1.75,0.8,1.081081081081081,67.92458467031618,4,200.1,2,0.0
31,5,2,3,0,3.25,0.5,0.29850746268656714,52.429520103518264,2,202.1,1,1.0
25,20,8,12,4,4.5,0.6153846153846154,0.8695652173913044,53.96213476881009,6,239.10000000000002,3,0.0
35,16,6,10,3,6.75,0.5454545454545454,0.43795620437956206,80.48376649509166,7,697.2,1,0.0
21,15,9,6,5,4.0,1.2857142857142858,1.0975609756097562,71.34436457251692,5,405.8,2,0.0
30,10,4,6,2,2.25,0.5714285714285714,0.851063829787234,57.529791274045486,1,148.29999999999998,1,0.0
41,24,13,11,3,4.5,1.0833333333333333,1.4130434782608696,77.90569077334122,6,274.9,0,0.0
34,17,8,9,3,4.5,0.8,0.8695652173913044,70.15603730271063,5,333.4,1,0.0
37,25,15,10,8,8.25,1.3636363636363635,0.8982035928143713,79.35628586791272,8,447.0,2,0.0
28,19,6,13,2,5.25,0.42857142857142855,0.5607476635514019,65.04826734543556,6,509.3,4,0.0
20,17,8,9,5,3.5,0.8,1.1111111111111112,69.93244322912258,7,135.5,1,0.0
28,8,2,6,0,2.5,0.2857142857142857,0.3846153846153846,41.816202322366145,1,89.3,3,1.0
38,7,1,6,0,4.0,0.14285714285714285,0.12195121951219513,48.2124656747219,3,69.9,0,1.0
36,22,12,10,6,7.0,1.0909090909090908,0.8450704225352114,79.87657906062528,8,311.3,2,0.0
24,5,3,2,0,2.0,1.0,0.7142857142857143,58.22788551882362,2,49.400000000000006,0,1.0
33,16,4,12,3,3.0,0.3076923076923077,0.6451612903225806,63.21835060561036,5,282.7,0,0.0
34,26,16,10,8,4.0,1.4545454545454546,1.9512195121951221,79.80955577508588,8,261.5,3,0.0
35,28,9,19,3,3.5,0.45,1.25,68.42800859534124,7,398.0,3,0.0
22,17,6,11,3,4.75,0.5,0.6185567010309279,56.16138218891687,3,404.2,2,0.0
22,5,2,3,1,2.25,0.5,0.425531914893617,66.71754561215232,2,149.3,1,0.0
43,16,9,7,4,4.25,1.125,1.0344827586206897,65.2747321087793,8,395.9,0,0.0
31,25,13,12,4,4.0,1.0,1.5853658536585367,77.38582052695375,5,548.2,5,0.0
39,14,9,5,6,2.0,1.5,2.142857142857143,58.61699438768631,4,479.59999999999997,1,0.0
44,16,9,7,2,2.75,1.125,1.5789473684210527,51.649718014146316,1,258.3,3,0.0
16,14,4,10,1,5.0,0.36363636363636365,0.3921568627450981,71.85317608887834,8,395.90000000000003,4,0.0
24,9,2,7,0,2.25,0.25,0.425531914893617,52.046867151323084,5,432.9,1,1.0
25,22,9,13,4,6.25,0.6428571428571429,0.7086614173228347,78.00708926321379,4,257.1,4,0.0
32,20,11,9,8,6.0,1.1,0.9016393442622951,67.49583000009025,8,334.6,2,0.0
24,18,10,8,5,5.0,1.1111111111111112,0.9803921568627452,74.64557898507377,7,491.8,2,0.0
25,26,15,11,7,3.5,1.25,2.0833333333333335,71.34429459713785,8,320.0,2,0.0
16,11,6,5,4,2.0,1.0,1.4285714285714286,51.427646605773326,3,154.0,0,0.0
16,11,7,4,3,1.5,1.4,2.1875,60.36660941091427,2,195.1,0,0.0
23,15,5,10,0,4.5,0.45454545454545453,0.5434782608695653,69.37909885080347,2,175.2,2,1.0
44,29,19,10,11,6.25,1.7272727272727273,1.4960629921259843,84.83010566259506,8,495.0,1,0.0
34,5,3,2,0,2.0,1.0,0.7142857142857143,61.56428793533328,3,194.3,2,1.0
21,16,9,7,5,4.25,1.125,1.0344827586206897,65.38362137858388,3,411.4,2,0.0
44,18,10,8,4,5.25,1.1111111111111112,0.9345794392523366,77.30893948869699,7,533.6,6,0.0
43,12,6,6,3,2.75,0.8571428571428571,1.0526315789473684,70.34749090413948,5,185.9,0,0.0
32,11,3,8,0,3.5,0.3333333333333333,0.41666666666666663,55.00236387258096,6,253.70000000000002,2,1.0
41,9,3,6,2,3.5,0.42857142857142855,0.41666666666666663,59.74189781332259,3,255.60000000000002,2,0.0
44,18,5,13,3,4.75,0.35714285714285715,0.5154639175257733,65.94218278476646,5,447.8,1,0.0
32,10,7,3,4,2.25,1.75,1.4893617021276595,58.79185538728247,3,186.2,1,0.0
25,16,6,10,4,4.0,0.5454545454545454,0.7317073170731708,70.86168953473262,3,212.3,0,0.0
21,5,3,2,1,1.5,1.0,0.9375,48.02584709760237,3,166.4,3,0.0
16,14,5,9,3,5.5,0.5,0.44642857142857145,67.41493988157889,4,221.3,5,0.0
23,10,6,4,2,3.5,1.2,0.8333333333333333,58.778338945344274,4,293.09999999999997,3,0.0
28,13,9,4,4,3.0,1.8,1.4516129032258065,56.74119279881531,4,320.7,0,0.0
22,20,14,6,8,4.5,2.0,1.5217391304347827,66.91221733905023,7,265.7,2,0.0
39,13,10,3,5,3.0,2.5,1.6129032258064515,56.92890048622144,3,297.0,0,0.0
30,15,8,7,4,5.0,1.0,0.7843137254901962,76.26489872968538,6,665.9,2,0.0
29,15,6,9,4,2.75,0.6,1.0526315789473684,65.83695997599311,2,330.5,2,0.0
35,25,11,14,6,4.75,0.7333333333333333,1.1340206185567012,65.57282354394275,6,529.8,5,0.0
39,6,2,4,0,1.0,0.4,0.9090909090909091,51.26095896339973,2,139.4,1,1.0
35,12,5,7,3,2.75,0.625,0.8771929824561403,61.5578170239187,5,189.3,5,0.0
18,16,7,9,5,3.75,0.7,0.9090909090909091,60.497575099424274,6,342.7,1,0.0
41,2,1,1,0,0.0,0.5,5.0,26.638364050729983,0,41.7,0,1.0
21,14,8,6,4,5.0,1.1428571428571428,0.7843137254901962,78.5101974765698,6,698.9,1,0.0
35,31,16,15,6,9.0,1.0,0.8791208791208791,71.84102691394219,7,687.9,2,0.0
21,17,10,7,4,2.25,1.25,2.127659574468085,63.63201574108507,0,219.79999999999998,1,0.0
16,18,11,7,8,3.25,1.375,1.6417910447761193,59.062386113252664,4,259.1,1,0.0
43,24,11,13,5,3.0,0.7857142857142857,1.7741935483870968,74.0040377707115,4,226.70000000000002,1,0.0
41,19,11,8,5,4.0,1.2222222222222223,1.3414634146341464,62.82392808007561,7,271.3,2,0.0
21,15,4,11,2,3.75,0.3333333333333333,0.5194805194805194,71.75884818422068,3,130.2,1,0.0
20,20,9,11,3,2.5,0.75,1.7307692307692306,68.95462710402109,2,283.40000000000003,2,0.0
32,16,10,6,5,3.25,1.4285714285714286,1.4925373134328357,72.76843405571935,5,374.09999999999997,1,0.0
37,16,7,9,3,5.0,0.7,0.6862745098039216,78.38777142295868,8,579.5,2,0.0
32,20,11,9,4,7.0,1.1,0.7746478873239437,80.70167098945635,8,570.6,2,0.0
30,22,10,12,4,5.0,0.7692307692307693,0.9803921568627452,61.31618198944201,4,371.6,4,0.0
16,3,1,2,0,1.5,0.3333333333333333,0.3125,42.88851883512845,1,124.7,0,1.0
33,15,8,7,5,1.5,1.0,2.5,64.03619905549283,6,295.7,1,0.0
30,8,5,3,1,2.25,1.25,1.0638297872340425,49.033437720423414,2,107.0,2,0.0
24,4,1,3,0,3.75,0.25,0.12987012987012986,59.09267016662147,1,176.6,1,1.0
38,17,10,7,6,4.75,1.25,1.0309278350515465,82.26449473946597,5,498.4,4,0.0
43,2,1,1,1,1.5,0.5,0.3125,38.97932812662359,1,97.1,1,0.0
25,37,20,17,11,3.5,1.1111111111111112,2.7777777777777777,66.03068291340298,5,267.6,3,0.0
38,25,10,15,4,3.25,0.625,1.4925373134328357,70.05825510440742,4,338.0,1,0.0
17,15,8,7,3,4.0,1.0,0.9756097560975611,66.65079849403938,6,288.2,5,0.0
18,27,11,16,7,6.5,0.6470588235294118,0.8333333333333334,76.94899125669622,8,358.2,5,0.0
41,9,2,7,0,4.25,0.25,0.2298850574712644,87.5781845084345,3,148.6,1,1.0
16,14,7,7,5,3.0,0.875,1.129032258064516,58.333618367692914,0,302.6,1,0.0
38,21,13,8,6,6.25,1.4444444444444444,1.0236220472440944,64.90240473848495,6,714.3000000000001,3,0.0
44,15,9,6,4,4.0,1.2857142857142858,1.0975609756097562,64.74885570471807,4,356.0,5,0.0
19,21,11,10,6,4.25,1.0,1.264367816091954,71.3229386090111,5,613.1,3,0.0
33,19,12,7,5,5.0,1.5,1.1764705882352942,76.39508126658521,6,253.6,1,0.0
19,5,4,1,2,2.5,2.0,0.7692307692307692,60.40596425525563,0,229.4,3,0.0
42,9,5,4,1,3.75,1.0,0.6493506493506493,62.57153761258011,4,546.8,1,0.0
28,2,1,1,0,2.0,0.5,0.23809523809523808,57.06476105019097,1,100.2,0,1.0
23,29,13,16,9,5.5,0.7647058823529411,1.1607142857142858,81.58976247152454,7,301.2,4,0.0
44,14,3,11,2,3.25,0.25,0.44776119402985076,61.8757207133674,3,296.0,1,0.0
17,25,12,13,7,4.0,0.8571428571428571,1.4634146341463417,77.06424765004299,6,686.7,4,0.0
30,4,2,2,1,0.5,0.6666666666666666,1.6666666666666667,26.98300378910225,2,135.6,0,0.0
23,24,12,12,8,4.25,0.9230769230769231,1.3793103448275863,80.45158147999771,8,157.5,6,0.0
41,15,4,11,1,3.0,0.3333333333333333,0.6451612903225806,41.351099369351566,6,339.90000000000003,1,0.0
28,9,4,5,3,2.25,0.6666666666666666,0.851063829787234,59.94492884042374,0,169.79999999999998,1,0.0
24,9,4,5,2,2.0,0.6666666666666666,0.9523809523809523,62.35840512107738,1,199.6,1,0.0
20,25,15,10,4,5.25,1.3636363636363635,1.4018691588785048,68.85026460733458,2,385.0,2,0.0
30,15,7,8,3,4.25,0.7777777777777778,0.8045977011494253,72.41460259214077,4,280.0,4,0.0
29,13,6,7,4,3.0,0.75,0.9677419354838709,64.24157007790836,5,419.7,3,0.0
27,16,8,8,4,3.75,0.8888888888888888,1.0389610389610389,73.4602295898939,5,432.40000000000003,3,0.0
19,9,7,2,0,0.75,2.3333333333333335,4.11764705882353,38.64162762881321,1,217.2,1,1.0
42,23,11,12,8,6.25,0.8461538461538461,0.8661417322834646,69.68409961880813,5,385.0,3,0.0
41,9,4,5,3,5.75,0.6666666666666666,0.3418803418803419,73.54921646072663,3,254.89999999999998,1,0.0
16,19,9,10,6,5.0,0.8181818181818182,0.8823529411764707,79.95324296983895,6,185.5,4,0.0
22,24,12,12,7,4.25,0.9230769230769231,1.3793103448275863,57.385076916489965,5,320.1,1,0.0
40,19,13,6,4,8.5,1.8571428571428572,0.7558139534883721,77.34538731196318,5,343.3,3,0.0
19,22,12,10,8,2.75,1.0909090909090908,2.1052631578947367,65.32439400968715,5,351.9,4,0.0
24,4,2,2,1,1.0,0.6666666666666666,0.9090909090909091,48.936159596360085,1,101.8,0,0.0
17,11,7,4,3,5.75,1.4,0.5982905982905983,76.1498500190338,7,451.3,1,0.0
38,3,1,2,0,4.75,0.3333333333333333,0.10309278350515465,78.52447616366554,3,89.0,1,1.0
20,21,12,9,5,5.25,1.2,1.1214953271028039,67.48482254955961,5,462.0,3,0.0
42,17,8,9,6,2.75,0.8,1.4035087719298245,60.90497236188609,4,402.2,3,0.0
40,5,3,2,0,3.0,1.0,0.48387096774193544,54.21768274137438,2,271.0,0,1.0
34,15,6,9,2,5.25,0.6,0.5607476635514019,78.79630867573711,4,182.70000000000002,8,0.0
24,12,4,8,2,4.0,0.4444444444444444,0.48780487804878053,61.731036680229586,5,289.40000000000003,4,0.0
38,11,9,2,2,3.0,3.0,1.4516129032258065,62.50561848989057,1,200.1,3,0.0
22,16,8,8,5,5.25,0.8888888888888888,0.7476635514018692,79.75638233319927,8,189.4,7,0.0
33,1,1,0,0,0.5,1.0,0.8333333333333334,54.10759412701812,0,58.4,0,1.0
36,14,8,6,3,4.25,1.1428571428571428,0.9195402298850576,63.33176320258756,3,412.29999999999995,2,0.0
41,26,11,15,6,5.0,0.6875,1.0784313725490198,86.59761669454383,7,307.2,3,0.0
37,7,4,3,2,0.0,1.0,20.0,48.502973213485625,1,132.4,0,0.0
37,19,6,13,3,3.5,0.42857142857142855,0.8333333333333333,63.828567978200944,3,578.6,2,0.0
39,24,12,12,2,4.0,0.9230769230769231,1.4634146341463417,56.59598120424436,5,388.8,2,0.0
25,23,11,12,6,4.0,0.8461538461538461,1.3414634146341464,60.64372670081138,3,398.59999999999997,2,0.0
22,30,16,14,9,5.0,1.0666666666666667,1.5686274509803924,80.74383814874537,7,356.9,3,0.0
24,17,9,8,4,5.25,1.0,0.8411214953271029,78.31157638081025,7,540.2,4,0.0
28,13,7,6,0,3.5,1.0,0.9722222222222222,52.153762239035245,3,391.6,1,1.0
27,15,6,9,4,3.75,0.6,0.7792207792207793,72.68363816568213,6,338.1,7,0.0
18,15,12,3,6,5.0,3.0,1.1764705882352942,54.488097393697686,6,450.6,2,0.0
20,4,2,2,0,1.75,0.6666666666666666,0.5405405405405405,,2,110.8,0,1.0
17,10,6,4,3,1.0,1.2,2.727272727272727,59.596251405064606,0,207.8,0,0.0
24,24,11,13,3,5.25,0.7857142857142857,1.0280373831775702,59.0012192086206,2,139.8,1,0.0
26,14,5,9,2,3.5,0.5,0.6944444444444444,62.8587648970067,3,275.2,2,0.0
40,19,15,4,9,5.25,3.0,1.4018691588785048,72.25503488613708,5,277.5,3,0.0
42,19,10,9,5,5.25,1.0,0.9345794392523366,59.18183984231636,6,346.5,3,0.0
27,5,3,2,2,0.75,1.0,1.7647058823529411,44.83248515762866,0,118.4,0,0.0
24,3,1,2,0,4.0,0.3333333333333333,0.12195121951219513,55.48076555435185,2,189.5,1,1.0
16,18,10,8,2,3.5,1.1111111111111112,1.3888888888888888,82.05406014779554,5,260.5,1,0.0
35,11,4,7,2,2.75,0.5,0.7017543859649122,65.61130672376578,4,378.1,2,0.0
32,13,5,8,3,4.0,0.5555555555555556,0.6097560975609757,59.43006925804267,3,304.1,4,0.0
16,18,7,11,2,5.5,0.5833333333333334,0.625,73.33332715512134,4,146.2,6,0.0
30,18,8,10,3,4.0,0.7272727272727273,0.9756097560975611,73.9321558688984,5,222.2,4,0.0
43,25,16,9,7,5.5,1.6,1.4285714285714286,63.78848319826488,7,513.7,5,0.0
21,16,7,9,2,5.5,0.7,0.625,68.94992366742449,5,290.9,2,0.0
44,14,5,9,0,3.5,0.5,0.6944444444444444,64.25678172015388,3,217.0,2,1.0
37,11,6,5,1,5.0,1.0,0.5882352941176471,62.92852893057262,3,367.6,3,0.0
28,20,11,9,6,8.0,1.1,0.6790123456790124,87.96357268646497,7,469.7,3,0.0
41,16,8,8,6,3.25,0.8888888888888888,1.1940298507462686,68.85991682299677,7,428.09999999999997,0,0.0
23,35,13,22,6,7.5,0.5652173913043478,0.8552631578947368,75.82770233537263,8,354.7,3,0.0
26,15,7,8,2,4.0,0.7777777777777778,0.853658536585366,65.41495187194238,6,514.4,3,0.0
29,6,2,4,2,3.75,0.4,0.2597402597402597,59.91217208361169,1,171.4,0,0.0
34,10,2,8,0,5.0,0.2222222222222222,0.19607843137254904,55.72329337882885,3,305.9,2,1.0
22,12,3,9,3,4.25,0.3,0.3448275862068966,49.34246134106877,3,206.79999999999998,1,0.0
36,13,6,7,4,3.25,0.75,0.8955223880597015,63.31394652862238,4,274.0,0,0.0
35,13,7,6,6,3.0,1.0,1.129032258064516,68.84612509414431,7,510.1,1,0.0
23,13,7,6,5,2.5,1.0,1.346153846153846,57.47443780473908,5,207.6,4,0.0
28,15,8,7,6,3.5,1.0,1.1111111111111112,74.26539221326267,3,210.89999999999998,3,0.0
33,3,1,2,0,1.0,0.3333333333333333,0.45454545454545453,49.070978941526484,1,71.7,0,1.0
23,14,5,9,0,4.5,0.5,0.5434782608695653,67.42037214719588,5,223.0,2,1.0
40,13,5,8,2,4.0,0.5555555555555556,0.6097560975609757,61.220042521677904,5,375.7,3,0.0
44,15,8,7,4,4.75,1.0,0.8247422680412372,65.44358985686195,5,257.7,3,0.0
30,11,6,5,4,2.0,1.0,1.4285714285714286,62.22439657420149,4,188.60000000000002,0,0.0
44,10,5,5,2,3.25,0.8333333333333334,0.7462686567164178,59.02692486329779,6,248.7,2,0.0
37,17,11,6,6,4.0,1.5714285714285714,1.3414634146341464,50.790684266072105,5,332.5,2,0.0
39,8,5,3,3,1.25,1.25,1.8518518518518516,49.52418663845322,4,179.7,0,0.0
21,7,4,3,3,1.0,1.0,1.8181818181818181,,0,57.0,0,0.0
41,9,4,5,3,3.25,0.6666666666666666,0.5970149253731343,54.05221404720231,6,171.5,2,0.0
38,6,3,3,1,2.75,0.75,0.5263157894736842,50.25986939164475,0,118.7,0,0.0
39,7,3,4,2,1.75,0.6,0.8108108108108107,57.84825558507847,3,158.29999999999998,3,0.0
17,9,8,1,6,4.5,4.0,0.8695652173913044,62.06555317071664,4,250.3,3,0.0
34,15,6,9,3,3.75,0.6,0.7792207792207793,60.61256477163627,3,186.9,1,0.0
20,17,9,8,5,5.75,1.0,0.7692307692307693,80.13117491175197,7,539.1,2,0.0
30,3,2,1,0,0.0,1.0,10.0,34.26377534045502,3,120.9,1,1.0
18,14,5,9,3,2.75,0.5,0.8771929824561403,75.98924920012577,4,445.2,1,0.0
42,8,3,5,1,2.25,0.5,0.6382978723404255,48.570363379220154,2,274.5,2,0.0
22,17,9,8,3,4.25,1.0,1.0344827586206897,58.817106230121276,5,175.2,1,0.0
16,11,3,8,1,2.5,0.3333333333333333,0.5769230769230769,57.81701195176537,5,224.2,3,0.0
22,5,3,2,2,3.0,1.0,0.48387096774193544,56.80030575435378,3,167.0,2,0.0
21,18,12,6,10,2.25,1.7142857142857142,2.553191489361702,63.09624305930627,6,218.8,2,0.0
29,7,3,4,2,2.75,0.6,0.5263157894736842,86.71238179319323,3,283.3,1,0.0
19,16,8,8,5,5.0,0.8888888888888888,0.7843137254901962,70.35752049227428,3,344.9,3,0.0
26,3,1,2,0,0.5,0.3333333333333333,0.8333333333333334,39.13700265604404,0,79.8,0,1.0
19,10,5,5,3,2.5,0.8333333333333334,0.9615384615384615,42.6152754989432,6,294.3,1,0.0
35,8,3,5,2,3.5,0.5,0.41666666666666663,68.75075833989673,4,436.0,4,0.0
29,22,12,10,8,3.0,1.0909090909090908,1.9354838709677418,71.74592839902647,2,425.1,1,0.0
18,17,9,8,5,3.75,1.0,1.1688311688311688,60.324233918751744,4,280.8,2,0.0
33,18,8,10,2,4.5,0.7272727272727273,0.8695652173913044,82.88322793294083,6,402.2,1,0.0
25,11,6,5,2,4.0,1.0,0.7317073170731708,66.75758356456049,6,340.1,1,0.0
19,20,9,11,5,3.75,0.75,1.1688311688311688,71.38807970099245,5,255.3,4,0.0
27,7,4,3,1,2.5,1.0,0.7692307692307692,57.88118957472455,2,176.1,0,0.0
21,13,5,8,3,5.75,0.5555555555555556,0.4273504273504274,67.21874829901083,5,385.9,4,0.0
42,21,9,12,5,4.5,0.6923076923076923,0.9782608695652175,62.63198956600208,4,485.6,3,0.0
39,25,12,13,6,4.5,0.8571428571428571,1.3043478260869565,65.98589663083386,5,451.7,5,0.0
22,21,9,12,7,6.0,0.6923076923076923,0.7377049180327869,73.54748681836261,5,474.8,2,0.0
37,14,7,7,5,4.5,0.875,0.7608695652173914,63.33445917235345,6,222.8,5,0.0
23,8,7,1,7,3.0,3.5,1.129032258064516,51.70552300484102,4,79.8,1,0.0
34,10,1,9,1,3.75,0.1,0.12987012987012986,63.958796598734914,4,329.4,1,0.0
22,22,11,11,6,3.75,0.9166666666666666,1.4285714285714286,63.65965834620531,5,137.2,3,0.0
42,15,10,5,6,5.75,1.6666666666666667,0.8547008547008548,66.22993151989101,6,367.3,2,0.0
24,14,6,8,2,2.5,0.6666666666666666,1.1538461538461537,44.914893388139696,2,115.0,3,0.0
41,21,12,9,7,5.0,1.2,1.1764705882352942,71.61231414113193,4,280.2,0,0.0
43,10,3,7,1,4.75,0.375,0.30927835051546393,67.94914067023161,6,323.7,3,0.0
27,27,13,14,6,6.0,0.8666666666666667,1.0655737704918034,80.59309351953716,6,753.4,5,0.0
42,23,12,11,6,7.0,1.0,0.8450704225352114,82.3560105415452,6,489.6,4,0.0
31,13,4,9,2,4.25,0.4,0.4597701149425288,69.8543710611483,5,621.6,3,0.0
33,19,7,12,4,5.0,0.5384615384615384,0.6862745098039216,75.37303651233145,7,291.9,3,0.0
39,6,5,1,2,2.25,2.5,1.0638297872340425,54.25706537279649,2,117.7,3,0.0
38,20,5,15,3,4.25,0.3125,0.574712643678161,66.54298925471913,6,383.5,2,0.0
20,13,7,6,4,2.5,1.0,1.346153846153846,62.69496002563611,7,423.8,3,0.0
28,7,2,5,2,3.25,0.3333333333333333,0.29850746268656714,60.51416882227278,3,161.7,1,0.0
19,4,1,3,0,2.75,0.25,0.17543859649122806,,1,80.1,1,1.0
20,8,2,6,0,3.0,0.2857142857142857,0.3225806451612903,67.15970937068134,4,165.0,3,1.0
30,21,14,7,9,7.0,1.75,0.9859154929577465,77.13875466181712,7,256.6,2,0.0
22,14,9,5,4,3.25,1.5,1.3432835820895521,53.29332182863995,3,687.0,3,0.0
21,19,12,7,3,3.75,1.5,1.5584415584415585,67.79465386105319,3,162.2,3,0.0
29,14,7,7,3,3.0,0.875,1.129032258064516,63.664079685493824,5,450.0,1,0.0
30,12,5,7,4,3.25,0.625,0.7462686567164178,59.81327408521754,3,202.70000000000002,3,0.0
35,14,9,5,7,5.0,1.5,0.8823529411764707,77.33579223871924,7,309.2,4,0.0
33,26,12,14,3,3.75,0.8,1.5584415584415585,67.76030075426172,2,294.2,0,0.0
40,15,7,8,4,3.25,0.7777777777777778,1.044776119402985,74.44074470213195,2,363.40000000000003,1,0.0
30,18,9,9,3,3.0,0.9,1.4516129032258065,59.552606421919826,2,188.7,3,0.0
35,4,1,3,0,2.75,0.25,0.17543859649122806,52.1001764088149,2,205.1,1,1.0
25,17,9,8,9,5.0,1.0,0.8823529411764707,55.65311097690601,3,296.90000000000003,2,0.0
41,12,4,8,0,5.0,0.4444444444444444,0.3921568627450981,54.45392209965914,5,152.0,2,1.0
24,22,13,9,3,7.0,1.3,0.9154929577464789,64.10898607818591,5,610.1,5,0.0
22,12,4,8,3,3.25,0.4444444444444444,0.5970149253731343,73.83061294424552,3,376.1,4,0.0
23,28,13,15,7,3.5,0.8125,1.8055555555555556,56.71342515055598,3,290.1,2,0.0
16,23,10,13,5,6.5,0.7142857142857143,0.7575757575757576,81.42566565453089,7,387.5,4,0.0
40,26,12,14,7,5.0,0.8,1.1764705882352942,81.61092148220449,3,747.7,2,0.0
27,21,10,11,5,4.0,0.8333333333333334,1.2195121951219514,68.93239658152443,4,302.4,2,0.0
24,9,5,4,4,3.5,1.0,0.6944444444444444,74.11405942572696,2,694.1,3,0.0
17,7,2,5,1,2.0,0.3333333333333333,0.47619047619047616,53.31162672507412,3,154.4,0,0.0
41,5,3,2,2,3.25,1.0,0.44776119402985076,64.15602460029453,3,154.7,2,0.0
28,13,5,8,1,6.0,0.5555555555555556,0.4098360655737705,73.399177444364,5,429.1,3,0.0
19,12,6,6,1,1.75,0.8571428571428571,1.6216216216216215,63.91473109527923,5,244.1,2,0.0
32,12,4,8,1,3.75,0.4444444444444444,0.5194805194805194,60.8821380810267,2,309.2,0,0.0
34,21,9,12,4,3.25,0.6923076923076923,1.3432835820895521,57.43251785341194,4,162.4,2,0.0
20,6,3,3,2,1.75,0.75,0.8108108108108107,47.77535964082762,0,115.8,0,0.0
23,21,14,7,7,5.5,1.75,1.25,69.94494607638988,7,429.9,2,0.0
25,27,13,14,5,3.0,0.8666666666666667,2.096774193548387,61.44323372915876,4,298.0,3,0.0
21,7,2,5,2,2.25,0.3333333333333333,0.425531914893617,45.424785114771076,2,144.6,0,0.0
39,12,3,9,1,3.0,0.3,0.48387096774193544,76.72471853802526,5,525.1999999999999,1,0.0
32,8,2,6,1,2.5,0.2857142857142857,0.3846153846153846,43.278351736867364,1,45.800000000000004,0,0.0
29,18,10,8,6,6.25,1.1111111111111112,0.7874015748031497,74.77356035483307,6,196.39999999999998,1,0.0
39,7,4,3,1,2.5,1.0,0.7692307692307692,35.343276405800594,2,127.4,3,0.0
32,24,13,11,8,5.25,1.0833333333333333,1.2149532710280375,71.25439113430762,5,335.5,3,0.0
29,22,7,15,4,4.0,0.4375,0.853658536585366,63.26636287500266,6,418.3,1,0.0
24,15,9,6,5,5.0,1.2857142857142858,0.8823529411764707,78.40062724039883,5,299.6,4,0.0
17,13,3,10,0,2.5,0.2727272727272727,0.5769230769230769,70.91206091672254,2,200.20000000000002,1,1.0
30,19,9,10,2,3.25,0.8181818181818182,1.3432835820895521,69.03492229516685,6,114.0,2,0.0
28,11,6,5,2,2.25,1.0,1.276595744680851,55.34992234570475,5,186.0,1,0.0
32,11,8,3,3,3.75,2.0,1.0389610389610389,58.48493242524072,3,116.4,1,0.0
36,16,7,9,4,4.0,0.7,0.853658536585366,63.3519409478256,3,404.3,4,0.0
24,12,7,5,6,3.75,1.1666666666666667,0.9090909090909091,66.6710453102259,3,181.0,3,0.0
35,14,6,8,4,5.0,0.6666666666666666,0.5882352941176471,72.51434607989226,5,482.5,4,0.0
18,11,3,8,0,2.25,0.3333333333333333,0.6382978723404255,61.46071720882216,3,291.2,1,1.0
40,29,10,19,7,6.25,0.5,0.7874015748031497,79.8321527909005,7,486.5,5,0.0
22,31,19,12,6,4.75,1.4615384615384615,1.9587628865979383,68.90859127442515,7,294.6,3,0.0
19,8,5,3,0,4.0,1.25,0.6097560975609757,71.04250376285194,3,141.9,0,1.0
37,28,14,14,6,4.5,0.9333333333333333,1.5217391304347827,69.16497934855039,7,239.0,2,0.0
31,12,5,7,1,3.25,0.625,0.7462686567164178,65.041919520921,6,255.1,0,0.0
20,9,3,6,1,2.5,0.42857142857142855,0.5769230769230769,63.44334382281323,2,297.6,3,0.0
40,12,9,3,3,2.75,2.25,1.5789473684210527,62.04558136369867,5,176.3,2,0.0
35,17,9,8,7,3.75,1.0,1.1688311688311688,61.891331585282124,7,353.1,3,0.0
34,21,11,10,7,4.25,1.0,1.264367816091954,67.21737914972218,6,291.5,4,0.0
37,12,9,3,4,2.75,2.25,1.5789473684210527,54.893218517854315,5,149.6,0,0.0
17,11,4,7,0,1.25,0.5,1.4814814814814814,64.94986188070776,2,254.5,5,1.0
43,16,11,5,4,3.0,1.8333333333333333,1.7741935483870968,71.73128174685478,4,492.8,2,0.0
19,18,7,11,5,2.75,0.5833333333333334,1.2280701754385965,57.86828895415714,5,297.1,1,0.0
23,16,7,9,4,2.25,0.7,1.4893617021276595,63.66127795877381,4,144.0,2,0.0
28,25,15,10,4,6.75,1.3636363636363635,1.094890510948905,78.24339706407896,8,272.5,5,0.0
24,5,4,1,2,1.0,2.0,1.8181818181818181,47.27072273550855,1,101.8,3,0.0
33,16,6,10,3,3.75,0.5454545454545454,0.7792207792207793,68.84987782083155,2,427.3,1,0.0
26,18,12,6,6,1.75,1.7142857142857142,3.243243243243243,71.76224356738693,6,202.5,4,0.0
27,16,4,12,2,2.5,0.3076923076923077,0.7692307692307692,55.40912061761009,4,242.7,1,0.0
26,17,10,7,6,3.75,1.25,1.2987012987012987,58.68351650609643,4,403.7,1,0.0
31,7,2,5,1,1.5,0.3333333333333333,0.625,60.45812997447047,0,97.9,0,0.0
20,18,12,6,7,4.75,1.7142857142857142,1.2371134020618557,63.91549533870044,5,145.20000000000002,0,0.0
20,8,2,6,0,2.5,0.2857142857142857,0.3846153846153846,60.824661380687154,5,231.8,1,1.0
41,21,12,9,4,5.0,1.2,1.1764705882352942,67.80677309729795,4,290.5,3,0.0
27,11,4,7,2,1.5,0.5,1.25,55.40908195773095,3,141.8,2,0.0
33,15,6,9,3,4.25,0.6,0.6896551724137931,55.44868866016805,4,188.8,4,0.0
41,14,7,7,6,4.5,0.875,0.7608695652173914,63.49794715069285,4,238.7,0,0.0
19,16,9,7,3,2.5,1.125,1.7307692307692306,56.57729510854489,6,279.5,5,0.0
26,7,3,4,2,1.25,0.6,1.111111111111111,59.29776427866278,2,200.9,1,0.0
20,11,6,5,2,2.75,1.0,1.0526315789473684,65.45003198645598,3,213.6,2,0.0
31,16,3,13,2,2.25,0.21428571428571427,0.6382978723404255,56.94721117955696,4,128.9,2,0.0
16,9,5,4,1,4.25,1.0,0.574712643678161,65.99625732725076,4,328.09999999999997,4,0.0
44,21,9,12,5,4.75,0.6923076923076923,0.9278350515463918,75.75485346207435,5,286.4,4,0.0
42,4,2,2,1,2.75,0.6666666666666666,0.3508771929824561,49.055230084254134,3,182.4,3,0.0
38,3,2,1,0,1.25,1.0,0.7407407407407407,45.70363025464505,1,52.6,0,1.0
23,9,3,6,2,2.75,0.42857142857142855,0.5263157894736842,66.01140047874917,4,221.3,4,0.0
34,12,4,8,0,5.25,0.4444444444444444,0.3738317757009346,66.20281918216119,4,227.8,1,1.0
23,16,8,8,4,4.75,0.8888888888888888,0.8247422680412372,91.21549007445316,8,863.4,4,0.0
29,9,4,5,2,4.0,0.6666666666666666,0.48780487804878053,61.62684481654241,2,212.6,1,0.0
18,12,7,5,2,3.5,1.1666666666666667,0.9722222222222222,74.53569285021095,4,292.0,2,0.0
41,13,5,8,2,5.0,0.5555555555555556,0.4901960784313726,61.898754774147726,2,482.4,3,0.0
36,10,3,7,2,2.5,0.375,0.5769230769230769,60.612595435431594,6,143.8,3,0.0
42,29,19,10,11,5.5,1.7272727272727273,1.6964285714285716,84.74310865296218,8,258.3,2,0.0
24,15,2,13,0,4.25,0.14285714285714285,0.2298850574712644,74.6121174775433,3,262.0,2,1.0
34,14,8,6,3,1.25,1.1428571428571428,2.962962962962963,59.78744030471733,4,218.0,1,0.0
42,10,5,5,2,2.0,0.8333333333333334,1.1904761904761905,54.680925542162306,5,308.2,0,0.0
22,18,8,10,6,4.5,0.7272727272727273,0.8695652173913044,65.8430918934519,6,373.0,1,0.0
16,25,16,9,8,1.5,1.6,5.0,45.66682264114784,2,208.1,0,0.0
35,5,4,1,3,2.75,2.0,0.7017543859649122,51.56995092826994,4,51.2,1,0.0
20,16,11,5,6,3.75,1.8333333333333333,1.4285714285714286,70.95323949932356,4,347.7,5,0.0
19,24,15,9,8,6.0,1.5,1.2295081967213115,74.06026909330905,6,602.8,3,0.0
27,6,3,3,1,2.0,0.75,0.7142857142857143,63.16611111355477,0,126.1,0,0.0
28,15,9,6,6,5.5,1.2857142857142858,0.8035714285714286,75.55667385102736,7,512.6,2,0.0
24,7,3,4,1,2.0,0.6,0.7142857142857143,49.803017433410844,2,220.0,2,0.0
38,21,13,8,3,5.0,1.4444444444444444,1.2745098039215688,65.62287951814756,5,491.9,3,0.0
26,10,4,6,1,2.0,0.5714285714285714,0.9523809523809523,58.16652238735541,2,282.2,0,0.0
26,11,7,4,5,3.25,1.4,1.044776119402985,56.20143368908524,1,124.0,1,0.0
25,17,11,6,3,3.5,1.5714285714285714,1.5277777777777777,78.63582772161486,6,705.0,2,0.0
35,21,12,9,4,3.0,1.2,1.9354838709677418,59.535142325234744,4,184.8,3,0.0
21,9,5,4,3,1.75,1.0,1.3513513513513513,69.20790085354793,6,331.09999999999997,4,0.0
19,22,8,14,3,5.25,0.5333333333333333,0.7476635514018692,75.43732527645477,8,245.7,4,0.0
24,23,12,11,5,3.25,1.0,1.791044776119403,69.5738280612066,6,655.2,2,0.0
25,20,9,11,5,4.0,0.75,1.0975609756097562,64.5414240922936,6,234.60000000000002,2,0.0
33,4,2,2,0,1.5,0.6666666666666666,0.625,65.08154853035981,2,443.6,1,1.0
18,21,13,8,4,8.25,1.4444444444444444,0.7784431137724551,91.0258278114425,7,426.0,6,0.0
32,6,3,3,2,2.5,0.75,0.5769230769230769,61.02778479186212,4,328.8,3,0.0
33,7,2,5,0,3.75,0.3333333333333333,0.2597402597402597,75.95318944021483,2,82.6,1,1.0
40,7,5,2,5,2.25,1.6666666666666667,1.0638297872340425,51.889956106095795,1,158.3,3,0.0
31,14,7,7,4,3.75,0.875,0.9090909090909091,66.00105371192029,5,426.6,5,0.0
31,6,1,5,0,2.25,0.16666666666666666,0.2127659574468085,47.3189847866621,0,60.6,0,1.0
44,14,7,7,3,4.25,0.875,0.8045977011494253,50.796543463904634,5,137.8,0,0.0
40,25,15,10,8,4.0,1.3636363636363635,1.829268292682927,59.92545549666592,5,251.8,2,0.0
18,17,10,7,7,3.0,1.25,1.6129032258064515,69.0850925449211,6,228.6,3,0.0
33,12,6,6,4,5.25,0.8571428571428571,0.5607476635514019,59.645748620676294,4,346.6,3,0.0
37,18,6,12,2,4.0,0.46153846153846156,0.7317073170731708,63.857976494774974,6,338.9,2,0.0
30,13,7,6,4,3.5,1.0,0.9722222222222222,50.81615350431849,5,234.79999999999998,1,0.0
19,21,9,12,2,3.0,0.6923076923076923,1.4516129032258065,76.26649642238752,6,229.9,3,0.0
19,15,9,6,2,3.5,1.2857142857142858,1.25,68.9332163256561,4,147.9,2,0.0
33,14,9,5,5,2.75,1.5,1.5789473684210527,59.55471554096511,3,225.1,2,0.0
18,19,10,9,8,5.0,1.0,0.9803921568627452,45.987332753656446,5,293.8,5,0.0
38,11,4,7,1,2.0,0.5,0.9523809523809523,50.82994150759578,2,218.10000000000002,1,0.0
29,16,10,6,7,2.5,1.4285714285714286,1.923076923076923,59.97528911036961,3,399.7,2,0.0
18,15,8,7,4,4.0,1.0,0.9756097560975611,57.36039457783369,5,200.7,1,0.0
21,14,9,5,3,3.5,1.5,1.25,59.646941729974515,4,177.3,1,0.0
42,16,8,8,3,5.25,0.8888888888888888,0.7476635514018692,68.14119941506677,4,223.3,3,0.0
19,17,9,8,3,3.75,1.0,1.1688311688311688,74.56877210003672,6,469.6,2,0.0
32,8,5,3,3,4.5,1.25,0.5434782608695653,60.0874557243122,4,259.59999999999997,2,0.0
16,1,1,0,0,1.0,1.0,0.45454545454545453,,2,80.7,0,1.0
29,10,7,3,1,4.5,1.75,0.7608695652173914,56.60583255721781,2,214.8,1,0.0
20,6,4,2,1,2.5,1.3333333333333333,0.7692307692307692,41.261034646527456,2,171.4,5,0.0
42,10,5,5,3,3.25,0.8333333333333334,0.7462686567164178,69.72338693351674,4,398.7,3,0.0
23,9,7,2,5,1.75,2.3333333333333335,1.8918918918918919,45.935404649616295,4,153.8,1,0.0
41,11,5,6,0,5.25,0.7142857142857143,0.4672897196261683,56.211861634361696,4,358.5,3,1.0
42,17,9,8,4,3.75,1.0,1.1688311688311688,60.116789741254095,4,402.59999999999997,3,0.0
44,17,6,11,3,3.0,0.5,0.9677419354838709,58.98600029176866,3,161.7,0,0.0
30,26,13,13,5,5.75,0.9285714285714286,1.1111111111111112,76.72900602680679,8,524.5,3,0.0
20,7,1,6,0,2.5,0.14285714285714285,0.1923076923076923,46.31669416512868,3,80.5,1,1.0
35,19,13,6,5,2.75,1.8571428571428572,2.280701754385965,73.53066050399453,7,461.8,3,0.0
18,19,9,10,3,4.5,0.8181818181818182,0.9782608695652175,83.54928209603023,7,962.1,4,0.0
34,31,15,16,9,8.5,0.8823529411764706,0.872093023255814,85.83788185548975,8,493.7,1,0.0
39,11,8,3,3,4.0,2.0,0.9756097560975611,63.604552739793434,6,232.5,5,0.0
20,19,11,8,5,3.5,1.2222222222222223,1.5277777777777777,65.53447352043058,4,392.59999999999997,0,0.0
44,21,10,11,8,4.5,0.8333333333333334,1.0869565217391306,66.37079946781232,7,380.2,0,0.0
19,20,10,10,8,3.75,0.9090909090909091,1.2987012987012987,67.52859730539525,7,459.4,4,0.0
23,11,4,7,1,2.75,0.5,0.7017543859649122,51.328351110714806,6,285.6,2,0.0
24,14,11,3,5,4.0,2.75,1.3414634146341464,51.7004314706628,5,243.1,1,0.0
42,11,8,3,5,4.0,2.0,0.9756097560975611,71.76400257386845,5,257.8,3,0.0
38,10,6,4,2,2.5,1.2,1.1538461538461537,57.92979592681329,1,109.9,3,0.0
17,5,3,2,1,0.75,1.0,1.7647058823529411,62.18082331741657,3,125.39999999999999,1,0.0
24,12,6,6,2,4.0,0.8571428571428571,0.7317073170731708,59.819176348820406,1,297.9,0,0.0
44,11,6,5,3,3.75,1.0,0.7792207792207793,70.26350313567616,5,80.3,1,0.0
42,5,1,4,1,3.25,0.2,0.14925373134328357,61.141104444897756,5,129.4,1,0.0
19,4,3,1,1,0.75,1.5,1.7647058823529411,44.514479963395495,0,60.2,1,0.0
27,19,8,11,5,5.5,0.6666666666666666,0.7142857142857143,70.2562992906723,6,271.3,3,0.0
31,25,13,12,5,5.5,1.0,1.1607142857142858,91.85315186889483,8,452.7,3,0.0
44,10,5,5,1,1.5,0.8333333333333334,1.5625,53.620881171504465,1,152.2,1,0.0
33,9,4,5,2,1.5,0.6666666666666666,1.25,51.09521782609309,5,164.70000000000002,1,0.0
19,5,1,4,1,2.5,0.2,0.1923076923076923,45.643659354220766,2,166.89999999999998,0,0.0
16,17,10,7,4,4.75,1.25,1.0309278350515465,72.31864007878615,5,369.7,3,0.0
34,12,6,6,2,3.5,0.8571428571428571,0.8333333333333333,58.694230105519765,0,290.3,1,0.0
17,19,10,9,5,4.25,1.0,1.149425287356322,65.61212678017027,5,383.4,3,0.0
24,8,4,4,3,2.75,0.8,0.7017543859649122,54.919464866072516,1,249.70000000000002,3,0.0
30,11,3,8,1,2.75,0.3333333333333333,0.5263157894736842,58.638537022328364,3,223.6,2,0.0
24,9,3,6,1,3.25,0.42857142857142855,0.44776119402985076,67.07218542150996,5,326.90000000000003,1,0.0
35,24,14,10,8,4.25,1.2727272727272727,1.6091954022988506,89.5202771904487,7,332.2,3,0.0
28,22,11,11,4,4.75,0.9166666666666666,1.1340206185567012,59.366165779558784,4,460.7,1,0.0
18,10,4,6,2,3.5,0.5714285714285714,0.5555555555555556,78.27298755013211,7,297.9,5,0.0
20,18,11,7,7,2.25,1.375,2.3404255319148937,50.23652109552505,6,238.6,0,0.0
23,20,6,14,4,3.0,0.4,0.9677419354838709,76.46995822414856,7,466.7,3,0.0
27,10,2,8,1,4.0,0.2222222222222222,0.24390243902439027,66.38541564125802,3,302.2,3,0.0
44,4,3,1,2,3.0,1.5,0.48387096774193544,61.527566929875654,1,103.8,2,0.0
17,17,10,7,7,6.0,1.25,0.819672131147541,70.41583242666137,5,203.9,2,0.0
26,20,12,8,9,5.5,1.3333333333333333,1.0714285714285714,64.4337471545379,6,451.2,5,0.0
43,5,2,3,0,1.75,0.5,0.5405405405405405,,1,162.70000000000002,1,1.0
35,8,1,7,0,4.25,0.125,0.1149425287356322,70.49066040932037,2,54.9,0,1.0
27,19,11,8,5,3.25,1.2222222222222223,1.6417910447761193,78.28462038987499,7,213.70000000000002,0,0.0
31,17,6,11,3,5.5,0.5,0.5357142857142857,70.82766305309892,3,387.7,5,0.0
40,23,15,8,6,4.0,1.6666666666666667,1.829268292682927,64.3776367662125,6,314.20000000000005,2,0.0
40,22,9,13,3,4.0,0.6428571428571429,1.0975609756097562,79.21148097776967,7,404.79999999999995,4,0.0
44,12,5,7,2,2.0,0.625,1.1904761904761905,71.90920402264787,6,257.6,2,0.0
29,28,17,11,8,5.0,1.4166666666666667,1.6666666666666667,80.31569628307456,6,628.2,1,0.0
26,14,8,6,1,2.75,1.1428571428571428,1.4035087719298245,50.25067381883477,2,165.2,3,0.0
25,8,2,6,1,1.75,0.2857142857142857,0.5405405405405405,36.17006148796114,0,196.70000000000002,1,0.0
23,15,8,7,6,4.0,1.0,0.9756097560975611,63.799464336622094,4,366.4,0,0.0
43,15,8,7,4,4.25,1.0,0.9195402298850576,76.9813564803608,5,587.4,1,0.0
35,30,18,12,11,6.25,1.3846153846153846,1.4173228346456694,73.88569076860514,6,301.8,2,0.0
34,19,9,10,7,4.5,0.8181818181818182,0.9782608695652175,65.57080777829636,6,249.5,2,0.0
36,10,6,4,5,4.25,1.2,0.6896551724137931,68.67704471040943,5,149.6,1,0.0
31,7,3,4,2,4.0,0.6,0.3658536585365854,58.43787270854461,5,188.70000000000002,1,0.0
43,16,11,5,5,4.75,1.8333333333333333,1.1340206185567012,58.50752507790658,3,243.6,3,0.0
44,8,4,4,4,2.0,0.8,0.9523809523809523,63.9722571215619,4,363.4,3,0.0
28,15,6,9,4,5.0,0.6,0.5882352941176471,81.6218818381182,5,473.8,4,0.0
22,17,9,8,6,3.75,1.0,1.1688311688311688,61.940011973574116,7,222.1,1,0.0
38,15,6,9,3,3.25,0.6,0.8955223880597015,69.97843724110396,6,639.9,0,0.0
43,27,19,8,6,4.75,2.111111111111111,1.9587628865979383,64.367510236033,6,272.90000000000003,6,0.0
21,27,11,16,4,6.25,0.6470588235294118,0.8661417322834646,83.3699001871274,6,485.9,3,0.0
31,12,4,8,2,6.5,0.4444444444444444,0.30303030303030304,76.57361635240937,1,159.1,1,0.0
17,12,6,6,4,2.0,0.8571428571428571,1.4285714285714286,57.16891007224397,0,142.9,1,0.0
35,8,1,7,0,4.5,0.125,0.10869565217391305,71.86509902735806,2,153.0,1,1.0
31,3,2,1,0,0.5,1.0,1.6666666666666667,54.11132279801576,0,76.2,2,1.0
41,22,11,11,5,4.0,0.9166666666666666,1.3414634146341464,71.92462561283445,8,591.4,1,0.0
19,12,7,5,3,5.75,1.1666666666666667,0.5982905982905983,64.37661896162487,4,586.1,1,0.0
39,10,5,5,1,0.5,0.8333333333333334,4.166666666666667,51.105447216077124,2,137.70000000000002,1,0.0
29,20,11,9,3,4.5,1.1,1.1956521739130437,87.84668094015319,7,288.3,4,0.0
44,20,11,9,4,8.0,1.1,0.6790123456790124,81.26499838329838,8,308.4,5,0.0
28,20,5,15,4,5.25,0.3125,0.4672897196261683,58.29151011063379,6,401.7,1,0.0
39,18,9,9,5,3.5,0.9,1.25,64.96974950175934,4,167.2,3,0.0
28,3,1,2,0,1.25,0.3333333333333333,0.37037037037037035,51.87150739117075,1,123.9,1,1.0
32,23,7,16,5,5.0,0.4117647058823529,0.6862745098039216,66.57625982418624,6,414.2,3,0.0
44,11,5,6,2,2.5,0.7142857142857143,0.9615384615384615,50.475812655516464,1,208.5,1,0.0
21,12,5,7,4,1.0,0.625,2.2727272727272725,34.0281180825998,2,201.5,4,0.0
44,9,1,8,0,4.75,0.1111111111111111,0.10309278350515465,64.14916311689285,3,104.2,2,1.0
28,9,1,8,0,2.75,0.1111111111111111,0.17543859649122806,55.05274534984459,4,136.6,2,1.0
19,22,12,10,8,4.75,1.0909090909090908,1.2371134020618557,64.48875240747844,4,205.4,0,0.0
38,6,1,5,0,4.25,0.16666666666666666,0.1149425287356322,46.95153923764413,1,179.4,1,1.0
16,20,8,12,4,6.0,0.6153846153846154,0.6557377049180328,65.25997721047341,7,599.0,5,0.0
42,17,11,6,7,3.0,1.5714285714285714,1.7741935483870968,74.21243669588456,5,75.4,3,0.0
27,14,7,7,3,4.25,0.875,0.8045977011494253,65.15511331233519,1,386.5,3,0.0
33,10,7,3,4,3.75,1.75,0.9090909090909091,56.35267924699972,2,192.8,1,0.0
41,14,6,8,3,1.5,0.6666666666666666,1.875,58.35503885390838,3,352.20000000000005,1,0.0
42,7,3,4,1,1.0,0.6,1.3636363636363635,66.99185917330252,2,159.0,2,0.0
22,19,6,13,3,4.25,0.42857142857142855,0.6896551724137931,62.272153847311934,7,225.0,2,0.0
30,7,3,4,2,3.25,0.6,0.44776119402985076,71.81317536184409,4,221.10000000000002,2,0.0
22,7,2,5,0,4.25,0.3333333333333333,0.2298850574712644,75.58776696518382,2,128.6,0,1.0
33,20,12,8,7,3.75,1.3333333333333333,1.5584415584415585,67.63335637767877,5,426.2,2,0.0
24,10,4,6,2,4.5,0.5714285714285714,0.4347826086956522,59.7399445313969,4,180.2,1,0.0
21,8,6,2,2,4.0,2.0,0.7317073170731708,56.40931702949266,1,415.0,1,0.0
19,12,8,4,2,2.25,1.6,1.702127659574468,50.752836853819225,3,123.7,2,0.0
39,23,13,10,6,7.25,1.1818181818181819,0.8843537414965987,72.52274588112746,6,686.9,3,0.0
18,3,1,2,1,1.5,0.3333333333333333,0.3125,56.34300117353229,1,58.0,0,0.0
27,17,9,8,4,7.0,1.0,0.6338028169014085,70.4139221930217,5,406.1,5,0.0
28,19,9,10,4,5.0,0.8181818181818182,0.8823529411764707,66.1967146797415,6,236.9,1,0.0
44,16,7,9,3,3.0,0.7,1.129032258064516,54.63013437957352,1,184.0,2,0.0
25,16,9,7,5,5.25,1.125,0.8411214953271029,84.43054290535127,5,189.4,4,0.0
33,9,1,8,0,2.75,0.1111111111111111,0.17543859649122806,55.07495312191658,1,102.5,2,1.0
32,15,7,8,3,2.75,0.7777777777777778,1.2280701754385965,,0,301.4,0,0.0
38,9,1,8,0,4.5,0.1111111111111111,0.10869565217391305,71.82172472321173,2,171.9,1,1.0
23,17,9,8,5,5.0,1.0,0.8823529411764707,60.64475645161611,2,279.1,3,0.0
44,14,3,11,0,3.75,0.25,0.38961038961038963,60.30333128246702,4,306.7,4,1.0
43,11,3,8,2,2.25,0.3333333333333333,0.6382978723404255,56.67910919614619,4,397.0,1,0.0
24,17,5,12,2,3.5,0.38461538461538464,0.6944444444444444,67.71562713598347,2,151.9,1,0.0
33,25,13,12,5,7.0,1.0,0.9154929577464789,71.71112969247743,5,312.9,3,0.0
41,23,11,12,6,4.25,0.8461538461538461,1.264367816091954,70.53106514864899,7,228.6,2,0.0
32,20,12,8,4,4.25,1.3333333333333333,1.3793103448275863,77.92589510847375,5,469.3,1,0.0
18,10,8,2,4,0.75,2.6666666666666665,4.705882352941177,55.430871197194925,1,100.1,2,0.0
41,8,7,1,6,2.75,3.5,1.2280701754385965,67.66753695007424,1,208.39999999999998,2,0.0
29,9,6,3,3,2.0,1.5,1.4285714285714286,46.01099348540721,1,124.7,2,0.0
44,10,6,4,2,1.75,1.2,1.6216216216216215,73.07219455132098,5,204.0,1,0.0
23,19,11,8,3,4.5,1.2222222222222223,1.1956521739130437,71.02864230366319,5,566.1,1,0.0
40,23,16,7,8,4.5,2.0,1.7391304347826089,75.94741315793979,6,262.0,1,0.0
29,20,8,12,4,5.25,0.6153846153846154,0.7476635514018692,61.12198248920331,4,439.2,1,0.0
37,9,4,5,0,2.75,0.6666666666666666,0.7017543859649122,58.901820966658995,5,148.7,0,1.0
30,10,5,5,4,3.75,0.8333333333333334,0.6493506493506493,60.20603630876969,4,88.4,1,0.0
22,8,6,2,4,1.25,2.0,2.222222222222222,48.973168561212624,4,168.1,1,0.0
16,30,15,15,6,3.0,0.9375,2.4193548387096775,64.03508022976747,5,182.3,2,0.0
21,19,3,16,1,6.75,0.17647058823529413,0.21897810218978103,85.98565506493371,5,477.4,2,0.0
24,12,7,5,4,2.75,1.1666666666666667,1.2280701754385965,73.07667837370468,2,176.6,1,0.0
30,22,10,12,3,4.5,0.7692307692307693,1.0869565217391306,68.81613705565371,4,266.4,1,0.0
19,18,10,8,4,4.75,1.1111111111111112,1.0309278350515465,76.0149884768639,5,142.3,0,0.0
17,16,7,9,6,2.75,0.7,1.2280701754385965,62.17456243816534,4,204.3,2,0.0
20,7,3,4,1,1.25,0.6,1.111111111111111,50.91673669223337,1,261.6,1,0.0
42,5,2,3,1,1.25,0.5,0.7407407407407407,43.54231034756782,5,205.4,5,0.0
34,21,10,11,4,2.5,0.8333333333333334,1.923076923076923,68.18674386010431,5,475.6,4,0.0
38,12,4,8,0,2.25,0.4444444444444444,0.851063829787234,75.97503804945617,3,272.3,4,1.0
29,15,8,7,2,2.75,1.0,1.4035087719298245,51.208748252136175,4,198.7,3,0.0
39,11,6,5,0,2.75,1.0,1.0526315789473684,70.14417218700586,4,329.3,5,1.0
23,27,19,8,8,4.0,2.111111111111111,2.3170731707317076,85.34482711542226,5,422.59999999999997,2,0.0
16,18,5,13,2,4.5,0.35714285714285715,0.5434782608695653,71.30243556523048,8,216.9,2,0.0
20,12,3,9,2,2.75,0.3,0.5263157894736842,58.82767404710491,1,119.5,0,0.0
27,15,5,10,4,2.5,0.45454545454545453,0.9615384615384615,78.21610854479219,6,324.7,5,0.0
38,15,6,9,2,4.75,0.6,0.6185567010309279,58.3056734874553,2,487.8,4,0.0
25,13,6,7,2,3.25,0.75,0.8955223880597015,71.94682986749037,7,431.20000000000005,2,0.0
33,11,7,4,5,3.75,1.4,0.9090909090909091,62.292997907326345,4,342.3,2,0.0
33,5,1,4,0,2.75,0.2,0.17543859649122806,43.08873318598436,2,145.6,1,1.0
43,10,4,6,3,3.25,0.5714285714285714,0.5970149253731343,56.04360107308501,4,381.09999999999997,1,0.0
25,17,12,5,7,3.0,2.0,1.9354838709677418,62.41225743397135,4,230.3,6,0.0
33,4,3,1,1,1.5,1.5,0.9375,38.88226430595872,2,140.3,1,0.0
27,11,7,4,3,2.75,1.4,1.2280701754385965,55.17638035032819,1,215.9,1,0.0
43,7,1,6,0,4.25,0.14285714285714285,0.1149425287356322,66.889364226927,2,627.1,4,1.0
33,21,10,11,5,2.75,0.8333333333333334,1.7543859649122806,77.48333566943083,7,377.6,0,0.0
44,14,7,7,5,5.5,0.875,0.625,69.75910843051444,3,299.9,3,0.0
43,8,3,5,0,2.0,0.5,0.7142857142857143,61.33868112182479,5,393.8,1,1.0
21,6,3,3,0,2.0,0.75,0.7142857142857143,49.434707144605056,4,228.6,0,1.0
27,12,7,5,4,5.0,1.1666666666666667,0.6862745098039216,64.91606157248975,6,529.1999999999999,6,0.0
44,16,6,10,4,5.5,0.5454545454545454,0.5357142857142857,57.85780206061705,6,235.9,1,0.0
32,19,7,12,2,3.5,0.5384615384615384,0.9722222222222222,71.81100114742904,3,299.3,3,0.0
24,5,1,4,0,2.0,0.2,0.23809523809523808,61.842910762904935,2,269.4,0,1.0
38,9,3,6,3,2.0,0.42857142857142855,0.7142857142857143,46.57343038596667,3,304.8,1,0.0
32,15,6,9,3,3.25,0.6,0.8955223880597015,59.13000181443275,3,236.79999999999998,2,0.0
31,20,8,12,3,6.0,0.6153846153846154,0.6557377049180328,72.4324840672401,5,274.6,4,0.0
26,20,8,12,4,6.25,0.6153846153846154,0.6299212598425197,74.67843214508794,8,316.5,2,0.0
34,10,6,4,3,4.0,1.2,0.7317073170731708,55.20618776305795,3,190.8,2,0.0
17,10,5,5,3,3.75,0.8333333333333334,0.6493506493506493,51.944026250684146,3,169.6,2,0.0
36,14,7,7,4,3.5,0.875,0.9722222222222222,58.10766552043633,2,266.8,2,0.0
31,14,7,7,3,4.25,0.875,0.8045977011494253,69.21663103883847,5,232.9,2,0.0
41,17,7,10,3,6.0,0.6363636363636364,0.5737704918032788,66.1193859533247,6,201.8,0,0.0
25,5,4,1,1,2.5,2.0,0.7692307692307692,59.58933331496111,4,292.5,2,0.0
42,28,12,16,4,6.0,0.7058823529411765,0.9836065573770493,68.0999506859539,6,282.0,2,0.0
32,9,1,8,1,2.25,0.1111111111111111,0.2127659574468085,45.35059901798551,3,226.1,3,0.0
21,21,10,11,4,6.75,0.8333333333333334,0.7299270072992701,69.1228972221169,7,261.4,3,0.0
24,17,8,9,4,2.0,0.8,1.9047619047619047,75.39134604249323,5,373.6,4,0.0
44,18,9,9,3,4.75,0.9,0.9278350515463918,55.109661724883736,5,180.7,3,0.0
30,16,10,6,5,3.75,1.4285714285714286,1.2987012987012987,60.16254715627415,3,425.7,2,0.0
33,3,1,2,0,2.0,0.3333333333333333,0.23809523809523808,52.64327958103165,1,70.6,1,1.0
25,17,9,8,5,1.75,1.0,2.4324324324324325,62.68958044187552,4,256.40000000000003,2,0.0
23,18,10,8,9,3.75,1.1111111111111112,1.2987012987012987,59.06644188317033,7,539.8,1,0.0
39,9,3,6,2,1.75,0.42857142857142855,0.8108108108108107,52.20954238707093,3,224.6,2,0.0
17,21,14,7,9,5.25,1.75,1.3084112149532712,66.94685858030753,7,186.5,3,0.0
21,7,2,5,2,1.0,0.3333333333333333,0.9090909090909091,49.9065800166497,0,148.7,1,0.0
22,12,7,5,2,3.5,1.1666666666666667,0.9722222222222222,55.8247460558753,3,270.7,1,0.0
20,21,10,11,5,4.0,0.8333333333333334,1.2195121951219514,68.73303722311566,6,325.0,2,0.0
19,16,9,7,4,6.0,1.125,0.7377049180327869,72.54102940288097,4,516.4,2,0.0
16,7,4,3,2,1.75,1.0,1.081081081081081,44.30987975773579,0,86.2,2,0.0
26,15,7,8,4,3.0,0.7777777777777778,1.129032258064516,57.34361614688886,4,417.5,2,0.0
36,22,11,11,4,4.25,0.9166666666666666,1.264367816091954,65.73678593071587,5,476.29999999999995,2,0.0
25,10,6,4,2,1.75,1.2,1.6216216216216215,48.21882081225438,0,72.3,0,0.0
44,14,8,6,4,4.25,1.1428571428571428,0.9195402298850576,75.04029714935163,5,396.2,3,0.0
44,21,17,4,10,6.25,3.4,1.3385826771653544,82.01993625026486,8,456.79999999999995,4,0.0
30,13,8,5,5,2.75,1.3333333333333333,1.4035087719298245,61.751365454692284,3,305.3,4,0.0
37,13,8,5,4,3.5,1.3333333333333333,1.1111111111111112,75.05068335155784,1,196.70000000000002,1,0.0
25,21,8,13,5,3.5,0.5714285714285714,1.1111111111111112,71.94568904040977,5,717.0,3,0.0
27,10,6,4,3,2.75,1.2,1.0526315789473684,59.768567253602676,3,440.4,3,0.0
19,10,5,5,1,2.0,0.8333333333333334,1.1904761904761905,53.58428030870901,2,255.0,1,0.0
25,12,4,8,2,3.25,0.4444444444444444,0.5970149253731343,50.06804698792427,2,164.3,3,0.0
41,11,6,5,3,2.5,1.0,1.1538461538461537,71.71938406196993,6,267.7,2,0.0
16,18,8,10,3,3.75,0.7272727272727273,1.0389610389610389,78.31192253568898,6,322.5,1,0.0
32,13,7,6,3,4.0,1.0,0.853658536585366,70.47688825332966,5,298.7,1,0.0
19,22,10,12,4,4.75,0.7692307692307693,1.0309278350515465,81.94136916492704,7,206.60000000000002,1,0.0
32,15,9,6,6,2.75,1.2857142857142858,1.5789473684210527,50.94886283138274,2,232.4,2,0.0
22,11,6,5,3,4.25,1.0,0.6896551724137931,84.15720485580115,6,284.5,6,0.0
44,11,3,8,0,2.75,0.3333333333333333,0.5263157894736842,,2,370.9,1,1.0
25,14,11,3,5,2.0,2.75,2.619047619047619,63.91164323347012,0,227.8,1,0.0
20,7,1,6,0,1.5,0.14285714285714285,0.3125,63.025427595063654,2,176.5,3,1.0
35,16,8,8,2,2.25,0.8888888888888888,1.702127659574468,60.280142837660144,4,151.4,1,0.0
26,7,7,0,4,2.25,7.0,1.4893617021276595,63.921107192438306,4,304.2,3,0.0
31,15,8,7,2,3.75,1.0,1.0389610389610389,72.6646454990655,5,305.59999999999997,4,0.0
23,8,4,4,4,5.0,0.8,0.3921568627450981,64.04311302012019,6,432.40000000000003,1,0.0
18,19,10,9,6,6.5,1.0,0.7575757575757576,77.20247383194393,7,178.2,1,0.0
17,16,9,7,3,4.0,1.125,1.0975609756097562,66.55198495477035,5,494.8,2,0.0
41,19,11,8,4,5.5,1.2222222222222223,0.9821428571428572,76.09555761856106,7,237.2,7,0.0
24,22,10,12,5,3.5,0.7692307692307693,1.3888888888888888,64.27339549442523,6,521.1,0,0.0
18,13,4,9,2,1.5,0.4,1.25,61.35686959670272,7,279.0,0,0.0
33,23,15,8,7,4.5,1.6666666666666667,1.6304347826086958,73.12288571052731,8,277.5,2,0.0
31,9,5,4,3,1.5,1.0,1.5625,65.05288048702009,0,103.2,0,0.0
19,16,4,12,1,5.0,0.3076923076923077,0.3921568627450981,85.6878626630936,6,423.8,2,0.0
16,19,12,7,7,5.25,1.5,1.1214953271028039,78.22742867585345,8,474.2,6,0.0
26,8,3,5,1,2.25,0.5,0.6382978723404255,54.259551742610114,0,136.7,1,0.0
17,12,7,5,1,4.25,1.1666666666666667,0.8045977011494253,67.2471467485444,1,354.70000000000005,0,0.0
32,20,7,13,3,5.75,0.5,0.5982905982905983,65.87955967421406,6,520.2,3,0.0
29,25,13,12,4,6.0,1.0,1.0655737704918034,77.8354169406266,6,433.6,7,0.0
43,15,4,11,1,3.75,0.3333333333333333,0.5194805194805194,65.58101777204067,2,241.1,2,0.0
31,15,9,6,5,4.5,1.2857142857142858,0.9782608695652175,72.97722558983654,5,361.5,1,0.0
20,11,2,9,1,3.0,0.2,0.3225806451612903,56.444064712120046,0,294.3,0,0.0
37,16,6,10,2,5.5,0.5454545454545454,0.5357142857142857,76.87631942429046,6,409.5,3,0.0
21,17,6,11,2,2.0,0.5,1.4285714285714286,57.976554834043206,6,298.0,1,0.0
33,5,2,3,2,2.75,0.5,0.3508771929824561,35.027636314567566,1,105.9,1,0.0
26,16,7,9,5,6.5,0.7,0.5303030303030303,79.570562894119,6,298.9,2,0.0
30,10,4,6,0,3.5,0.5714285714285714,0.5555555555555556,48.78407985002076,3,78.4,2,1.0
27,20,10,10,4,7.0,0.9090909090909091,0.7042253521126761,88.4791278585586,8,378.9,4,0.0
21,23,10,13,7,7.5,0.7142857142857143,0.6578947368421053,72.88473476470479,8,378.6,2,0.0
34,13,5,8,1,3.25,0.5555555555555556,0.7462686567164178,59.50578246216672,2,108.30000000000001,1,0.0
20,15,9,6,4,4.25,1.2857142857142858,1.0344827586206897,77.5691945990967,4,298.0,2,0.0
19,8,5,3,4,3.0,1.25,0.8064516129032258,50.368267851613965,1,298.2,2,0.0
23,13,6,7,3,3.25,0.75,0.8955223880597015,70.0285012627091,2,244.2,6,0.0
22,9,1,8,1,1.25,0.1111111111111111,0.37037037037037035,34.91880686289555,2,134.3,0,0.0
20,16,9,7,3,4.5,1.125,0.9782608695652175,59.33673925201344,5,322.9,1,0.0
31,21,11,10,4,3.5,1.0,1.5277777777777777,72.159873900265,1,319.8,4,0.0
22,15,10,5,5,4.75,1.6666666666666667,1.0309278350515465,77.65644510650152,4,359.4,1,0.0
35,23,10,13,5,6.0,0.7142857142857143,0.819672131147541,72.80307297607779,6,284.7,1,0.0
37,17,8,9,6,4.75,0.8,0.8247422680412372,74.61871367703745,7,954.7,2,0.0
18,16,7,9,4,4.5,0.7,0.7608695652173914,60.52864277258155,6,459.0,4,0.0
29,17,8,9,3,2.25,0.8,1.702127659574468,63.66909673427115,2,560.9,0,0.0
38,17,7,10,3,5.0,0.6363636363636364,0.6862745098039216,73.04603617049544,4,347.7,4,0.0
38,13,1,12,0,5.5,0.07692307692307693,0.08928571428571429,57.88424944687022,2,69.8,0,1.0
42,15,5,10,1,4.5,0.45454545454545453,0.5434782608695653,58.28591320722485,6,452.5,1,0.0
28,8,3,5,0,2.5,0.5,0.5769230769230769,57.47345824175933,2,277.1,0,1.0
27,16,9,7,3,2.75,1.125,1.5789473684210527,51.33847534840653,1,131.4,4,0.0
28,15,10,5,6,4.0,1.6666666666666667,1.2195121951219514,70.78791400107615,6,183.8,3,0.0
37,16,9,7,7,2.0,1.125,2.142857142857143,57.12903764248409,4,159.2,1,0.0
27,14,5,9,1,4.5,0.5,0.5434782608695653,59.440712893264774,4,351.6,2,0.0
40,29,17,12,9,5.5,1.3076923076923077,1.517857142857143,70.21048357405805,3,420.2,4,0.0
18,11,6,5,0,2.25,1.0,1.276595744680851,39.620631343672805,2,253.7,3,1.0
39,15,6,9,3,2.75,0.6,1.0526315789473684,58.11245058120867,3,239.8,1,0.0
35,16,8,8,2,3.0,0.8888888888888888,1.2903225806451613,76.01384249645596,5,126.1,4,0.0
26,12,6,6,3,3.25,0.8571428571428571,0.8955223880597015,56.313369347077696,3,190.5,0,0.0
26,8,5,3,2,2.25,1.25,1.0638297872340425,58.05406507549659,2,133.6,2,0.0
26,6,5,1,2,0.25,2.5,7.142857142857143,40.8167361483197,0,139.2,2,0.0
43,17,5,12,1,6.0,0.38461538461538464,0.4098360655737705,87.23706230528626,8,317.3,2,0.0
16,20,10,10,5,2.25,0.9090909090909091,2.127659574468085,79.70158053738032,6,128.3,2,0.0
34,26,11,15,6,4.25,0.6875,1.264367816091954,88.26996680193355,8,501.5,4,0.0
44,11,6,5,2,2.75,1.0,1.0526315789473684,58.81666393315779,3,254.7,4,0.0
34,10,6,4,3,2.5,1.2,1.1538461538461537,56.27041245595376,6,178.29999999999998,1,0.0
33,10,2,8,1,1.25,0.2222222222222222,0.7407407407407407,60.83825683943602,5,180.2,1,0.0
34,10,4,6,1,3.5,0.5714285714285714,0.5555555555555556,57.71323354277644,5,255.4,2,0.0
42,20,14,6,6,5.25,2.0,1.3084112149532712,55.78248724537116,3,312.2,2,0.0
36,17,8,9,5,4.25,0.8,0.9195402298850576,62.085122270956276,6,271.09999999999997,2,0.0
40,14,7,7,4,3.25,0.875,1.044776119402985,58.547070483209986,3,168.2,2,0.0
41,13,9,4,6,3.5,1.8,1.25,53.992571192299636,6,221.3,2,0.0
40,5,3,2,1,2.0,1.0,0.7142857142857143,57.56268850965094,0,99.7,0,0.0
38,17,10,7,7,3.5,1.25,1.3888888888888888,64.00974076820907,5,351.8,0,0.0
36,13,10,3,5,4.75,2.5,1.0309278350515465,59.26118651264083,4,418.7,3,0.0
41,7,1,6,0,5.25,0.14285714285714285,0.09345794392523366,50.784716269422304,3,289.7,1,1.0
34,4,4,0,2,3.25,4.0,0.5970149253731343,49.65053429384177,2,167.2,1,0.0
31,14,11,3,5,3.25,2.75,1.6417910447761193,61.79736358227805,3,237.8,3,0.0
41,12,8,4,2,2.0,1.6,1.9047619047619047,50.52341240764849,7,241.70000000000002,2,0.0
38,9,5,4,4,4.5,1.0,0.5434782608695653,70.24451079886256,5,482.20000000000005,2,0.0
18,17,9,8,5,4.5,1.0,0.9782608695652175,67.94424813681337,6,489.79999999999995,5,0.0
41,17,8,9,2,2.5,0.8,1.5384615384615383,39.265750504472024,1,297.0,1,0.0
43,22,11,11,8,6.75,0.9166666666666666,0.8029197080291971,82.83897235879908,8,261.4,4,0.0
27,24,16,8,11,5.75,1.7777777777777777,1.3675213675213675,64.9007980371819,6,695.8000000000001,2,0.0
28,19,13,6,7,3.0,1.8571428571428572,2.096774193548387,65.24652331608794,3,290.8,0,0.0
38,13,6,7,2,4.5,0.75,0.6521739130434783,69.3708669774801,4,314.9,0,0.0
28,15,7,8,2,3.5,0.7777777777777778,0.9722222222222222,55.65597252419445,4,418.1,2,0.0
34,21,7,14,6,7.25,0.4666666666666667,0.4761904761904762,67.20854117607094,7,373.5,5,0.0
43,16,6,10,2,2.75,0.5454545454545454,1.0526315789473684,88.11742632247514,6,344.0,3,0.0
23,12,3,9,2,4.25,0.3,0.3448275862068966,75.75221367550758,3,230.6,1,0.0
27,11,5,6,2,2.0,0.7142857142857143,1.1904761904761905,59.46683601447187,3,357.9,0,0.0
25,8,1,7,0,1.75,0.125,0.27027027027027023,55.02898534816925,3,124.0,2,1.0
24,28,11,17,6,5.5,0.6111111111111112,0.9821428571428572,76.3777284544112,5,1021.1,4,0.0
35,5,2,3,2,0.75,0.5,1.1764705882352942,40.551867887114234,0,79.8,0,0.0
26,10,4,6,0,1.5,0.5714285714285714,1.25,65.7966510980986,3,154.5,1,1.0
34,1,1,0,0,1.25,1.0,0.37037037037037035,41.03054565186575,1,89.6,0,1.0
16,6,4,2,3,2.25,1.3333333333333333,0.851063829787234,42.446128792790404,2,194.5,2,0.0
35,13,4,9,2,3.75,0.4,0.5194805194805194,60.15929718111111,3,356.2,2,0.0
19,7,4,3,2,1.0,1.0,1.8181818181818181,64.51217429056062,2,159.7,2,0.0
26,8,4,4,0,3.0,0.8,0.6451612903225806,60.81752111217969,4,297.0,1,1.0
41,10,4,6,3,2.25,0.5714285714285714,0.851063829787234,69.19601060748788,4,328.59999999999997,2,0.0
25,16,6,10,3,4.0,0.5454545454545454,0.7317073170731708,66.08747430524618,7,311.90000000000003,1,0.0
42,22,15,7,10,4.75,1.875,1.5463917525773196,64.88092917201843,6,322.0,0,0.0
43,15,8,7,3,3.5,1.0,1.1111111111111112,77.67941613149112,1,226.1,1,0.0
42,9,4,5,3,1.25,0.6666666666666666,1.4814814814814814,43.58821403196414,2,143.0,2,0.0
27,8,4,4,1,3.25,0.8,0.5970149253731343,56.16646937273856,5,162.9,2,0.0
25,15,8,7,2,6.25,1.0,0.6299212598425197,67.258782025679,7,398.90000000000003,1,0.0
33,14,6,8,0,6.75,0.6666666666666666,0.43795620437956206,68.43708087423006,4,448.20000000000005,6,1.0
39,15,8,7,5,4.25,1.0,0.9195402298850576,59.735593448523595,6,417.29999999999995,2,0.0
31,14,9,5,5,2.75,1.5,1.5789473684210527,59.93425934167627,4,360.7,1,0.0
37,13,7,6,6,5.5,1.0,0.625,65.00173672086969,5,408.4,1,0.0
41,13,9,4,5,4.25,1.8,1.0344827586206897,58.70318633976871,3,302.8,0,0.0
37,15,7,8,5,2.5,0.7777777777777778,1.346153846153846,55.91182638816854,3,288.3,1,0.0
26,22,9,13,6,5.75,0.6428571428571429,0.7692307692307693,84.46742001524336,5,478.9,3,0.0
23,5,1,4,0,0.75,0.2,0.5882352941176471,38.43880248866216,0,89.5,1,1.0
32,14,6,8,3,2.5,0.6666666666666666,1.1538461538461537,65.98446409257272,5,152.7,2,0.0
40,19,7,12,3,4.25,0.5384615384615384,0.8045977011494253,76.9598110756971,5,528.1999999999999,6,0.0
24,11,7,4,3,3.25,1.4,1.044776119402985,62.224646430833786,2,170.0,2,0.0
20,23,11,12,7,4.0,0.8461538461538461,1.3414634146341464,80.34290787174693,7,365.8,1,0.0
25,11,7,4,2,4.75,1.4,0.7216494845360826,72.66723311823726,5,199.2,1,0.0
33,13,8,5,2,2.0,1.3333333333333333,1.9047619047619047,60.98486176586143,2,199.0,0,0.0
22,22,12,10,6,3.25,1.0909090909090908,1.791044776119403,56.192715169025305,4,324.2,6,0.0
27,14,7,7,2,5.0,0.875,0.6862745098039216,67.59135667038855,4,202.20000000000002,3,0.0
23,14,6,8,3,4.5,0.6666666666666666,0.6521739130434783,51.7948832320813,4,352.5,3,0.0
30,24,13,11,8,4.25,1.0833333333333333,1.4942528735632186,81.54855514547141,5,385.7,3,0.0
31,14,5,9,3,3.5,0.5,0.6944444444444444,76.12454510258726,6,587.1,1,0.0
16,5,2,3,1,3.0,0.5,0.3225806451612903,81.49035035214024,3,324.9,2,0.0
23,18,11,7,4,3.75,1.375,1.4285714285714286,69.32341743095347,4,222.8,2,0.0
40,15,11,4,6,4.5,2.2,1.1956521739130437,67.77240089228854,7,384.1,5,0.0
36,15,3,12,1,2.75,0.23076923076923078,0.5263157894736842,62.829701525205714,1,146.4,1,0.0
38,13,6,7,3,2.5,0.75,1.1538461538461537,47.50996303457586,4,176.4,1,0.0
32,22,10,12,3,4.75,0.7692307692307693,1.0309278350515465,73.55920595227836,6,373.1,2,0.0
32,5,4,1,2,0.5,2.0,3.3333333333333335,46.772371427170064,1,68.39999999999999,0,0.0
20,14,5,9,2,6.75,0.5,0.36496350364963503,53.45184179798148,4,207.0,3,0.0
24,22,14,8,4,4.0,1.5555555555555556,1.707317073170732,66.36460920215661,8,486.8,2,0.0
34,6,5,1,3,2.75,2.5,0.8771929824561403,52.028815351184235,3,214.70000000000002,1,0.0
35,23,10,13,3,5.0,0.7142857142857143,0.9803921568627452,85.71679683495209,7,438.6,4,0.0
23,18,10,8,5,2.0,1.1111111111111112,2.380952380952381,57.73393126613261,2,196.4,2,0.0
34,5,3,2,2,1.5,1.0,0.9375,45.09937895221732,1,132.2,0,0.0
24,19,7,12,2,5.75,0.5384615384615384,0.5982905982905983,67.26887036269798,2,498.2,2,0.0
23,9,3,6,2,2.5,0.42857142857142855,0.5769230769230769,51.92824159788688,4,262.59999999999997,2,0.0
33,23,13,10,6,4.75,1.1818181818181819,1.3402061855670104,64.29731261630782,7,179.4,5,0.0
34,15,9,6,5,3.75,1.2857142857142858,1.1688311688311688,53.02113034931145,6,291.7,3,0.0
23,19,11,8,3,4.5,1.2222222222222223,1.1956521739130437,69.04323417526828,4,274.0,2,0.0
17,18,9,9,2,5.5,0.9,0.8035714285714286,60.49978026742063,8,462.5,5,0.0
38,20,11,9,4,3.0,1.1,1.7741935483870968,58.720880591828234,4,261.40000000000003,1,0.0
27,15,7,8,5,3.0,0.7777777777777778,1.129032258064516,61.26621547673535,4,152.89999999999998,2,0.0
34,16,6,10,2,6.0,0.5454545454545454,0.49180327868852464,74.27379010798181,8,366.29999999999995,2,0.0
21,8,3,5,0,2.25,0.5,0.6382978723404255,57.55357642346136,6,184.3,2,1.0
25,7,3,4,1,2.5,0.6,0.5769230769230769,49.89993391307085,3,279.8,1,0.0
19,16,6,10,1,2.75,0.5454545454545454,1.0526315789473684,64.87667809712507,2,226.1,3,0.0
36,11,7,4,3,1.75,1.4,1.8918918918918919,60.10766438106303,3,152.2,1,0.0
26,24,14,10,5,4.75,1.2727272727272727,1.4432989690721651,82.54585883902693,6,415.20000000000005,9,0.0
32,16,6,10,2,4.75,0.5454545454545454,0.6185567010309279,61.95978876074662,6,296.6,2,0.0
36,11,5,6,3,5.75,0.7142857142857143,0.4273504273504274,64.02770901802417,6,192.4,4,0.0
33,10,3,7,0,2.25,0.375,0.6382978723404255,48.638033460070154,2,152.5,0,1.0
27,5,1,4,0,9.0,0.2,0.054945054945054944,81.61820135476776,5,127.80000000000001,2,1.0
16,15,4,11,2,5.25,0.3333333333333333,0.3738317757009346,68.03067500122317,6,329.8,4,0.0
22,8,3,5,1,4.75,0.5,0.30927835051546393,60.997224519866094,4,439.09999999999997,2,0.0
17,21,13,8,7,3.0,1.4444444444444444,2.096774193548387,68.37733656667186,6,361.3,3,0.0
29,13,5,8,3,4.0,0.5555555555555556,0.6097560975609757,64.81370312665234,5,389.6,4,0.0
24,22,12,10,8,3.25,1.0909090909090908,1.791044776119403,64.55599200786497,5,538.1,4,0.0
18,11,5,6,2,3.25,0.7142857142857143,0.7462686567164178,57.052704129106395,4,361.1,1,0.0
33,23,11,12,5,2.5,0.8461538461538461,2.1153846153846154,77.41905635546765,8,246.79999999999998,1,0.0
26,13,7,6,2,3.75,1.0,0.9090909090909091,74.27968625189123,6,367.6,1,0.0
43,21,8,13,4,5.25,0.5714285714285714,0.7476635514018692,73.08925895251977,5,461.59999999999997,4,0.0
28,10,3,7,1,3.0,0.375,0.48387096774193544,50.841668169399355,4,484.9,2,0.0
36,10,5,5,4,3.5,0.8333333333333334,0.6944444444444444,62.481625216505506,5,280.0,4,0.0
42,14,3,11,0,5.5,0.25,0.26785714285714285,74.25194851598557,4,178.9,3,1.0
36,12,8,4,4,3.75,1.6,1.0389610389610389,81.13018016227424,6,267.3,4,0.0
26,19,14,5,7,4.0,2.3333333333333335,1.707317073170732,58.91764910267314,7,296.3,5,0.0
39,13,8,5,1,2.5,1.3333333333333333,1.5384615384615383,48.10666397765479,4,256.6,1,0.0
30,6,2,4,0,4.75,0.4,0.2061855670103093,55.19010943097947,1,175.29999999999998,0,1.0
39,16,8,8,3,5.25,0.8888888888888888,0.7476635514018692,69.78875566788099,1,467.8,2,0.0
30,17,7,10,3,3.75,0.6363636363636364,0.9090909090909091,65.88352693311393,3,282.4,1,0.0
41,6,2,4,1,3.5,0.4,0.2777777777777778,58.769701906117085,0,70.3,0,0.0
39,14,9,5,6,5.0,1.5,0.8823529411764707,62.05189393471429,6,484.0,3,0.0
44,17,7,10,3,3.25,0.6363636363636364,1.044776119402985,61.96731373140777,6,377.7,2,0.0
17,16,6,10,3,4.0,0.5454545454545454,0.7317073170731708,78.70850285927122,6,520.1,3,0.0
40,6,5,1,4,3.0,2.5,0.8064516129032258,59.71444988427475,4,187.1,0,0.0
19,7,6,1,2,2.25,3.0,1.276595744680851,53.52136536620743,0,73.3,0,0.0
18,32,12,20,8,4.5,0.5714285714285714,1.3043478260869565,85.23351511604015,6,432.3,2,0.0
38,15,8,7,4,6.5,1.0,0.6060606060606061,55.975694194255546,5,509.7,3,0.0
25,23,10,13,8,4.25,0.7142857142857143,1.149425287356322,69.63542198988944,3,220.8,4,0.0
35,10,3,7,0,3.5,0.375,0.41666666666666663,64.30964049165878,2,135.20000000000002,1,1.0
27,4,1,3,0,2.75,0.25,0.17543859649122806,66.24915654413384,2,137.4,0,1.0
16,21,11,10,5,2.75,1.0,1.9298245614035088,58.17603392974406,4,305.8,1,0.0
22,1,1,0,0,3.0,1.0,0.16129032258064516,38.16394233170192,2,141.8,0,1.0
42,9,4,5,3,4.75,0.6666666666666666,0.4123711340206186,73.83224220460035,5,225.79999999999998,2,0.0
17,2,1,1,0,1.5,0.5,0.3125,42.438294913422126,1,72.39999999999999,2,1.0
28,2,1,1,0,0.75,0.5,0.5882352941176471,51.64146934372454,1,50.6,0,1.0
26,18,5,13,1,4.5,0.35714285714285715,0.5434782608695653,67.48340241751072,6,222.6,4,0.0
37,7,1,6,0,1.5,0.14285714285714285,0.3125,52.346986117702876,0,172.29999999999998,2,1.0
25,24,13,11,7,3.25,1.0833333333333333,1.9402985074626866,73.08201560425152,5,176.3,2,0.0
38,11,4,7,0,2.0,0.5,0.9523809523809523,67.02503656140543,4,102.0,3,1.0
43,18,9,9,2,4.25,0.9,1.0344827586206897,53.10375285124268,3,193.5,0,0.0
39,13,6,7,4,2.5,0.75,1.1538461538461537,67.74546781490635,5,181.6,0,0.0
37,5,3,2,0,4.25,1.0,0.3448275862068966,68.26978848770058,6,383.7,1,1.0
26,17,9,8,2,5.75,1.0,0.7692307692307693,65.0627592999666,6,299.2,4,0.0
19,22,11,11,6,7.0,0.9166666666666666,0.7746478873239437,84.16222099318709,6,632.1,3,0.0
30,23,12,11,9,6.25,1.0,0.9448818897637796,88.40175091906653,6,223.2,7,0.0
30,4,1,3,0,0.75,0.25,0.5882352941176471,60.70559522272937,0,84.2,0,1.0
41,14,5,9,2,3.75,0.5,0.6493506493506493,80.07856120405869,5,495.5,1,0.0
17,10,4,6,2,3.25,0.5714285714285714,0.5970149253731343,71.8661187128429,3,456.5,1,0.0
36,8,4,4,3,2.0,0.8,0.9523809523809523,60.41910285692413,2,241.5,1,0.0
33,12,5,7,3,2.25,0.625,1.0638297872340425,71.76638797959886,6,258.1,0,0.0
30,21,11,10,5,4.75,1.0,1.1340206185567012,70.08597847543336,6,687.5,0,0.0
26,11,6,5,5,3.5,1.0,0.8333333333333333,62.60808269718861,3,166.2,5,0.0
19,24,11,13,4,4.0,0.7857142857142857,1.3414634146341464,69.36763203114607,3,446.8,3,0.0
38,6,2,4,2,1.25,0.4,0.7407407407407407,67.07137860623749,3,187.8,0,0.0
43,24,13,11,4,4.75,1.0833333333333333,1.3402061855670104,70.83371933366303,7,230.5,1,0.0
26,7,2,5,1,1.0,0.3333333333333333,0.9090909090909091,48.241463147431375,1,141.1,0,0.0
23,10,6,4,2,3.0,1.2,0.9677419354838709,57.40228529134802,5,111.1,2,0.0
40,19,13,6,9,6.5,1.8571428571428572,0.9848484848484849,71.53388654960723,8,939.8,5,0.0
30,6,4,2,3,2.0,1.3333333333333333,0.9523809523809523,49.88768361531223,4,239.2,3,0.0
32,9,4,5,0,4.0,0.6666666666666666,0.48780487804878053,80.331152150384,5,236.3,2,1.0
33,11,4,7,2,4.75,0.5,0.4123711340206186,62.74175012774609,6,211.1,0,0.0
37,22,11,11,5,4.0,0.9166666666666666,1.3414634146341464,69.71256591389692,5,475.2,1,0.0
26,5,1,4,0,1.25,0.2,0.37037037037037035,68.45333807371493,2,148.70000000000002,2,1.0
31,24,10,14,3,6.0,0.6666666666666666,0.819672131147541,70.47013714003994,6,248.9,4,0.0
21,17,12,5,7,7.5,2.0,0.7894736842105263,77.09539665934126,7,673.0,1,0.0
32,16,12,4,4,5.25,2.4,1.1214953271028039,78.79403942930308,3,635.5,0,0.0
24,20,10,10,6,3.0,0.9090909090909091,1.6129032258064515,64.69695822777928,3,468.5,0,0.0
21,20,13,7,6,3.25,1.625,1.9402985074626866,72.22599179742862,3,114.6,2,0.0
18,18,8,10,6,4.0,0.7272727272727273,0.9756097560975611,71.9096166314909,4,267.9,1,0.0
29,12,9,3,4,4.5,2.25,0.9782608695652175,77.25058269338643,3,271.7,0,0.0
20,18,10,8,2,3.0,1.1111111111111112,1.6129032258064515,62.92170848405656,4,315.0,1,0.0
21,12,5,7,5,2.75,0.625,0.8771929824561403,61.28630771942332,6,280.9,1,0.0
33,13,8,5,4,3.0,1.3333333333333333,1.2903225806451613,62.86846858175045,2,206.5,1,0.0
19,21,7,14,4,4.25,0.4666666666666667,0.8045977011494253,73.2317931652467,5,274.8,5,0.0
26,22,10,12,5,7.0,0.7692307692307693,0.7042253521126761,71.89554968280366,6,665.4,2,0.0
33,20,6,14,5,2.5,0.4,1.1538461538461537,67.59833963157473,5,475.2,2,0.0
39,19,11,8,5,2.75,1.2222222222222223,1.9298245614035088,76.85680701103443,4,183.0,4,0.0
35,16,6,10,5,4.0,0.5454545454545454,0.7317073170731708,68.69056062434039,6,396.9,2,0.0
19,7,2,5,1,0.75,0.3333333333333333,1.1764705882352942,63.128250757801695,1,73.3,0,0.0
39,15,5,10,3,5.5,0.45454545454545453,0.44642857142857145,79.5936203832322,4,516.3,1,0.0
42,5,4,1,3,4.0,2.0,0.48780487804878053,57.311844344059345,5,76.1,1,0.0
21,22,10,12,4,5.0,0.7692307692307693,0.9803921568627452,60.95729442716597,4,366.7,3,0.0
28,16,6,10,3,5.75,0.5454545454545454,0.5128205128205129,76.5624420009938,7,525.3,2,0.0
29,12,5,7,1,2.0,0.625,1.1904761904761905,60.953667185888186,4,405.5,1,0.0
41,14,5,9,1,4.25,0.5,0.574712643678161,77.19915703685709,5,280.9,1,0.0
26,13,3,10,2,4.0,0.2727272727272727,0.3658536585365854,69.84795367029584,6,109.2,1,0.0
24,14,9,5,6,2.75,1.5,1.5789473684210527,56.44960071937596,3,189.1,2,0.0
20,20,11,9,3,5.75,1.1,0.9401709401709403,65.43827812583909,8,312.4,3,0.0
43,18,6,12,0,3.25,0.46153846153846156,0.8955223880597015,63.44355248123176,4,236.0,3,1.0
20,14,6,8,1,4.0,0.6666666666666666,0.7317073170731708,85.13311356805983,6,400.8,4,0.0
18,20,10,10,7,4.75,0.9090909090909091,1.0309278350515465,71.44060994120032,8,352.7,0,0.0
25,18,10,8,4,3.0,1.1111111111111112,1.6129032258064515,63.05901320313248,6,213.6,1,0.0
21,28,14,14,7,4.75,0.9333333333333333,1.4432989690721651,87.16430651598053,7,601.3,3,0.0
21,20,11,9,3,4.0,1.1,1.3414634146341464,52.34953209333148,2,235.7,3,0.0
29,10,7,3,4,3.75,1.75,0.9090909090909091,66.05661673755552,2,450.0,1,0.0
26,21,11,10,7,4.5,1.0,1.1956521739130437,74.66129082562907,6,279.0,3,0.0
30,17,7,10,3,4.75,0.6363636363636364,0.7216494845360826,85.81184460855147,7,396.9,4,0.0
32,18,8,10,4,5.25,0.7272727272727273,0.7476635514018692,76.46945343223692,5,435.7,2,0.0
30,23,10,13,5,4.25,0.7142857142857143,1.149425287356322,81.83784259970444,6,555.1,3,0.0
42,21,10,11,7,4.0,0.8333333333333334,1.2195121951219514,73.47077420080379,4,396.8,4,0.0
36,17,10,7,4,5.0,1.25,0.9803921568627452,79.55236514436054,2,390.9,2,0.0
42,22,15,7,7,3.75,1.875,1.948051948051948,66.58632883006648,6,280.8,4,0.0
42,17,9,8,2,3.5,1.0,1.25,78.55090842525667,8,316.0,2,0.0
32,24,17,7,10,5.75,2.125,1.4529914529914532,62.80903764814802,5,164.70000000000002,2,0.0
41,8,2,6,0,1.5,0.2857142857142857,0.625,61.65496744696788,2,167.0,0,1.0
41,18,10,8,4,3.5,1.1111111111111112,1.3888888888888888,73.2789344633502,4,308.2,3,0.0
34,13,5,8,2,5.0,0.5555555555555556,0.4901960784313726,65.00886426254642,6,270.4,4,0.0
29,11,8,3,1,3.25,2.0,1.1940298507462686,60.82752717269802,3,232.2,1,0.0
22,27,12,15,8,5.5,0.75,1.0714285714285714,76.13782854683868,5,385.8,3,0.0
20,10,4,6,1,1.75,0.5714285714285714,1.081081081081081,58.767902986525456,2,158.2,3,0.0
24,13,5,8,2,3.0,0.5555555555555556,0.8064516129032258,53.011582412970554,2,258.1,3,0.0
37,10,5,5,2,0.75,0.8333333333333334,2.9411764705882355,61.944889977102704,1,193.8,1,0.0
29,13,9,4,6,3.25,1.8,1.3432835820895521,62.3792709501855,4,384.79999999999995,2,0.0
27,16,7,9,3,3.5,0.7,0.9722222222222222,63.928055823048986,6,290.7,4,0.0
34,8,3,5,2,2.0,0.5,0.7142857142857143,48.71404670470532,3,173.0,1,0.0
25,28,10,18,4,4.75,0.5263157894736842,1.0309278350515465,71.89132991815083,8,267.90000000000003,3,0.0
18,14,7,7,1,5.75,0.875,0.5982905982905983,67.98088316372126,6,236.7,1,0.0
36,14,6,8,4,3.25,0.6666666666666666,0.8955223880597015,74.02209843119465,6,344.7,2,0.0
32,14,9,5,6,4.0,1.5,1.0975609756097562,69.25346008328805,6,474.4,1,0.0
30,19,7,12,3,4.75,0.5384615384615384,0.7216494845360826,65.37259022953724,6,681.3,2,0.0
43,12,6,6,4,5.25,0.8571428571428571,0.5607476635514019,64.82964418339851,4,285.0,7,0.0
18,20,14,6,8,3.75,2.0,1.8181818181818181,64.42578845599009,7,286.7,1,0.0
41,4,3,1,2,1.0,1.5,1.3636363636363635,47.106815420597286,2,117.4,0,0.0
31,22,7,15,5,2.75,0.4375,1.2280701754385965,62.018436913247584,5,204.8,6,0.0
29,6,4,2,2,2.0,1.3333333333333333,0.9523809523809523,45.87908330110783,2,50.0,1,0.0
44,20,10,10,6,2.25,0.9090909090909091,2.127659574468085,78.6438427316617,4,259.0,1,0.0
29,17,4,13,1,5.0,0.2857142857142857,0.3921568627450981,67.84230491557477,6,301.8,6,0.0
38,6,1,5,0,0.5,0.16666666666666666,0.8333333333333334,50.43187485575029,3,93.4,2,1.0
26,8,1,7,0,4.0,0.125,0.12195121951219513,78.44167282907432,3,120.4,0,1.0
27,18,14,4,6,4.25,2.8,1.6091954022988506,79.26004534238227,7,317.7,4,0.0
35,3,1,2,1,1.75,0.3333333333333333,0.27027027027027023,54.05893873648436,2,217.0,0,0.0
27,9,4,5,0,4.5,0.6666666666666666,0.4347826086956522,54.867805284375066,3,199.6,0,1.0
16,1,1,0,0,2.25,1.0,0.2127659574468085,54.52063799922364,3,155.6,1,1.0
21,20,8,12,4,7.5,0.6153846153846154,0.5263157894736842,80.493093197391,5,304.1,5,0.0
26,27,11,16,4,6.25,0.6470588235294118,0.8661417322834646,72.25612734984304,7,297.1,2,0.0
18,18,14,4,9,5.25,2.8,1.3084112149532712,64.9202016017594,5,566.2,5,0.0
43,15,7,8,6,6.75,0.7777777777777778,0.5109489051094891,79.9581766516634,4,322.5,1,0.0
44,6,4,2,1,1.75,1.3333333333333333,1.081081081081081,48.38979733281519,1,147.4,1,0.0
34,14,7,7,4,6.0,0.875,0.5737704918032788,73.35506707714674,6,181.1,2,0.0
37,6,3,3,0,1.5,0.75,0.9375,41.25664902412248,2,96.9,3,1.0
17,30,11,19,6,6.75,0.55,0.8029197080291971,84.19853444688273,6,502.0,11,0.0
24,6,3,3,1,4.25,0.75,0.3448275862068966,53.90580000308278,2,252.10000000000002,0,0.0
32,11,8,3,5,3.75,2.0,1.0389610389610389,67.81574017221249,2,280.6,1,0.0
31,13,4,9,0,4.0,0.4,0.48780487804878053,65.54815317383246,3,123.1,2,1.0
16,7,4,3,4,2.5,1.0,0.7692307692307692,63.925939328342174,1,336.1,0,0.0
33,16,10,6,6,4.5,1.4285714285714286,1.0869565217391306,68.3970073034744,6,270.90000000000003,3,0.0
28,29,18,11,5,6.75,1.5,1.3138686131386863,71.35978654510394,6,406.59999999999997,4,0.0
28,8,4,4,1,4.5,0.8,0.4347826086956522,68.6418266508082,4,312.9,1,0.0
35,15,11,4,2,2.0,2.2,2.619047619047619,61.87023980653207,3,302.7,3,0.0
35,14,4,10,2,3.0,0.36363636363636365,0.6451612903225806,51.03672088522062,5,311.6,2,0.0
16,5,3,2,3,1.5,1.0,0.9375,39.80375046378085,1,47.7,1,0.0
30,13,6,7,2,5.0,0.75,0.5882352941176471,66.14497362844617,6,425.5,3,0.0
43,9,6,3,2,1.75,1.5,1.6216216216216215,42.72057738098248,0,61.1,0,0.0
27,4,1,3,0,2.0,0.25,0.23809523809523808,58.03699556944636,1,179.3,0,1.0
31,15,12,3,5,3.5,3.0,1.6666666666666665,62.38348846765815,7,308.0,3,0.0
25,17,12,5,4,4.0,2.0,1.4634146341463417,48.05725894254825,2,211.6,2,0.0
25,13,6,7,4,5.25,0.75,0.5607476635514019,73.26653965270971,5,409.9,4,0.0
32,6,1,5,0,1.25,0.16666666666666666,0.37037037037037035,36.32912977841741,2,92.5,0,1.0
17,28,14,14,8,5.25,0.9333333333333333,1.3084112149532712,80.50353630153738,5,445.5,4,0.0
41,8,5,3,2,2.25,1.25,1.0638297872340425,41.38839184984653,0,228.7,1,0.0
29,18,12,6,6,3.0,1.7142857142857142,1.9354838709677418,55.77831970993284,4,504.7,4,0.0
28,16,8,8,4,3.25,0.8888888888888888,1.1940298507462686,65.07507484840248,3,159.4,4,0.0
28,7,2,5,0,3.0,0.3333333333333333,0.3225806451612903,47.434103995446314,1,133.1,1,1.0
29,23,14,9,8,4.25,1.4,1.6091954022988506,68.34645526210402,5,447.9,2,0.0
40,17,11,6,3,3.25,1.5714285714285714,1.6417910447761193,76.13012358049319,5,256.3,2,0.0
30,11,6,5,4,1.25,1.0,2.222222222222222,46.85528277076143,3,87.9,1,0.0
36,14,8,6,7,4.0,1.1428571428571428,0.9756097560975611,64.82802665810252,2,274.9,3,0.0
41,13,8,5,2,4.5,1.3333333333333333,0.8695652173913044,62.18393421588226,4,272.7,1,0.0
38,8,6,2,3,2.25,2.0,1.276595744680851,66.88313120829045,4,358.2,3,0.0
38,15,6,9,3,3.5,0.6,0.8333333333333333,86.89023161848607,8,365.4,5,0.0
29,9,3,6,1,2.5,0.42857142857142855,0.5769230769230769,60.85313578819625,4,165.8,3,0.0
25,22,14,8,7,4.0,1.5555555555555556,1.707317073170732,59.535540093535026,6,262.5,1,0.0
32,13,6,7,2,5.75,0.75,0.5128205128205129,76.50405909441811,7,480.2,1,0.0
36,8,5,3,3,2.75,1.25,0.8771929824561403,51.47862400918066,2,148.8,1,0.0
22,10,5,5,3,1.5,0.8333333333333334,1.5625,47.32840508930979,4,266.6,0,0.0
16,23,11,12,6,4.0,0.8461538461538461,1.3414634146341464,74.46137235356201,7,435.1,3,0.0
28,29,14,15,6,4.5,0.875,1.5217391304347827,73.21392413218575,6,638.9,0,0.0
38,5,1,4,0,5.5,0.2,0.08928571428571429,63.58127303060821,2,204.9,1,1.0
36,26,14,12,6,4.75,1.0769230769230769,1.4432989690721651,85.76497804635284,5,629.5,2,0.0
41,6,1,5,0,2.25,0.16666666666666666,0.2127659574468085,59.74540833566681,3,180.2,2,1.0
40,8,3,5,3,2.75,0.5,0.5263157894736842,48.40521934268007,3,230.0,2,0.0
28,3,1,2,0,6.25,0.3333333333333333,0.07874015748031496,63.253603158867776,2,96.1,0,1.0
43,14,6,8,4,4.5,0.6666666666666666,0.6521739130434783,76.13419050596276,6,397.8,2,0.0
42,18,13,5,4,4.0,2.1666666666666665,1.5853658536585367,64.32680902710587,3,272.4,2,0.0
40,26,11,15,4,4.25,0.6875,1.264367816091954,70.9925117234281,4,744.6,4,0.0
40,15,9,6,3,6.5,1.2857142857142858,0.6818181818181819,68.12339329704962,7,450.0,1,0.0
44,16,5,11,3,4.0,0.4166666666666667,0.6097560975609757,68.73402467813494,2,491.9,3,0.0
26,12,4,8,2,1.75,0.4444444444444444,1.081081081081081,61.00528692071021,3,113.9,2,0.0
39,14,9,5,5,3.75,1.5,1.1688311688311688,46.570145223230014,1,447.5,3,0.0
22,6,2,4,0,1.25,0.4,0.7407407407407407,48.524587972278574,3,170.7,0,1.0
26,9,4,5,0,4.0,0.6666666666666666,0.48780487804878053,69.21828378094858,2,117.0,3,1.0
37,18,7,11,5,3.25,0.5833333333333334,1.044776119402985,54.311505626522205,5,186.3,2,0.0
43,7,3,4,1,2.5,0.6,0.5769230769230769,60.04985376617743,6,286.4,2,0.0
20,17,10,7,5,3.0,1.25,1.6129032258064515,63.34732413323969,5,188.3,3,0.0
25,14,1,13,0,2.75,0.07142857142857142,0.17543859649122806,58.20607731287044,4,178.7,1,1.0
42,26,16,10,12,5.25,1.4545454545454546,1.4953271028037385,74.32745133436218,8,404.5,7,0.0
33,14,4,10,1,3.0,0.36363636363636365,0.6451612903225806,59.867846511493624,5,278.8,4,0.0
26,19,9,10,4,3.0,0.8181818181818182,1.4516129032258065,81.94790400966822,5,174.8,5,0.0
30,16,9,7,4,4.5,1.125,0.9782608695652175,68.15271513606122,2,176.4,1,0.0
33,12,3,9,2,2.75,0.3,0.5263157894736842,53.308451369539036,3,265.9,1,0.0
40,20,11,9,4,3.75,1.1,1.4285714285714286,75.85664481474686,8,705.2,1,0.0
32,17,7,10,3,2.5,0.6363636363636364,1.346153846153846,75.2499449266887,5,308.5,5,0.0
43,27,11,16,6,4.5,0.6470588235294118,1.1956521739130437,69.88362515441864,6,431.0,3,0.0
37,12,5,7,2,4.25,0.625,0.574712643678161,63.346335129466816,4,459.0,1,0.0
30,19,8,11,3,4.75,0.6666666666666666,0.8247422680412372,67.7690822722842,8,495.59999999999997,3,0.0
36,20,10,10,6,3.75,0.9090909090909091,1.2987012987012987,81.88255544330535,4,477.1,1,0.0
22,11,1,10,0,4.25,0.09090909090909091,0.1149425287356322,69.9724580932341,1,170.79999999999998,1,1.0
24,20,9,11,5,5.0,0.75,0.8823529411764707,59.27812119246592,6,331.8,6,0.0
25,16,9,7,4,5.25,1.125,0.8411214953271029,57.300018400863046,7,201.29999999999998,2,0.0
16,21,11,10,5,4.75,1.0,1.1340206185567012,71.18336440337204,8,168.4,3,0.0
23,8,6,2,0,2.75,2.0,1.0526315789473684,73.350074706947,2,113.9,0,1.0
28,9,6,3,4,1.75,1.5,1.6216216216216215,65.92164258052671,2,137.9,0,0.0
41,23,11,12,4,5.5,0.8461538461538461,0.9821428571428572,68.4527234387619,5,535.5,3,0.0
20,13,4,9,2,1.5,0.4,1.25,58.834110107758534,4,209.5,1,0.0
23,7,6,1,2,4.0,3.0,0.7317073170731708,68.36779394819527,4,345.9,1,0.0
43,17,10,7,6,4.25,1.25,1.149425287356322,53.3710057808654,5,259.6,4,0.0
38,15,9,6,4,4.5,1.2857142857142858,0.9782608695652175,78.60821089413844,6,486.8,3,0.0
42,8,2,6,0,4.25,0.2857142857142857,0.2298850574712644,,1,150.0,0,1.0
33,9,3,6,2,2.0,0.42857142857142855,0.7142857142857143,60.199380542572165,1,61.6,2,0.0
20,11,8,3,3,2.0,2.0,1.9047619047619047,56.81811350756772,2,391.1,6,0.0
23,15,8,7,4,2.75,1.0,1.4035087719298245,69.33342995269685,4,293.4,3,0.0
25,13,8,5,6,2.5,1.3333333333333333,1.5384615384615383,49.527922005003184,2,326.3,3,0.0
23,23,13,10,6,3.5,1.1818181818181819,1.8055555555555556,69.7482990876612,8,438.4,1,0.0
44,9,5,4,1,2.75,1.0,0.8771929824561403,66.77925809924835,0,156.79999999999998,3,0.0
26,15,7,8,2,7.25,0.7777777777777778,0.4761904761904762,66.88420070252046,7,352.2,5,0.0
29,14,1,13,0,3.5,0.07142857142857142,0.1388888888888889,72.71556774633159,3,316.9,2,1.0
44,16,8,8,5,3.0,0.8888888888888888,1.2903225806451613,60.89976739046949,3,150.6,4,0.0
22,22,13,9,8,4.5,1.3,1.4130434782608696,78.81965635986553,6,291.8,2,0.0
37,6,3,3,1,1.25,0.75,1.111111111111111,63.14982425633561,1,52.6,1,0.0
16,9,5,4,2,3.5,1.0,0.6944444444444444,73.86055241656987,6,169.9,5,0.0
16,21,13,8,5,5.25,1.4444444444444444,1.2149532710280375,73.44664492659413,4,431.7,1,0.0
40,7,1,6,0,1.75,0.14285714285714285,0.27027027027027023,37.452407131498646,2,132.0,0,1.0
26,5,1,4,0,1.0,0.2,0.45454545454545453,50.55018958219718,1,67.1,0,1.0
44,17,10,7,6,6.0,1.25,0.819672131147541,72.04941705266616,7,546.2,0,0.0
27,18,8,10,3,6.0,0.7272727272727273,0.6557377049180328,85.06823136796723,8,303.0,1,0.0
37,10,7,3,4,4.25,1.75,0.8045977011494253,66.98161641075355,4,217.2,3,0.0
38,6,3,3,3,4.75,0.75,0.30927835051546393,54.39848499691192,2,263.7,1,0.0
29,19,9,10,3,4.5,0.8181818181818182,0.9782608695652175,70.07435016460687,5,169.4,5,0.0
26,24,14,10,10,3.0,1.2727272727272727,2.258064516129032,69.60733609543325,3,718.7,4,0.0
29,11,5,6,3,3.75,0.7142857142857143,0.6493506493506493,67.7506022566926,4,230.3,3,0.0
23,17,3,14,1,5.5,0.2,0.26785714285714285,70.61523052428593,5,176.8,2,0.0
43,4,2,2,1,2.25,0.6666666666666666,0.425531914893617,47.442362448465005,0,80.7,0,0.0
25,25,11,14,7,6.25,0.7333333333333333,0.8661417322834646,82.03525877138588,5,324.8,8,0.0
44,6,3,3,1,1.75,0.75,0.8108108108108107,53.36704999578917,3,177.9,1,0.0
23,27,15,12,9,4.75,1.1538461538461537,1.5463917525773196,67.8174673516692,4,397.0,4,0.0
22,17,10,7,5,3.25,1.25,1.4925373134328357,54.69823362641457,6,359.4,3,0.0
17,7,4,3,2,1.25,1.0,1.4814814814814814,47.83440460660713,4,200.6,0,0.0
40,16,10,6,4,6.0,1.4285714285714286,0.819672131147541,80.16961475612162,5,405.2,3,0.0
40,10,3,7,0,4.75,0.375,0.30927835051546393,73.7961855688704,3,118.8,2,1.0
41,18,7,11,5,2.75,0.5833333333333334,1.2280701754385965,64.57183763176306,7,253.9,2,0.0
34,6,3,3,2,1.5,0.75,0.9375,47.502332645970846,0,142.2,0,0.0
44,13,7,6,2,3.5,1.0,0.9722222222222222,60.23227223600133,5,234.8,2,0.0
43,13,10,3,4,4.5,2.5,1.0869565217391306,67.10576164253763,6,328.40000000000003,2,0.0
34,16,6,10,1,2.75,0.5454545454545454,1.0526315789473684,67.69348932474708,6,234.0,3,0.0
20,24,10,14,6,3.0,0.6666666666666666,1.6129032258064515,58.61076380408475,5,425.8,2,0.0
41,23,14,9,8,8.25,1.4,0.8383233532934132,73.38824881725195,6,204.5,6,0.0
33,18,9,9,4,4.0,0.9,1.0975609756097562,66.19412755611853,6,212.8,0,0.0
38,16,8,8,4,4.0,0.8888888888888888,0.9756097560975611,68.93248944637129,5,200.6,3,0.0
37,17,9,8,8,3.75,1.0,1.1688311688311688,62.12882282130144,2,240.89999999999998,5,0.0
36,17,9,8,5,2.75,1.0,1.5789473684210527,60.59207263824796,1,347.2,3,0.0
32,14,5,9,3,3.0,0.5,0.8064516129032258,51.069180859479694,4,226.6,2,0.0
42,22,7,15,4,4.25,0.4375,0.8045977011494253,63.017940346081325,4,392.7,7,0.0
26,16,8,8,3,2.0,0.8888888888888888,1.9047619047619047,49.64335301584081,3,317.1,4,0.0
33,3,1,2,0,1.25,0.3333333333333333,0.37037037037037035,,3,141.7,1,1.0
39,10,5,5,2,4.75,0.8333333333333334,0.5154639175257733,64.08229508333915,7,414.1,2,0.0
38,16,8,8,5,4.25,0.8888888888888888,0.9195402298850576,68.26123328387843,6,501.5,4,0.0
36,23,10,13,4,7.25,0.7142857142857143,0.6802721088435374,83.34647996410915,8,285.6,7,0.0
23,18,9,9,4,6.0,0.9,0.7377049180327869,71.32667588137379,4,472.3,3,0.0
22,11,6,5,5,2.25,1.0,1.276595744680851,47.57784477571149,0,185.4,1,0.0
41,6,3,3,3,2.75,0.75,0.5263157894736842,59.73694127664975,4,254.7,4,0.0
27,13,6,7,3,3.75,0.75,0.7792207792207793,77.55391249261648,6,223.3,1,0.0
32,12,4,8,1,2.0,0.4444444444444444,0.9523809523809523,58.750745525494516,3,172.0,1,0.0
44,12,7,5,4,3.25,1.1666666666666667,1.044776119402985,73.33201158838857,2,275.5,1,0.0
24,15,13,2,9,6.75,4.333333333333333,0.9489051094890512,71.30762058874984,6,290.0,0,0.0
31,19,9,10,4,3.25,0.8181818181818182,1.3432835820895521,67.05257703670583,5,424.2,2,0.0
37,19,9,10,4,5.5,0.8181818181818182,0.8035714285714286,72.95595060692781,5,195.20000000000002,5,0.0
27,25,15,10,11,6.25,1.3636363636363635,1.1811023622047245,82.53514315067395,6,305.8,1,0.0
26,13,5,8,4,3.25,0.5555555555555556,0.7462686567164178,77.02178287276887,7,388.2,6,0.0
36,12,6,6,4,3.25,0.8571428571428571,0.8955223880597015,74.9243897438763,4,399.7,0,0.0
22,6,2,4,1,4.5,0.4,0.2173913043478261,56.797577955802005,5,320.2,3,0.0
41,9,2,7,1,2.5,0.25,0.3846153846153846,60.796443696228174,2,153.0,0,0.0
29,6,1,5,0,2.25,0.16666666666666666,0.2127659574468085,58.54231629680267,4,104.3,3,1.0
37,26,10,16,4,5.75,0.5882352941176471,0.8547008547008548,73.05640431021908,5,242.8,4,0.0
42,12,7,5,5,2.75,1.1666666666666667,1.2280701754385965,63.59269410865708,4,374.1,1,0.0
38,14,6,8,3,3.75,0.6666666666666666,0.7792207792207793,69.14401474328334,4,356.3,4,0.0
24,16,10,6,6,4.0,1.4285714285714286,1.2195121951219514,55.432430257867495,5,340.7,1,0.0
20,23,9,14,6,3.5,0.6,1.25,61.544019112722744,3,434.6,2,0.0
40,10,3,7,1,3.0,0.375,0.48387096774193544,57.33071279756875,5,348.59999999999997,2,0.0
25,13,10,3,6,2.5,2.5,1.923076923076923,55.626628641549075,3,507.0,5,0.0
19,28,16,12,7,5.25,1.2307692307692308,1.4953271028037385,70.2638254944571,4,373.4,3,0.0
32,9,5,4,3,4.25,1.0,0.574712643678161,69.93656618205928,7,385.9,0,0.0
30,12,7,5,1,3.25,1.1666666666666667,1.044776119402985,61.427511969039294,3,149.9,2,0.0
40,20,10,10,7,3.5,0.9090909090909091,1.3888888888888888,66.2825187065889,6,462.7,0,0.0
37,8,2,6,1,5.25,0.2857142857142857,0.1869158878504673,75.8172259386933,1,250.89999999999998,1,0.0
36,13,6,7,3,6.25,0.75,0.4724409448818898,72.3558346929609,5,183.0,3,0.0
31,18,14,4,9,2.75,2.8,2.456140350877193,63.23765496827338,2,233.1,2,0.0
41,22,12,10,4,3.75,1.0909090909090908,1.5584415584415585,78.11829501110772,6,243.10000000000002,4,0.0
44,15,8,7,5,3.75,1.0,1.0389610389610389,64.37074460732383,2,326.2,3,0.0
39,17,11,6,7,3.25,1.5714285714285714,1.6417910447761193,61.79795744070328,4,263.8,0,0.0
24,16,8,8,2,4.75,0.8888888888888888,0.8247422680412372,53.59005186189283,5,434.3,3,0.0
16,17,9,8,4,0.75,1.0,5.294117647058823,72.3023911726054,4,146.2,2,0.0
44,16,10,6,7,6.0,1.4285714285714286,0.819672131147541,66.57667452663394,4,150.4,1,0.0
38,2,1,1,0,2.25,0.5,0.2127659574468085,32.2913514142874,0,50.9,2,1.0
26,18,9,9,5,4.0,0.9,1.0975609756097562,81.80853926319458,7,217.39999999999998,2,0.0
40,2,1,1,0,1.25,0.5,0.37037037037037035,47.43523312945939,0,44.300000000000004,1,1.0
29,14,9,5,4,1.5,1.5,2.8125,63.142675733143335,6,511.4,1,0.0
43,6,3,3,2,2.0,0.75,0.7142857142857143,59.271249484535765,1,150.6,2,0.0
31,18,8,10,1,4.5,0.7272727272727273,0.8695652173913044,65.85437275968974,6,374.7,1,0.0
40,17,9,8,6,3.0,1.0,1.4516129032258065,60.75143833276006,5,253.0,2,0.0
19,14,4,10,2,5.0,0.36363636363636365,0.3921568627450981,68.724419778948,4,486.0,0,0.0
21,17,7,10,3,3.25,0.6363636363636364,1.044776119402985,66.28842307873389,5,225.3,1,0.0
17,9,3,6,2,1.5,0.42857142857142855,0.9375,43.96594364331143,0,139.7,1,0.0
44,22,14,8,5,3.0,1.5555555555555556,2.258064516129032,70.26710427763318,6,286.1,1,0.0
31,9,1,8,0,4.75,0.1111111111111111,0.10309278350515465,73.35710598187204,4,220.5,2,1.0
26,16,8,8,4,2.75,0.8888888888888888,1.4035087719298245,49.94579084280069,2,244.1,0,0.0
26,13,9,4,2,4.75,1.8,0.9278350515463918,76.05605293701672,8,192.4,5,0.0
22,17,8,9,1,4.25,0.8,0.9195402298850576,56.00890955933091,5,194.6,1,0.0
19,20,8,12,3,4.5,0.6153846153846154,0.8695652173913044,75.31650719594951,8,412.70000000000005,1,0.0
19,12,8,4,3,3.25,1.6,1.1940298507462686,70.34272334145423,8,372.8,4,0.0
27,8,6,2,2,3.0,2.0,0.9677419354838709,,4,218.9,1,0.0
42,16,10,6,7,5.0,1.4285714285714286,0.9803921568627452,74.74867704851091,6,424.6,5,0.0
27,18,9,9,4,5.25,0.9,0.8411214953271029,65.79068720746675,3,366.79999999999995,1,0.0
27,25,16,9,11,5.75,1.6,1.3675213675213675,74.95005645517848,4,415.1,0,0.0
28,18,7,11,5,7.75,0.5833333333333334,0.445859872611465,69.8172057154471,6,441.90000000000003,3,0.0
24,28,16,12,4,4.75,1.2307692307692308,1.6494845360824744,81.08251115829955,7,664.3000000000001,2,0.0
33,6,3,3,0,3.75,0.75,0.38961038961038963,56.09722249912411,1,246.0,3,1.0
26,8,5,3,4,3.25,1.25,0.7462686567164178,61.077425763334844,6,338.5,0,0.0
43,17,3,14,0,5.75,0.2,0.25641025641025644,74.13620121059802,2,167.4,3,1.0
29,25,13,12,6,4.75,1.0,1.3402061855670104,78.16347616944753,6,461.3,4,0.0
37,13,6,7,4,4.75,0.75,0.6185567010309279,65.55675314701861,6,536.7,3,0.0
22,28,13,15,7,6.0,0.8125,1.0655737704918034,65.05235950652148,8,228.8,5,0.0
37,6,4,2,2,1.5,1.3333333333333333,1.25,55.41390963948755,3,157.8,1,0.0
36,21,7,14,4,5.75,0.4666666666666667,0.5982905982905983,79.64298391624264,7,361.3,5,0.0
17,5,3,2,0,4.0,1.0,0.3658536585365854,60.19372281017423,3,122.7,0,1.0
36,22,12,10,5,5.5,1.0909090909090908,1.0714285714285714,77.51451422257216,2,269.2,5,0.0
37,4,4,0,3,0.5,4.0,3.3333333333333335,44.04561421997573,0,51.2,1,0.0
16,7,2,5,0,2.5,0.3333333333333333,0.3846153846153846,40.41529061423767,3,321.7,2,1.0
32,20,9,11,6,5.25,0.75,0.8411214953271029,79.20908043854898,6,420.59999999999997,4,0.0
29,9,3,6,2,0.75,0.42857142857142855,1.7647058823529411,45.685542708430916,1,91.7,1,0.0
27,17,11,6,8,3.75,1.5714285714285714,1.4285714285714286,61.09777591484493,1,266.1,6,0.0
23,5,3,2,0,1.5,1.0,0.9375,37.01642505182711,1,38.7,0,1.0
31,21,10,11,6,6.25,0.8333333333333334,0.7874015748031497,72.35043639369582,7,84.9,2,0.0
26,18,8,10,3,3.5,0.7272727272727273,1.1111111111111112,61.840741212264874,5,329.3,1,0.0
36,11,6,5,3,2.0,1.0,1.4285714285714286,64.26012554124388,5,362.40000000000003,6,0.0
27,10,6,4,0,2.5,1.2,1.1538461538461537,51.65872295400971,2,140.6,0,1.0
30,18,8,10,5,5.0,0.7272727272727273,0.7843137254901962,74.74765699404838,8,459.1,4,0.0
23,8,2,6,0,3.5,0.2857142857142857,0.2777777777777778,73.95066614404612,1,74.8,0,1.0
19,10,4,6,3,2.75,0.5714285714285714,0.7017543859649122,44.155983558557374,4,141.2,0,0.0
36,13,9,4,6,5.0,1.8,0.8823529411764707,70.44084896121797,5,370.6,3,0.0
25,19,9,10,5,5.0,0.8181818181818182,0.8823529411764707,68.15402583200155,4,311.3,1,0.0
26,11,5,6,2,4.75,0.7142857142857143,0.5154639175257733,72.09988119635605,5,300.4,4,0.0
27,12,4,8,3,1.75,0.4444444444444444,1.081081081081081,66.05395972941216,5,302.6,2,0.0
25,18,12,6,7,4.75,1.7142857142857142,1.2371134020618557,62.26254981598021,5,318.3,3,0.0
37,21,9,12,5,3.5,0.6923076923076923,1.25,61.633267771351825,4,438.5,0,0.0
18,6,5,1,2,1.75,2.5,1.3513513513513513,57.28370884624573,2,145.0,1,0.0
26,15,7,8,4,5.5,0.7777777777777778,0.625,71.79177654557832,6,295.6,1,0.0
30,15,6,9,3,6.25,0.6,0.4724409448818898,72.67874232097604,7,386.4,3,0.0
24,9,3,6,1,4.25,0.42857142857142855,0.3448275862068966,65.90036526211208,3,386.7,3,0.0
25,28,13,15,5,3.25,0.8125,1.9402985074626866,78.4729557698531,7,616.4,4,0.0
32,6,3,3,0,2.0,0.75,0.7142857142857143,57.3860256379861,1,129.9,1,1.0
27,13,5,8,3,3.75,0.5555555555555556,0.6493506493506493,80.78862893795953,6,437.0,4,0.0
43,23,13,10,4,4.25,1.1818181818181819,1.4942528735632186,73.17626021907006,7,339.6,4,0.0
44,22,15,7,7,3.0,1.875,2.4193548387096775,62.93071394698575,5,274.6,4,0.0
32,14,8,6,3,4.5,1.1428571428571428,0.8695652173913044,60.30745586254221,3,168.2,2,0.0
16,14,11,3,7,2.75,2.75,1.9298245614035088,50.58336683028901,4,258.7,2,0.0
27,11,7,4,5,2.75,1.4,1.2280701754385965,67.28885020365448,4,333.4,2,0.0
39,11,6,5,2,1.75,1.0,1.6216216216216215,69.51874773828672,6,422.8,1,0.0
17,11,2,9,1,2.25,0.2,0.425531914893617,57.25421376270256,0,131.2,0,0.0
42,10,2,8,2,3.5,0.2222222222222222,0.2777777777777778,62.33873756013907,1,234.8,1,0.0
31,22,13,9,5,4.25,1.3,1.4942528735632186,61.32939157134166,4,198.4,4,0.0
18,20,9,11,4,6.5,0.75,0.6818181818181819,70.80518457896238,8,478.70000000000005,1,0.0
29,11,7,4,3,5.0,1.4,0.6862745098039216,74.30237015269542,4,506.4,1,0.0
42,20,11,9,5,5.0,1.1,1.0784313725490198,64.28810893824961,4,546.1,2,0.0
44,18,9,9,6,2.0,0.9,2.142857142857143,61.541633952688485,4,374.1,1,0.0
30,17,9,8,2,2.5,1.0,1.7307692307692306,56.456660521672916,4,202.2,1,0.0
41,18,7,11,4,3.75,0.5833333333333334,0.9090909090909091,75.13660657205347,5,602.4,3,0.0
20,12,7,5,3,2.0,1.1666666666666667,1.6666666666666665,60.90272486021537,5,209.3,4,0.0
25,17,7,10,3,5.0,0.6363636363636364,0.6862745098039216,70.3390216789474,6,341.59999999999997,2,0.0
23,13,8,5,5,4.75,1.3333333333333333,0.8247422680412372,67.47825063768289,5,291.5,4,0.0
30,17,10,7,7,5.5,1.25,0.8928571428571429,74.82767307836977,7,272.7,2,0.0
21,18,8,10,6,5.0,0.7272727272727273,0.7843137254901962,70.810254780756,7,277.6,5,0.0
20,22,12,10,5,6.75,1.0909090909090908,0.8759124087591241,73.95790646690669,7,354.9,6,0.0
44,17,7,10,3,1.75,0.6363636363636364,1.8918918918918919,49.13479541287136,2,242.9,0,0.0
22,15,7,8,3,3.0,0.7777777777777778,1.129032258064516,60.95353416320675,3,432.8,2,0.0
28,13,7,6,3,3.0,1.0,1.129032258064516,67.39719697292456,6,214.1,1,0.0
30,12,9,3,6,3.5,2.25,1.25,53.69009277614434,4,227.70000000000002,4,0.0
30,18,9,9,2,5.0,0.9,0.8823529411764707,66.06435289937177,7,346.1,4,0.0
22,13,8,5,6,5.25,1.3333333333333333,0.7476635514018692,65.58362829557258,6,144.6,3,0.0
27,11,5,6,3,2.5,0.7142857142857143,0.9615384615384615,58.892294807841374,4,284.6,1,0.0
16,11,3,8,0,3.75,0.3333333333333333,0.38961038961038963,56.81572883821567,3,352.5,0,1.0
40,7,4,3,4,0.75,1.0,2.3529411764705883,53.401873558829095,1,197.7,2,0.0
24,19,8,11,4,6.75,0.6666666666666666,0.5839416058394161,81.97716229004482,8,613.6,5,0.0
23,8,6,2,4,2.0,2.0,1.4285714285714286,63.109418833552105,6,448.9,3,0.0
29,9,3,6,0,1.75,0.42857142857142855,0.8108108108108107,73.9676952392731,3,319.8,5,1.0
23,7,4,3,2,2.0,1.0,0.9523809523809523,56.79565813888954,4,149.2,3,0.0
27,9,5,4,1,1.5,1.0,1.5625,42.41859758678699,1,182.9,0,0.0
26,22,13,9,7,3.5,1.3,1.8055555555555556,65.78671515216317,4,210.7,3,0.0
31,17,7,10,4,4.0,0.6363636363636364,0.853658536585366,65.6635810085306,3,419.7,3,0.0
34,18,6,12,4,2.25,0.46153846153846156,1.276595744680851,63.75615816744835,6,264.5,1,0.0
30,21,10,11,1,4.5,0.8333333333333334,1.0869565217391306,72.93658273761643,5,425.1,2,0.0
25,8,3,5,2,3.0,0.5,0.48387096774193544,44.92408777002961,4,280.2,1,0.0
17,16,1,15,1,3.5,0.0625,0.1388888888888889,79.24373069600246,4,254.3,0,0.0
32,3,1,2,0,0.5,0.3333333333333333,0.8333333333333334,38.667390592111666,1,39.6,0,1.0
42,15,10,5,4,1.75,1.6666666666666667,2.7027027027027026,71.06468975732068,3,411.90000000000003,1,0.0
27,25,14,11,8,6.5,1.1666666666666667,1.0606060606060606,66.14077402871774,6,472.0,2,0.0
25,16,14,2,8,3.75,4.666666666666667,1.8181818181818181,62.13417568591332,6,292.4,3,0.0
41,26,13,13,8,7.0,0.9285714285714286,0.9154929577464789,80.50810051669964,5,455.4,4,0.0
19,7,1,6,0,6.5,0.14285714285714285,0.07575757575757576,76.56075098391229,5,259.8,0,1.0
43,14,9,5,4,2.25,1.5,1.9148936170212765,57.900941729292946,1,288.4,1,0.0
22,7,3,4,1,2.25,0.6,0.6382978723404255,44.52782861595573,0,53.1,1,0.0
40,6,4,2,4,2.75,1.3333333333333333,0.7017543859649122,55.8592847702084,2,173.5,0,0.0
32,13,4,9,4,2.75,0.4,0.7017543859649122,69.33138376670816,8,296.4,2,0.0
21,23,12,11,4,5.0,1.0,1.1764705882352942,77.18730983938516,6,482.3,6,0.0
36,19,10,9,7,4.25,1.0,1.149425287356322,65.74523151899263,7,316.7,2,0.0
34,20,9,11,6,5.25,0.75,0.8411214953271029,74.48207042182274,7,135.9,1,0.0
29,15,6,9,4,4.5,0.6,0.6521739130434783,63.5225516269166,5,263.4,2,0.0
29,11,5,6,4,2.75,0.7142857142857143,0.8771929824561403,66.2867297592617,3,382.0,2,0.0
33,16,10,6,5,4.0,1.4285714285714286,1.2195121951219514,50.72650399181633,4,239.6,1,0.0
29,22,3,19,0,4.75,0.15,0.30927835051546393,65.0166709378186,5,207.8,3,1.0
17,13,8,5,2,3.25,1.3333333333333333,1.1940298507462686,51.63810346980623,4,333.8,2,0.0
23,21,14,7,6,4.5,1.75,1.5217391304347827,82.44561315956597,7,385.09999999999997,4,0.0
26,12,6,6,2,1.5,0.8571428571428571,1.875,60.1577480041312,6,259.6,2,0.0
30,10,5,5,1,5.0,0.8333333333333334,0.4901960784313726,51.79334720898994,5,422.8,1,0.0
16,19,11,8,6,3.25,1.2222222222222223,1.6417910447761193,53.05564325933985,4,668.4,1,0.0
21,12,4,8,1,4.75,0.4444444444444444,0.4123711340206186,69.1340811688771,7,298.3,5,0.0
43,23,12,11,9,3.0,1.0,1.9354838709677418,67.63138997422416,3,347.2,2,0.0
34,12,7,5,7,1.75,1.1666666666666667,1.8918918918918919,55.37627681683318,4,394.4,3,0.0
17,27,15,12,8,5.5,1.1538461538461537,1.3392857142857144,70.04059597668206,8,400.59999999999997,5,0.0
38,18,9,9,5,4.75,0.9,0.9278350515463918,79.33173422432192,6,726.6,1,0.0
27,19,9,10,3,6.25,0.8181818181818182,0.7086614173228347,85.4400614332391,8,166.4,4,0.0
32,12,4,8,0,2.25,0.4444444444444444,0.851063829787234,57.19396230949426,3,144.20000000000002,1,1.0
19,14,10,4,5,2.25,2.0,2.127659574468085,58.08201386441861,3,236.7,1,0.0
23,12,4,8,4,3.75,0.4444444444444444,0.5194805194805194,54.826245904875606,1,188.9,2,0.0
38,3,2,1,2,2.5,1.0,0.3846153846153846,43.03822895400125,0,154.5,1,0.0
32,9,4,5,2,3.25,0.6666666666666666,0.5970149253731343,62.70291601224997,1,114.5,2,0.0
28,21,11,10,4,5.75,1.0,0.9401709401709403,82.86216062600862,6,185.1,3,0.0
24,12,4,8,2,4.75,0.4444444444444444,0.4123711340206186,63.41768085715233,4,255.10000000000002,0,0.0
43,14,6,8,2,5.25,0.6666666666666666,0.5607476635514019,72.04049334206485,4,324.2,4,0.0
39,11,4,7,2,1.75,0.5,1.081081081081081,54.19594933330897,4,181.70000000000002,0,0.0
38,21,12,9,7,4.25,1.2,1.3793103448275863,73.0616385582234,5,464.9,5,0.0
37,19,6,13,4,3.5,0.42857142857142855,0.8333333333333333,75.04338454582117,6,369.0,0,0.0
40,13,6,7,2,3.25,0.75,0.8955223880597015,51.48316712133067,2,334.0,1,0.0
28,13,6,7,1,5.0,0.75,0.5882352941176471,73.89789115948032,5,444.5,3,0.0
37,21,11,10,6,4.75,1.0,1.1340206185567012,57.711501881769436,5,376.3,4,0.0
43,16,9,7,3,3.25,1.125,1.3432835820895521,52.14631858915647,2,193.2,1,0.0
20,15,5,10,2,3.5,0.45454545454545453,0.6944444444444444,75.47238150014469,4,391.6,4,0.0
30,3,2,1,2,2.5,1.0,0.3846153846153846,52.60636277476465,2,151.4,1,0.0
31,10,5,5,1,2.75,0.8333333333333334,0.8771929824561403,67.0948497034331,4,217.1,0,0.0
36,6,2,4,0,1.75,0.4,0.5405405405405405,33.25669801001979,1,202.9,1,1.0
18,26,13,13,8,4.5,0.9285714285714286,1.4130434782608696,82.07149103862494,8,677.7,6,0.0
32,16,4,12,3,4.25,0.3076923076923077,0.4597701149425288,62.32110565691901,2,289.9,2,0.0
33,23,9,14,4,5.5,0.6,0.8035714285714286,81.80462772988783,7,384.7,5,0.0
37,20,9,11,3,2.5,0.75,1.7307692307692306,62.11990750796669,5,231.0,3,0.0
38,6,1,5,0,1.75,0.16666666666666666,0.27027027027027023,,0,53.199999999999996,1,1.0
22,23,10,13,4,2.75,0.7142857142857143,1.7543859649122806,51.381711094442075,2,362.3,3,0.0
40,6,3,3,2,4.0,0.75,0.3658536585365854,74.94423140676034,3,148.1,1,0.0
20,16,7,9,3,4.25,0.7,0.8045977011494253,63.85945081074464,7,239.4,3,0.0
40,17,10,7,7,5.75,1.25,0.8547008547008548,73.73248258625686,7,473.2,6,0.0
33,31,14,17,8,6.75,0.7777777777777778,1.0218978102189782,80.98483742206926,6,340.8,7,0.0
31,20,10,10,5,5.5,0.9090909090909091,0.8928571428571429,78.68216308323179,6,433.6,3,0.0
32,11,4,7,4,2.75,0.5,0.7017543859649122,50.76167659821925,3,238.9,0,0.0
44,11,9,2,6,4.75,3.0,0.9278350515463918,68.45432116817076,6,191.5,1,0.0
22,15,3,12,0,2.75,0.23076923076923078,0.5263157894736842,75.23515281374459,5,509.00000000000006,2,1.0
30,20,12,8,5,5.75,1.3333333333333333,1.0256410256410258,80.34357793408655,6,382.2,9,0.0
31,6,4,2,2,1.0,1.3333333333333333,1.8181818181818181,51.25005534456482,1,125.2,2,0.0
39,5,2,3,0,1.75,0.5,0.5405405405405405,,0,87.4,3,1.0
29,15,6,9,1,1.25,0.6,2.222222222222222,,1,243.0,4,0.0
18,12,6,6,4,1.25,0.8571428571428571,2.222222222222222,43.64251236639732,3,177.6,3,0.0
18,24,12,12,5,4.5,0.9230769230769231,1.3043478260869565,66.6411785469911,6,450.5,1,0.0
30,11,6,5,0,5.25,1.0,0.5607476635514019,57.45311131327051,4,243.3,2,1.0
37,10,5,5,1,3.5,0.8333333333333334,0.6944444444444444,66.46474157556919,4,195.5,2,0.0
40,11,8,3,5,3.75,2.0,1.0389610389610389,55.62045237541311,5,211.5,1,0.0
27,18,11,7,4,3.75,1.375,1.4285714285714286,64.81862407897293,6,287.0,2,0.0
39,4,2,2,0,1.5,0.6666666666666666,0.625,53.916100086591904,3,151.7,1,1.0
25,15,7,8,4,6.75,0.7777777777777778,0.5109489051094891,76.54663492789528,7,763.1,5,0.0
23,11,4,7,2,3.25,0.5,0.5970149253731343,51.14489552383268,4,307.7,3,0.0
21,19,9,10,5,3.25,0.8181818181818182,1.3432835820895521,62.72371517942051,3,350.0,3,0.0
28,16,5,11,2,3.0,0.4166666666666667,0.8064516129032258,62.940576475771266,5,258.2,1,0.0
37,18,9,9,4,5.25,0.9,0.8411214953271029,46.53386634442184,3,222.0,2,0.0
42,10,3,7,2,2.0,0.375,0.7142857142857143,47.189550911363334,1,117.6,0,0.0
40,6,4,2,2,2.5,1.3333333333333333,0.7692307692307692,56.23214918992098,0,96.8,1,0.0
25,26,11,15,6,6.75,0.6875,0.8029197080291971,66.05892486111927,7,538.8,6,0.0
25,6,3,3,1,1.75,0.75,0.8108108108108107,48.32284257321197,0,206.8,4,0.0
29,22,12,10,5,5.25,1.0909090909090908,1.1214953271028039,66.71711497383204,5,173.8,0,0.0
41,15,6,9,4,1.5,0.6,1.875,62.615238969389296,5,205.9,2,0.0
30,23,10,13,6,4.25,0.7142857142857143,1.149425287356322,67.14860311192245,6,748.9,5,0.0
42,22,12,10,6,4.75,1.0909090909090908,1.2371134020618557,73.40767664764354,4,385.9,2,0.0
31,16,8,8,3,3.5,0.8888888888888888,1.1111111111111112,58.808554308609665,4,514.1,1,0.0
21,5,1,4,0,3.5,0.2,0.1388888888888889,54.555263941656975,3,151.7,1,1.0
22,22,14,8,7,5.25,1.5555555555555556,1.3084112149532712,70.9357188963327,7,515.4,2,0.0
43,13,3,10,1,5.25,0.2727272727272727,0.28037383177570097,43.94070098418814,2,356.5,0,0.0
32,27,15,12,10,3.75,1.1538461538461537,1.948051948051948,85.06481111804841,8,442.0,3,0.0
31,17,8,9,5,4.75,0.8,0.8247422680412372,70.92100845945347,7,374.3,2,0.0
34,18,12,6,7,6.25,1.7142857142857142,0.9448818897637796,73.64733104555867,5,304.9,4,0.0
42,17,11,6,5,4.25,1.5714285714285714,1.264367816091954,61.42201831790912,6,124.1,3,0.0
44,6,2,4,1,2.0,0.4,0.47619047619047616,58.56439124839568,2,177.7,1,0.0
29,11,7,4,4,3.0,1.4,1.129032258064516,67.71645797935555,1,320.0,0,0.0
37,10,5,5,4,2.0,0.8333333333333334,1.1904761904761905,33.30675186944758,1,113.0,2,0.0
21,24,11,13,4,4.25,0.7857142857142857,1.264367816091954,73.39758186156354,7,299.5,3,0.0
21,16,11,5,4,5.25,1.8333333333333333,1.0280373831775702,65.88281085916877,7,306.9,4,0.0
19,4,2,2,1,2.0,0.6666666666666666,0.47619047619047616,60.79956845825304,3,214.1,2,0.0
40,13,4,9,1,4.25,0.4,0.4597701149425288,53.63946206120881,2,119.8,2,0.0
44,11,6,5,1,2.5,1.0,1.1538461538461537,47.20431513839225,1,87.0,1,0.0
22,11,4,7,3,3.25,0.5,0.5970149253731343,63.08577555783272,1,314.40000000000003,3,0.0
22,18,9,9,4,6.0,0.9,0.7377049180327869,64.09970624283555,6,343.2,5,0.0
31,16,8,8,4,4.25,0.8888888888888888,0.9195402298850576,67.43505252528608,5,377.3,3,0.0
23,18,12,6,7,3.25,1.7142857142857142,1.791044776119403,49.914569960206876,5,130.3,3,0.0
34,24,14,10,9,3.5,1.2727272727272727,1.9444444444444444,68.29701456376627,2,419.1,2,0.0
25,9,6,3,2,2.0,1.5,1.4285714285714286,53.79819426210202,3,112.80000000000001,3,0.0
32,28,17,11,8,5.25,1.4166666666666667,1.5887850467289721,77.42595889470563,6,476.9,5,0.0
41,15,6,9,3,5.25,0.6,0.5607476635514019,71.249438800547,5,447.5,2,0.0
19,22,14,8,7,4.75,1.5555555555555556,1.4432989690721651,73.99555690318648,6,304.5,2,0.0
35,1,1,0,0,1.75,1.0,0.27027027027027023,62.67113641957832,0,96.4,1,1.0
37,7,2,5,1,2.5,0.3333333333333333,0.3846153846153846,54.69983514233376,0,246.6,0,0.0
44,10,8,2,4,2.5,2.6666666666666665,1.5384615384615383,71.58931896039532,1,189.0,4,0.0
16,23,15,8,9,5.75,1.6666666666666667,1.2820512820512822,57.835294997504306,3,158.3,3,0.0
26,15,8,7,3,3.75,1.0,1.0389610389610389,61.011200897731385,6,231.6,2,0.0
28,10,7,3,3,5.75,1.75,0.5982905982905983,71.70751212810252,5,324.2,4,0.0
31,20,11,9,3,4.25,1.1,1.264367816091954,72.58684693113227,6,672.1,3,0.0
25,15,2,13,1,4.5,0.14285714285714285,0.2173913043478261,81.64209633105354,4,291.6,3,0.0
40,6,4,2,2,1.5,1.3333333333333333,1.25,51.16093130369742,3,147.8,2,0.0
22,11,3,8,1,3.25,0.3333333333333333,0.44776119402985076,58.0334417255881,1,159.4,1,0.0
17,15,8,7,3,3.0,1.0,1.2903225806451613,60.061602534291616,4,323.4,2,0.0
33,8,1,7,0,3.0,0.125,0.16129032258064516,85.43526039284919,3,220.7,1,1.0
44,17,6,11,2,2.25,0.5,1.276595744680851,64.59995840475226,3,174.1,5,0.0
38,9,8,1,3,1.5,4.0,2.5,42.97868864761875,3,141.3,1,0.0
16,10,4,6,2,2.5,0.5714285714285714,0.7692307692307692,62.075153418636944,2,217.9,0,0.0
25,11,6,5,2,2.5,1.0,1.1538461538461537,54.2964604233025,1,193.1,2,0.0
38,7,3,4,0,1.25,0.6,1.111111111111111,50.57888624229814,6,428.0,3,1.0
21,5,2,3,1,1.5,0.5,0.625,46.582179707121554,2,89.3,2,0.0
26,8,4,4,3,2.5,0.8,0.7692307692307692,55.3251975350149,4,362.3,0,0.0
39,10,5,5,1,2.75,0.8333333333333334,0.8771929824561403,60.07364305894521,3,195.7,2,0.0
33,7,4,3,1,3.5,1.0,0.5555555555555556,56.71829082352061,3,287.6,0,0.0
22,25,16,9,9,5.25,1.6,1.4953271028037385,81.21414627487533,6,665.8000000000001,4,0.0
27,13,6,7,2,5.0,0.75,0.5882352941176471,72.2974774608047,5,355.0,3,0.0
33,17,9,8,4,3.5,1.0,1.25,64.18812003693361,7,202.2,3,0.0
24,21,10,11,6,6.25,0.8333333333333334,0.7874015748031497,79.67870609876125,7,408.6,6,0.0
21,4,3,1,1,2.5,1.5,0.5769230769230769,38.703443738499026,1,137.0,3,0.0
28,23,15,8,8,5.5,1.6666666666666667,1.3392857142857144,72.23450656779923,7,409.6,5,0.0
31,16,12,4,7,3.25,2.4,1.791044776119403,64.15713858195113,5,304.2,2,0.0
43,23,13,10,7,4.25,1.1818181818181819,1.4942528735632186,77.88028538009353,6,531.4,4,0.0
34,23,11,12,4,6.25,0.8461538461538461,0.8661417322834646,80.94932862481052,6,353.2,1,0.0
32,23,12,11,7,4.75,1.0,1.2371134020618557,60.23612925082361,5,601.6,5,0.0
26,20,10,10,4,2.75,0.9090909090909091,1.7543859649122806,64.15137928629164,7,616.9,1,0.0
34,5,2,3,2,0.5,0.5,1.6666666666666667,45.766066514047786,3,169.5,1,0.0
43,14,7,7,5,4.25,0.875,0.8045977011494253,72.81348772744548,7,329.8,2,0.0
26,5,1,4,0,1.25,0.2,0.37037037037037035,43.07627955960761,1,78.5,1,1.0
39,14,3,11,3,3.5,0.25,0.41666666666666663,71.4247233991306,6,353.9,3,0.0
43,29,16,13,7,6.5,1.1428571428571428,1.2121212121212122,66.14752478629748,6,323.8,4,0.0
36,6,4,2,3,2.25,1.3333333333333333,0.851063829787234,41.51290089000766,1,84.1,0,0.0
25,20,7,13,2,4.5,0.5,0.7608695652173914,67.41554774085125,5,238.3,2,0.0
33,15,6,9,1,4.25,0.6,0.6896551724137931,69.41694041847,6,233.39999999999998,2,0.0
35,13,8,5,4,2.5,1.3333333333333333,1.5384615384615383,52.52116340096425,2,153.5,2,0.0
18,2,1,1,0,2.5,0.5,0.1923076923076923,37.8257943830713,2,130.7,0,1.0
16,11,3,8,3,2.0,0.3333333333333333,0.7142857142857143,40.876972179370185,2,178.9,2,0.0
17,19,11,8,3,5.0,1.2222222222222223,1.0784313725490198,79.33196426504556,5,261.4,1,0.0
29,17,9,8,4,5.0,1.0,0.8823529411764707,68.6327842772439,5,395.9,3,0.0
18,8,4,4,2,1.75,0.8,1.081081081081081,49.598992805876804,1,146.7,2,0.0
37,7,2,5,1,5.5,0.3333333333333333,0.17857142857142858,75.6471371922352,4,161.3,2,0.0
22,19,9,10,5,3.75,0.8181818181818182,1.1688311688311688,70.13967140607829,4,292.2,3,0.0
32,6,1,5,0,2.0,0.16666666666666666,0.23809523809523808,57.080926392647534,2,131.4,0,1.0
16,9,4,5,1,1.75,0.6666666666666666,1.081081081081081,44.78798853774785,4,96.5,0,0.0
17,15,6,9,4,2.75,0.6,1.0526315789473684,73.53848846266912,6,193.5,2,0.0
42,12,6,6,4,1.75,0.8571428571428571,1.6216216216216215,71.27184839965122,4,235.7,0,0.0
39,14,8,6,4,0.75,1.1428571428571428,4.705882352941177,54.53410748493488,2,100.2,1,0.0
39,16,6,10,4,4.25,0.5454545454545454,0.6896551724137931,78.89111262636067,6,389.7,3,0.0
29,15,6,9,6,1.75,0.6,1.6216216216216215,58.29889930265165,4,407.3,1,0.0
36,16,11,5,8,3.25,1.8333333333333333,1.6417910447761193,66.77297010473708,4,337.0,2,0.0
40,20,11,9,6,4.0,1.1,1.3414634146341464,81.02607700981972,6,553.2,1,0.0
31,6,2,4,1,5.5,0.4,0.17857142857142858,68.71007157366266,4,468.29999999999995,0,0.0
24,11,6,5,2,2.5,1.0,1.1538461538461537,63.92837264846389,2,309.4,5,0.0
30,25,14,11,8,4.25,1.1666666666666667,1.6091954022988506,71.62061884890014,8,666.1,3,0.0
37,15,10,5,5,6.0,1.6666666666666667,0.819672131147541,70.18520257618431,7,359.59999999999997,7,0.0
18,25,11,14,7,5.25,0.7333333333333333,1.0280373831775702,73.5896066925824,7,425.7,3,0.0
36,12,2,10,1,3.25,0.18181818181818182,0.29850746268656714,69.46834343973853,3,229.8,0,0.0
42,13,6,7,3,3.0,0.75,0.9677419354838709,60.12018924839218,6,183.5,1,0.0
33,3,2,1,1,1.0,1.0,0.9090909090909091,34.95939272600114,0,49.7,0,0.0
44,22,12,10,5,4.75,1.0909090909090908,1.2371134020618557,65.80412870719614,5,304.4,3,0.0
22,21,12,9,5,5.0,1.2,1.1764705882352942,75.0833422268414,6,405.0,1,0.0
25,18,4,14,1,3.25,0.26666666666666666,0.5970149253731343,70.71059015880432,7,273.20000000000005,4,0.0
34,18,14,4,9,7.0,2.8,0.9859154929577465,85.57017210648957,8,785.5,1,0.0
21,6,3,3,1,2.0,0.75,0.7142857142857143,51.57922370332068,5,172.0,1,0.0
35,2,1,1,1,1.0,0.5,0.45454545454545453,44.11602903870923,3,91.9,2,0.0
42,20,10,10,6,3.25,0.9090909090909091,1.4925373134328357,66.65466795755731,2,200.3,3,0.0
39,11,1,10,0,3.25,0.09090909090909091,0.14925373134328357,70.63955364859315,3,327.8,1,1.0
32,8,2,6,0,1.75,0.2857142857142857,0.5405405405405405,66.94275083010965,1,82.0,0,1.0
44,7,4,3,2,3.75,1.0,0.5194805194805194,69.65992574138669,4,328.5,3,0.0
21,17,8,9,3,5.5,0.8,0.7142857142857143,64.5478162786146,7,301.3,2,0.0
36,21,13,8,9,4.5,1.4444444444444444,1.4130434782608696,71.82403196580765,8,162.29999999999998,2,0.0
33,7,2,5,0,2.5,0.3333333333333333,0.3846153846153846,55.62768060514716,3,146.3,1,1.0
21,8,3,5,1,2.25,0.5,0.6382978723404255,57.5742061659049,2,161.0,2,0.0
44,12,6,6,3,4.0,0.8571428571428571,0.7317073170731708,52.811879257526755,3,298.40000000000003,1,0.0
34,12,8,4,3,5.0,1.6,0.7843137254901962,67.03245101994703,4,353.9,2,0.0
43,26,9,17,9,6.0,0.5,0.7377049180327869,73.57822476085639,7,767.7,10,0.0
29,9,4,5,0,3.25,0.6666666666666666,0.5970149253731343,42.399461839245774,2,162.0,0,1.0
21,12,9,3,6,3.75,2.25,1.1688311688311688,63.95356113007236,5,463.1,2,0.0
21,23,12,11,5,6.5,1.0,0.9090909090909092,91.43262810806266,8,484.5,2,0.0
36,5,1,4,0,3.5,0.2,0.1388888888888889,59.196166548002,3,166.6,1,1.0
37,10,1,9,0,5.0,0.1,0.09803921568627452,59.38446445358974,1,121.9,0,1.0
36,27,7,20,0,3.75,0.3333333333333333,0.9090909090909091,78.49664162283997,4,410.3,3,1.0
44,17,13,4,6,7.75,2.6,0.8280254777070064,70.82275291102401,7,309.8,6,0.0
31,14,8,6,2,3.5,1.1428571428571428,1.1111111111111112,51.23321681012609,4,158.0,2,0.0
44,11,4,7,3,3.0,0.5,0.6451612903225806,55.226845182471926,4,177.1,2,0.0
20,12,6,6,0,4.5,0.8571428571428571,0.6521739130434783,81.49535086299225,4,380.3,0,1.0
27,20,10,10,4,2.25,0.9090909090909091,2.127659574468085,54.54627655149919,3,118.89999999999999,2,0.0
26,15,9,6,2,5.75,1.2857142857142858,0.7692307692307693,78.86092525801635,6,538.5,6,0.0
18,14,7,7,4,4.25,0.875,0.8045977011494253,64.35958445681335,3,438.7,2,0.0
29,9,3,6,2,3.0,0.42857142857142855,0.48387096774193544,64.32687679404557,4,269.0,4,0.0
25,6,2,4,0,3.25,0.4,0.29850746268656714,72.03080202050926,2,350.0,2,1.0
26,11,8,3,3,3.75,2.0,1.0389610389610389,56.0500611066571,2,213.1,2,0.0
28,17,11,6,8,3.75,1.5714285714285714,1.4285714285714286,67.16556673253129,6,209.8,2,0.0
30,3,1,2,0,3.25,0.3333333333333333,0.14925373134328357,54.14143021725726,1,50.0,0,1.0
28,15,6,9,4,4.0,0.6,0.7317073170731708,85.17376907184655,5,352.7,1,0.0
27,23,14,9,8,3.75,1.4,1.8181818181818181,73.43901266653504,7,185.4,3,0.0
33,14,9,5,3,3.75,1.5,1.1688311688311688,73.70810534757452,5,445.2,2,0.0
41,13,5,8,1,4.75,0.5555555555555556,0.5154639175257733,52.619651083630416,4,395.2,3,0.0
28,16,6,10,3,4.0,0.5454545454545454,0.7317073170731708,78.34491580489886,5,373.3,6,0.0
41,15,7,8,3,4.5,0.7777777777777778,0.7608695652173914,68.7936905850826,6,210.5,2,0.0
29,4,1,3,0,0.5,0.25,0.8333333333333334,34.05450357650015,3,45.8,0,1.0
26,20,6,14,2,2.75,0.4,1.0526315789473684,73.77151243752077,6,534.8000000000001,1,0.0
18,9,4,5,3,1.75,0.6666666666666666,1.081081081081081,55.96313457969564,1,158.7,1,0.0
19,16,7,9,5,2.75,0.7,1.2280701754385965,65.34641779127816,6,157.8,3,0.0
30,19,10,9,5,5.25,1.0,0.9345794392523366,71.18135163251623,5,507.1,4,0.0
43,9,3,6,2,6.0,0.42857142857142855,0.24590163934426232,74.19667051393148,4,353.8,1,0.0
37,24,19,5,7,4.75,3.1666666666666665,1.9587628865979383,79.89868265397456,7,396.4,3,0.0
35,18,9,9,6,5.25,0.9,0.8411214953271029,77.81564123614133,8,985.2,2,0.0
25,15,6,9,2,6.25,0.6,0.4724409448818898,67.15700426648189,6,504.3,2,0.0
32,21,12,9,7,6.0,1.2,0.9836065573770493,88.52106468729612,8,264.5,3,0.0
24,16,8,8,4,6.25,0.8888888888888888,0.6299212598425197,63.54292430426731,8,346.2,2,0.0
26,8,3,5,1,4.0,0.5,0.3658536585365854,61.34129894663769,5,158.4,0,0.0
43,9,7,2,4,2.25,2.3333333333333335,1.4893617021276595,56.7987529132374,2,175.8,1,0.0
39,18,5,13,1,3.5,0.35714285714285715,0.6944444444444444,63.71007928221038,6,389.3,2,0.0
23,23,11,12,5,5.0,0.8461538461538461,1.0784313725490198,64.2563769078261,5,388.6,2,0.0
22,12,4,8,3,4.25,0.4444444444444444,0.4597701149425288,51.856252861402105,5,208.79999999999998,5,0.0
28,21,12,9,9,5.5,1.2,1.0714285714285714,61.15605064280115,8,553.4,4,0.0
26,16,12,4,4,5.0,2.4,1.1764705882352942,58.56453426898969,4,201.1,4,0.0
17,11,6,5,2,3.25,1.0,0.8955223880597015,67.42772260664556,5,374.1,2,0.0
21,23,9,14,4,5.0,0.6,0.8823529411764707,79.19868587105339,6,320.7,2,0.0
29,4,4,0,0,1.5,4.0,1.25,46.207309231071235,2,97.9,0,1.0
42,13,8,5,4,6.0,1.3333333333333333,0.6557377049180328,77.04188977585385,4,226.0,4,0.0
43,20,14,6,5,4.75,2.0,1.4432989690721651,69.89950863302369,5,451.40000000000003,2,0.0
28,10,5,5,2,1.0,0.8333333333333334,2.2727272727272725,55.200171313389056,2,237.39999999999998,2,0.0
24,9,7,2,3,1.75,2.3333333333333335,1.8918918918918919,39.056488228297525,1,139.7,1,0.0
34,9,6,3,2,2.0,1.5,1.4285714285714286,63.05227830460052,2,192.1,1,0.0
31,10,3,7,1,3.0,0.375,0.48387096774193544,54.741432544873106,4,319.8,2,0.0
21,7,3,4,2,4.0,0.6,0.3658536585365854,46.83544679300331,5,271.8,3,0.0
32,20,8,12,5,3.75,0.6153846153846154,1.0389610389610389,66.29315569100524,5,352.9,4,0.0
35,9,1,8,1,5.0,0.1111111111111111,0.09803921568627452,57.16733914684756,5,136.3,3,0.0
27,14,7,7,3,4.25,0.875,0.8045977011494253,77.23492010503044,6,347.3,3,0.0
44,13,4,9,2,4.0,0.4,0.48780487804878053,60.81731262076226,2,176.4,1,0.0
29,15,9,6,6,4.5,1.2857142857142858,0.9782608695652175,58.87303737146469,6,209.6,3,0.0
37,5,5,0,4,0.5,5.0,4.166666666666667,55.98758952140827,0,135.5,0,0.0
34,18,7,11,1,3.5,0.5833333333333334,0.9722222222222222,66.50953003406543,7,444.79999999999995,3,0.0
25,14,8,6,3,4.5,1.1428571428571428,0.8695652173913044,57.369525818094715,6,318.3,3,0.0
25,16,8,8,3,5.25,0.8888888888888888,0.7476635514018692,60.451213333193074,6,320.4,2,0.0
21,7,4,3,2,1.75,1.0,1.081081081081081,65.34637416333004,2,256.3,3,0.0
38,28,13,15,6,7.0,0.8125,0.9154929577464789,76.93886228512106,8,681.4,7,0.0
22,10,6,4,4,2.5,1.2,1.1538461538461537,52.25111315132648,4,158.9,1,0.0
33,22,11,11,5,4.5,0.9166666666666666,1.1956521739130437,72.01352997053671,6,147.0,1,0.0
40,7,1,6,1,2.75,0.14285714285714285,0.17543859649122806,66.49083204002201,3,188.2,2,0.0
40,21,14,7,7,5.5,1.75,1.25,87.92155334300902,8,469.7,3,0.0
27,21,12,9,5,5.25,1.2,1.1214953271028039,69.47543133434877,5,434.0,1,0.0
31,19,9,10,6,6.25,0.8181818181818182,0.7086614173228347,82.17435449535685,7,402.5,3,0.0
40,14,5,9,5,4.0,0.5,0.6097560975609757,57.24934197055251,5,355.5,2,0.0
44,3,3,0,2,1.0,3.0,1.3636363636363635,,1,124.19999999999999,0,0.0
42,16,4,12,3,4.0,0.3076923076923077,0.48780487804878053,70.71519934638808,7,229.6,2,0.0
28,17,6,11,2,2.25,0.5,1.276595744680851,74.77743570606336,4,396.9,2,0.0
36,6,3,3,1,2.5,0.75,0.5769230769230769,59.15864908961834,2,232.7,2,0.0
24,28,16,12,6,6.5,1.2307692307692308,1.2121212121212122,81.6202436017943,5,346.7,2,0.0
28,16,5,11,0,4.5,0.4166666666666667,0.5434782608695653,62.00904689077178,5,296.3,0,1.0
27,11,5,6,4,4.0,0.7142857142857143,0.6097560975609757,57.7822927594248,6,417.70000000000005,3,0.0
28,16,8,8,3,3.75,0.8888888888888888,1.0389610389610389,57.05611964868078,5,276.5,2,0.0
25,25,13,12,6,1.75,1.0,3.513513513513513,65.75882361806445,3,385.8,0,0.0
16,10,7,3,5,2.75,1.75,1.2280701754385965,64.24317230296383,1,158.6,3,0.0
25,17,10,7,6,2.75,1.25,1.7543859649122806,72.0300308259633,6,213.1,4,0.0
44,20,7,13,2,6.5,0.5,0.5303030303030303,70.7121083499591,6,370.1,2,0.0
41,18,7,11,3,5.25,0.5833333333333334,0.6542056074766356,79.77515748050347,7,358.6,3,0.0
23,19,10,9,4,4.75,1.0,1.0309278350515465,83.73957318557079,4,231.8,2,0.0
37,11,8,3,2,4.25,2.0,0.9195402298850576,68.1630696242243,5,409.3,2,0.0
18,17,9,8,6,5.25,1.0,0.8411214953271029,68.94637969628033,6,191.6,4,0.0
33,11,6,5,1,1.75,1.0,1.6216216216216215,59.78476748999825,4,176.6,2,0.0
31,22,10,12,4,4.75,0.7692307692307693,1.0309278350515465,70.58992740744378,6,394.1,1,0.0
20,19,11,8,7,4.5,1.2222222222222223,1.1956521739130437,64.71879104074414,6,449.3,0,0.0
19,26,13,13,6,3.75,0.9285714285714286,1.6883116883116882,70.2359304780803,6,597.9,2,0.0
26,20,9,11,7,5.75,0.75,0.7692307692307693,73.04460214212422,6,599.3,4,0.0
29,10,4,6,1,1.5,0.5714285714285714,1.25,67.09925212835921,1,174.7,4,0.0
43,11,4,7,1,4.75,0.5,0.4123711340206186,61.430611910456555,5,204.4,2,0.0
44,15,7,8,4,6.25,0.7777777777777778,0.5511811023622047,67.94183110704714,6,576.2,4,0.0
28,10,7,3,3,5.0,1.75,0.6862745098039216,56.31702807318883,6,507.3,2,0.0
30,8,2,6,1,3.75,0.2857142857142857,0.2597402597402597,65.01161959286406,2,230.4,4,0.0
43,28,15,13,7,5.25,1.0714285714285714,1.4018691588785048,77.45465219929679,6,421.5,5,0.0
42,8,4,4,1,1.75,0.8,1.081081081081081,56.0832775800593,3,358.5,3,0.0
40,8,5,3,1,1.25,1.25,1.8518518518518516,61.95380665019821,1,110.3,1,0.0
25,13,9,4,8,4.25,1.8,1.0344827586206897,72.85586495605043,5,350.0,5,0.0
40,19,8,11,4,4.25,0.6666666666666666,0.9195402298850576,74.53460929896666,5,389.7,2,0.0
34,2,1,1,0,1.25,0.5,0.37037037037037035,61.65364675345623,0,143.4,0,1.0
19,21,7,14,3,4.25,0.4666666666666667,0.8045977011494253,66.70493021460045,2,328.3,3,0.0
22,13,10,3,3,2.25,2.5,2.127659574468085,53.28104173789819,1,249.3,2,0.0
20,23,12,11,4,4.0,1.0,1.4634146341463417,67.07684429284754,5,264.8,2,0.0
31,18,6,12,2,4.25,0.46153846153846156,0.6896551724137931,71.88375282390474,3,278.0,3,0.0
28,13,5,8,0,3.5,0.5555555555555556,0.6944444444444444,51.54865888077558,4,191.9,2,1.0
24,21,9,12,6,3.25,0.6923076923076923,1.3432835820895521,62.19502148471602,4,221.20000000000002,1,0.0
20,20,13,7,6,4.75,1.625,1.3402061855670104,58.76709068580361,4,226.7,4,0.0
33,23,9,14,3,4.25,0.6,1.0344827586206897,71.44267115877834,6,778.5,3,0.0
18,22,9,13,3,3.25,0.6428571428571429,1.3432835820895521,71.67402381540055,6,205.8,3,0.0
30,17,10,7,8,4.25,1.25,1.149425287356322,60.9344630916049,8,336.0,4,0.0
32,21,15,6,8,4.0,2.142857142857143,1.829268292682927,74.66084268867732,7,279.7,2,0.0
39,17,2,15,0,6.75,0.125,0.14598540145985403,93.9749092175382,3,225.6,2,1.0
28,14,9,5,6,2.5,1.5,1.7307692307692306,70.71823031416227,7,455.20000000000005,2,0.0
37,6,1,5,1,1.5,0.16666666666666666,0.3125,46.4961893159416,4,178.70000000000002,1,0.0
36,20,13,7,9,4.5,1.625,1.4130434782608696,77.04566250231649,5,562.1,1,0.0
30,11,6,5,3,2.75,1.0,1.0526315789473684,63.13581026724981,2,128.3,3,0.0
18,13,5,8,3,1.75,0.5555555555555556,1.3513513513513513,60.179942538133524,2,191.0,2,0.0
17,19,9,10,6,4.0,0.8181818181818182,1.0975609756097562,64.81845859960048,5,235.8,3,0.0
26,5,2,3,0,2.75,0.5,0.3508771929824561,54.64329482745271,2,188.3,2,1.0
38,9,1,8,1,3.75,0.1111111111111111,0.12987012987012986,76.33117066365931,3,247.3,3,0.0
25,4,2,2,1,2.0,0.6666666666666666,0.47619047619047616,55.32057072285599,2,201.5,1,0.0
17,15,8,7,4,4.0,1.0,0.9756097560975611,65.74276847019745,5,550.3000000000001,4,0.0
35,3,2,1,2,2.25,1.0,0.425531914893617,46.72962966293761,0,101.4,1,0.0
28,14,4,10,4,2.5,0.36363636363636365,0.7692307692307692,57.49193275194999,3,622.0,3,0.0
36,17,8,9,2,4.0,0.8,0.9756097560975611,61.09549149841778,5,342.7,4,0.0
28,13,7,6,5,5.5,1.0,0.625,65.77761504195183,3,501.5,5,0.0
35,14,7,7,3,3.5,0.875,0.9722222222222222,50.12334756078939,6,235.7,3,0.0
22,11,5,6,0,4.75,0.7142857142857143,0.5154639175257733,59.02298777396647,4,283.0,4,1.0
33,10,5,5,1,3.0,0.8333333333333334,0.8064516129032258,55.16545793763777,4,211.8,3,0.0
35,13,5,8,4,3.25,0.5555555555555556,0.7462686567164178,72.22235019352956,1,161.3,1,0.0
36,12,7,5,3,4.25,1.1666666666666667,0.8045977011494253,85.88243063009618,5,619.3,2,0.0
21,11,2,9,0,3.25,0.2,0.29850746268656714,68.2113084734201,2,361.40000000000003,1,1.0
27,19,9,10,5,5.25,0.8181818181818182,0.8411214953271029,72.13197471986913,6,657.3,1,0.0
24,3,1,2,0,0.75,0.3333333333333333,0.5882352941176471,45.21747601264293,1,67.9,0,1.0
39,14,6,8,4,3.0,0.6666666666666666,0.9677419354838709,61.793020263072435,4,236.5,3,0.0
42,6,3,3,1,0.75,0.75,1.7647058823529411,32.494236950463915,0,167.7,0,0.0
23,16,11,5,6,3.5,1.8333333333333333,1.5277777777777777,74.30385587069767,6,292.2,2,0.0
41,6,1,5,0,1.25,0.16666666666666666,0.37037037037037035,53.783190768811465,1,171.9,2,1.0
38,9,4,5,0,2.75,0.6666666666666666,0.7017543859649122,58.145357943033574,4,450.4,1,1.0
25,17,3,14,1,4.25,0.2,0.3448275862068966,80.502335603463,3,202.2,2,0.0
34,18,11,7,5,3.5,1.375,1.5277777777777777,73.84154931123793,5,509.8,5,0.0
35,6,2,4,0,4.75,0.4,0.2061855670103093,62.91973652362801,6,239.7,3,1.0
26,25,15,10,8,5.0,1.3636363636363635,1.4705882352941178,65.83098426148028,6,344.8,2,0.0
22,32,14,18,6,5.75,0.7368421052631579,1.1965811965811965,74.28850175353152,6,515.4,3,0.0
17,9,7,2,3,1.75,2.3333333333333335,1.8918918918918919,51.34502538720096,1,180.9,1,0.0
26,6,3,3,0,4.0,0.75,0.3658536585365854,64.67645992894116,2,102.1,2,1.0
16,14,8,6,4,1.5,1.1428571428571428,2.5,55.72656240152986,2,290.6,3,0.0
16,7,5,2,3,1.75,1.6666666666666667,1.3513513513513513,58.167744791991375,1,130.9,1,0.0
18,7,1,6,1,2.0,0.14285714285714285,0.23809523809523808,39.00651676379878,2,189.3,0,0.0
38,14,8,6,2,5.0,1.1428571428571428,0.7843137254901962,68.05117598352601,5,502.8,2,0.0
44,11,5,6,5,2.75,0.7142857142857143,0.8771929824561403,54.79482097555415,4,191.8,1,0.0
18,18,12,6,3,2.0,1.7142857142857142,2.857142857142857,60.71941734920598,2,308.8,1,0.0
44,23,11,12,4,5.25,0.8461538461538461,1.0280373831775702,76.27077218512963,7,293.2,5,0.0
40,10,5,5,2,2.0,0.8333333333333334,1.1904761904761905,59.51834400885048,3,174.1,1,0.0
37,29,19,10,10,8.5,1.7272727272727273,1.1046511627906976,71.12504960045344,7,746.0,0,0.0
34,2,1,1,1,0.5,0.5,0.8333333333333334,44.241575849726665,1,104.9,1,0.0
27,10,4,6,0,2.25,0.5714285714285714,0.851063829787234,55.55125306779585,4,130.0,2,1.0
22,9,3,6,1,3.0,0.42857142857142855,0.48387096774193544,59.27857507290997,2,172.1,0,0.0
21,15,9,6,5,4.5,1.2857142857142858,0.9782608695652175,75.20318546293356,7,293.0,5,0.0
37,4,2,2,2,3.0,0.6666666666666666,0.3225806451612903,55.74405246087182,4,154.9,0,0.0
36,21,10,11,7,4.5,0.8333333333333334,1.0869565217391306,71.26459447815415,6,288.2,1,0.0
27,16,9,7,5,5.0,1.125,0.8823529411764707,72.26833806838842,6,376.8,2,0.0
23,13,7,6,5,3.0,1.0,1.129032258064516,58.92386424560712,4,303.0,2,0.0
43,13,7,6,4,5.0,1.0,0.6862745098039216,72.61759375833861,4,316.5,1,0.0
44,11,6,5,2,3.0,1.0,0.9677419354838709,56.972278352074966,4,174.4,1,0.0
22,18,11,7,5,3.0,1.375,1.7741935483870968,60.45952865351037,4,166.1,0,0.0
39,14,4,10,1,2.25,0.36363636363636365,0.851063829787234,58.34440331876278,3,221.4,1,0.0
28,21,7,14,4,2.5,0.4666666666666667,1.346153846153846,83.37645741167421,6,315.7,7,0.0
36,11,5,6,3,3.75,0.7142857142857143,0.6493506493506493,66.59429617308027,4,217.3,1,0.0
19,11,5,6,5,4.5,0.7142857142857143,0.5434782608695653,61.0450801953782,5,556.9,0,0.0
29,20,11,9,5,4.5,1.1,1.1956521739130437,73.59917476325796,5,399.0,2,0.0
19,19,10,9,5,3.5,1.0,1.3888888888888888,69.79608003065667,4,221.7,2,0.0
36,23,14,9,5,4.75,1.4,1.4432989690721651,65.24234323745779,7,464.9,3,0.0
43,11,3,8,0,3.5,0.3333333333333333,0.41666666666666663,51.085700245048066,3,288.2,0,1.0
25,23,15,8,8,3.5,1.6666666666666667,2.0833333333333335,69.1704095562961,6,594.4,2,0.0
35,10,5,5,2,3.25,0.8333333333333334,0.7462686567164178,54.0488540037412,4,322.8,0,0.0
30,19,10,9,6,3.5,1.0,1.3888888888888888,71.67295090468139,8,811.7,2,0.0
27,1,1,0,1,0.0,1.0,5.0,43.85135119152151,0,50.8,0,0.0
38,5,2,3,1,0.75,0.5,1.1764705882352942,,0,72.7,1,0.0
39,12,4,8,1,2.75,0.4444444444444444,0.7017543859649122,68.76000415574427,4,345.1,4,0.0
37,5,1,4,0,3.25,0.2,0.14925373134328357,43.88158018005844,3,123.9,0,1.0
36,17,8,9,5,6.0,0.8,0.6557377049180328,70.54833043102552,7,349.2,0,0.0
42,25,13,12,6,4.0,1.0,1.5853658536585367,68.09595083137411,7,361.4,1,0.0
26,26,16,10,7,5.25,1.4545454545454546,1.4953271028037385,87.91934886118443,6,217.89999999999998,4,0.0
23,6,2,4,0,4.0,0.4,0.24390243902439027,55.683500282338855,5,155.4,0,1.0
22,7,3,4,2,0.5,0.6,2.5,40.68071497539165,2,255.5,0,0.0
42,23,10,13,7,5.5,0.7142857142857143,0.8928571428571429,74.09798858545236,5,516.7,5,0.0
34,10,4,6,4,3.25,0.5714285714285714,0.5970149253731343,49.23216643352571,1,246.4,3,0.0
19,25,13,12,7,3.25,1.0,1.9402985074626866,71.43624210923842,6,648.6,2,0.0
40,20,12,8,6,6.0,1.3333333333333333,0.9836065573770493,62.05001205729069,4,228.6,1,0.0
20,19,8,11,6,7.0,0.6666666666666666,0.5633802816901409,67.98769633567039,6,280.7,1,0.0
33,13,9,4,6,3.25,1.8,1.3432835820895521,54.902976595028434,1,133.5,0,0.0
41,5,1,4,0,0.25,0.2,1.4285714285714286,37.158782691262054,0,59.4,0,1.0
33,12,7,5,5,4.75,1.1666666666666667,0.7216494845360826,68.70862712620952,6,388.0,2,0.0
35,13,5,8,2,2.0,0.5555555555555556,1.1904761904761905,69.01180101725193,4,258.7,1,0.0
22,16,4,12,2,3.25,0.3076923076923077,0.5970149253731343,78.89277131817288,4,313.9,1,0.0
34,10,7,3,5,5.5,1.75,0.625,64.37370250966825,4,156.7,5,0.0
16,12,6,6,4,3.0,0.8571428571428571,0.9677419354838709,68.28731898872113,2,284.5,2,0.0
37,9,5,4,3,3.75,1.0,0.6493506493506493,61.95028385430051,4,207.1,2,0.0
39,15,8,7,4,2.75,1.0,1.4035087719298245,73.45586527965254,5,357.0,5,0.0
16,6,4,2,3,2.5,1.3333333333333333,0.7692307692307692,53.32414168717406,4,197.4,1,0.0
42,15,9,6,3,2.75,1.2857142857142858,1.5789473684210527,49.188857813673515,5,405.8,4,0.0
28,21,10,11,0,5.25,0.8333333333333334,0.9345794392523366,73.79825211731361,4,176.3,4,1.0
31,20,10,10,5,3.25,0.9090909090909091,1.4925373134328357,82.67164105498395,7,579.2,3,0.0
32,4,2,2,0,3.5,0.6666666666666666,0.2777777777777778,63.751530277653615,4,228.5,3,1.0
27,20,11,9,5,6.5,1.1,0.8333333333333334,70.62115118011626,6,710.8000000000001,3,0.0
37,10,3,7,2,3.5,0.375,0.41666666666666663,59.00574903875094,4,497.6,2,0.0
22,14,8,6,3,3.25,1.1428571428571428,1.1940298507462686,59.33645696335015,5,362.0,2,0.0
33,4,1,3,1,1.5,0.25,0.3125,60.50632077971304,1,46.400000000000006,2,0.0
19,9,5,4,2,2.25,1.0,1.0638297872340425,54.32257510586735,2,77.8,0,0.0
23,16,10,6,5,5.25,1.4285714285714286,0.9345794392523366,68.55124769318782,6,338.4,1,0.0
42,10,8,2,2,4.0,2.6666666666666665,0.9756097560975611,57.572410338177065,5,241.3,3,0.0
40,12,8,4,6,1.75,1.6,2.162162162162162,43.389156101104675,1,195.6,1,0.0
35,18,11,7,8,4.75,1.375,1.1340206185567012,63.68348258741745,5,489.5,1,0.0
44,16,9,7,5,3.5,1.125,1.25,57.63158762834456,4,210.4,1,0.0
23,18,10,8,6,4.25,1.1111111111111112,1.149425287356322,79.98196055120191,6,535.0,1,0.0
17,9,2,7,1,2.25,0.25,0.425531914893617,44.61524106112519,1,166.3,0,0.0
43,13,5,8,2,1.75,0.5555555555555556,1.3513513513513513,66.89848933734686,5,223.2,1,0.0
35,21,8,13,3,5.25,0.5714285714285714,0.7476635514018692,76.39675887828493,5,447.3,6,0.0
19,10,2,8,2,2.25,0.2222222222222222,0.425531914893617,55.09499298550119,2,152.1,0,0.0
34,16,10,6,6,3.0,1.4285714285714286,1.6129032258064515,57.49391290440789,5,143.0,1,0.0
34,20,10,10,6,5.0,0.9090909090909091,0.9803921568627452,78.35999588661139,7,591.1999999999999,5,0.0
24,21,13,8,6,3.5,1.4444444444444444,1.8055555555555556,54.29549986488337,4,151.9,2,0.0
41,11,7,4,4,1.25,1.4,2.5925925925925926,40.79576376893871,2,95.6,3,0.0
43,16,9,7,5,4.5,1.125,0.9782608695652175,57.88997956927821,5,295.7,2,0.0
22,23,10,13,7,4.25,0.7142857142857143,1.149425287356322,73.12455944531783,8,378.6,2,0.0
42,12,5,7,1,5.25,0.625,0.4672897196261683,62.508609290002376,4,206.79999999999998,2,0.0
16,13,7,6,5,2.5,1.0,1.346153846153846,69.37751932199816,5,247.6,0,0.0
30,17,8,9,1,4.0,0.8,0.9756097560975611,76.84585285306427,4,514.3,2,0.0
20,15,7,8,0,3.0,0.7777777777777778,1.129032258064516,66.22577370711291,2,196.9,2,1.0
28,3,1,2,0,2.75,0.3333333333333333,0.17543859649122806,43.14686235388296,0,27.4,1,1.0
16,16,4,12,2,4.75,0.3076923076923077,0.4123711340206186,62.50910737325251,7,612.5,2,0.0
20,2,1,1,0,0.5,0.5,0.8333333333333334,,0,46.9,3,1.0
27,20,8,12,5,3.5,0.6153846153846154,1.1111111111111112,87.73399727247119,6,227.20000000000002,5,0.0
17,10,3,7,1,3.0,0.375,0.48387096774193544,57.31003045260003,4,157.0,2,0.0
32,15,8,7,3,3.25,1.0,1.1940298507462686,69.50572972459608,6,292.1,1,0.0
29,22,8,14,4,4.5,0.5333333333333333,0.8695652173913044,58.33630064869606,7,220.4,4,0.0
40,15,5,10,1,4.75,0.45454545454545453,0.5154639175257733,64.6073592139306,4,249.6,2,0.0
29,22,8,14,5,4.0,0.5333333333333333,0.9756097560975611,71.50609420212024,6,178.70000000000002,2,0.0
38,18,9,9,4,6.5,0.9,0.6818181818181819,59.76313860244078,6,238.7,6,0.0
36,25,7,18,5,2.5,0.3684210526315789,1.346153846153846,58.9840849181214,4,389.70000000000005,4,0.0
23,21,10,11,8,3.5,0.8333333333333334,1.3888888888888888,72.83581485213534,6,357.5,2,0.0
30,8,3,5,3,2.75,0.5,0.5263157894736842,60.570344810210095,2,323.4,4,0.0
20,15,10,5,5,2.75,1.6666666666666667,1.7543859649122806,61.6300139227196,3,219.2,3,0.0
27,6,4,2,1,3.0,1.3333333333333333,0.6451612903225806,78.19089210034726,4,281.2,0,0.0
39,14,8,6,3,4.75,1.1428571428571428,0.8247422680412372,82.66483318945798,5,133.5,7,0.0
40,4,2,2,0,2.25,0.6666666666666666,0.425531914893617,59.936998802006116,3,98.0,1,1.0
25,21,12,9,4,4.5,1.2,1.3043478260869565,62.95041214107532,4,373.2,0,0.0
39,20,10,10,4,4.0,0.9090909090909091,1.2195121951219514,65.6079546735923,6,299.5,2,0.0
18,14,7,7,2,3.75,0.875,0.9090909090909091,56.36851825224745,4,480.4,2,0.0
44,14,6,8,2,1.25,0.6666666666666666,2.222222222222222,59.647140025200365,2,134.1,0,0.0
38,3,2,1,2,1.0,1.0,0.9090909090909091,33.082097095536554,1,129.2,1,0.0
36,17,10,7,5,4.5,1.25,1.0869565217391306,62.76686275654214,2,219.70000000000002,2,0.0
30,8,6,2,3,2.0,2.0,1.4285714285714286,62.66699921608525,2,196.1,2,0.0
41,15,9,6,5,3.75,1.2857142857142858,1.1688311688311688,73.53295004602649,6,650.8,4,0.0
41,11,6,5,4,1.75,1.0,1.6216216216216215,55.379882995746435,4,260.8,3,0.0
41,13,8,5,2,4.5,1.3333333333333333,0.8695652173913044,60.51280262211289,5,340.5,4,0.0
24,11,5,6,2,4.0,0.7142857142857143,0.6097560975609757,65.37241961685177,6,203.9,4,0.0
28,21,10,11,4,3.75,0.8333333333333334,1.2987012987012987,61.84280522715684,6,466.7,4,0.0
34,18,11,7,6,3.25,1.375,1.6417910447761193,71.83568675473617,6,299.4,0,0.0
21,23,8,15,5,6.5,0.5,0.6060606060606061,83.48387644706003,5,255.7,4,0.0
23,19,11,8,5,3.5,1.2222222222222223,1.5277777777777777,74.29913881898894,4,625.3,5,0.0
29,15,7,8,6,2.25,0.7777777777777778,1.4893617021276595,61.69036130084412,4,267.0,1,0.0
17,24,11,13,8,7.25,0.7857142857142857,0.7482993197278912,63.75264095815897,7,386.0,5,0.0
42,12,4,8,1,3.0,0.4444444444444444,0.6451612903225806,56.12176001303975,7,183.9,2,0.0
22,13,10,3,4,2.75,2.5,1.7543859649122806,61.82321560786017,4,103.5,2,0.0
18,12,6,6,2,4.5,0.8571428571428571,0.6521739130434783,65.43485439853328,6,370.7,6,0.0
31,22,10,12,6,4.5,0.7692307692307693,1.0869565217391306,82.05475963411055,7,530.1,8,0.0
42,13,4,9,3,4.75,0.4,0.4123711340206186,62.910767943460385,4,408.0,3,0.0
16,13,7,6,2,3.0,1.0,1.129032258064516,62.15514822051016,5,312.7,2,0.0
42,15,10,5,5,6.5,1.6666666666666667,0.7575757575757576,73.03383918813267,5,322.3,3,0.0
41,21,12,9,4,3.5,1.2,1.6666666666666665,83.05782784214949,8,274.5,2,0.0
20,18,9,9,5,4.25,0.9,1.0344827586206897,88.73597726626153,7,550.5,2,0.0
34,19,10,9,3,4.5,1.0,1.0869565217391306,68.06478251378914,4,457.5,3,0.0
40,9,5,4,2,0.75,1.0,2.9411764705882355,56.25779272270099,4,225.3,1,0.0
35,29,14,15,7,5.75,0.875,1.1965811965811965,74.08639875603482,8,366.9,4,0.0
29,19,12,7,6,6.75,1.5,0.8759124087591241,76.57106550499033,5,851.2,5,0.0
34,12,6,6,1,3.0,0.8571428571428571,0.9677419354838709,69.241510763075,5,265.1,0,0.0
40,15,9,6,6,5.0,1.2857142857142858,0.8823529411764707,61.58812054637881,4,572.1,1,0.0
42,6,3,3,1,2.25,0.75,0.6382978723404255,60.29083912507877,1,141.2,1,0.0
25,26,12,14,6,3.25,0.8,1.791044776119403,68.97718020858373,4,719.8,2,0.0
16,18,8,10,5,3.25,0.7272727272727273,1.1940298507462686,64.06752299687079,5,299.0,1,0.0
19,12,5,7,3,4.5,0.625,0.5434782608695653,62.71179687052353,3,236.39999999999998,2,0.0
34,10,6,4,2,3.75,1.2,0.7792207792207793,61.86512374454012,2,234.0,2,0.0
35,24,13,11,11,3.0,1.0833333333333333,2.096774193548387,51.11051333412586,5,359.6,2,0.0
32,9,5,4,3,3.0,1.0,0.8064516129032258,67.2827108211924,5,318.6,2,0.0
19,11,4,7,3,3.5,0.5,0.5555555555555556,61.382310034042256,5,207.9,10,0.0
24,8,3,5,3,4.0,0.5,0.3658536585365854,55.5798381850565,5,311.7,2,0.0
33,20,11,9,5,8.25,1.1,0.6586826347305389,73.91302657672856,7,323.0,1,0.0
27,13,8,5,1,3.0,1.3333333333333333,1.2903225806451613,63.102601310139946,2,346.3,1,0.0
34,33,17,16,6,5.5,1.0,1.517857142857143,87.36292343723986,7,500.4,4,0.0
25,16,10,6,5,5.0,1.4285714285714286,0.9803921568627452,74.12430905601644,4,465.4,2,0.0
33,14,8,6,6,4.75,1.1428571428571428,0.8247422680412372,67.21909285803297,6,343.8,2,0.0
24,19,11,8,6,3.75,1.2222222222222223,1.4285714285714286,74.36662921528799,7,387.3,6,0.0
24,25,10,15,5,5.5,0.625,0.8928571428571429,68.6478143863625,6,397.3,5,0.0
21,20,10,10,6,6.25,0.9090909090909091,0.7874015748031497,81.03329047035642,7,475.8,6,0.0
39,19,6,13,2,1.25,0.42857142857142855,2.222222222222222,53.649916326522046,3,159.2,0,0.0
43,16,5,11,2,3.5,0.4166666666666667,0.6944444444444444,74.63721519744566,4,322.0,3,0.0
33,7,5,2,5,2.5,1.6666666666666667,0.9615384615384615,44.994514304602625,4,286.3,2,0.0
43,3,2,1,0,1.5,1.0,0.625,55.913294881254195,2,120.39999999999999,0,1.0
35,11,5,6,4,4.75,0.7142857142857143,0.5154639175257733,60.333436821447464,3,291.09999999999997,6,0.0
24,24,8,16,2,5.5,0.47058823529411764,0.7142857142857143,73.23809717280484,7,326.5,3,0.0
34,21,14,7,3,5.0,1.75,1.3725490196078431,73.58001954935544,8,191.7,6,0.0
23,20,11,9,7,6.5,1.1,0.8333333333333334,70.40764103315756,5,298.4,5,0.0
18,12,7,5,2,2.75,1.1666666666666667,1.2280701754385965,64.87511754244782,2,233.8,1,0.0
37,20,11,9,6,6.0,1.1,0.9016393442622951,82.48071077576131,6,414.8,3,0.0
33,19,7,12,2,3.25,0.5384615384615384,1.044776119402985,71.78341305461748,0,428.7,2,0.0
25,15,11,4,5,4.25,2.2,1.264367816091954,56.68889439108157,3,556.1,2,0.0
26,14,7,7,3,5.75,0.875,0.5982905982905983,56.51936284289224,4,299.8,1,0.0
33,14,8,6,4,4.5,1.1428571428571428,0.8695652173913044,44.33449363277605,3,464.7,2,0.0
44,19,10,9,6,5.25,1.0,0.9345794392523366,65.09949892892325,6,283.5,2,0.0
32,20,9,11,2,4.0,0.75,1.0975609756097562,62.205906525195424,4,160.9,1,0.0
43,17,9,8,6,4.5,1.0,0.9782608695652175,71.36724932977418,7,116.4,1,0.0
39,23,14,9,10,3.25,1.4,2.08955223880597,62.55386600645575,5,336.4,3,0.0
38,11,5,6,4,3.25,0.7142857142857143,0.7462686567164178,66.66748004813542,3,305.59999999999997,4,0.0
23,10,8,2,4,3.25,2.6666666666666665,1.1940298507462686,55.901744028818314,1,110.0,1,0.0
44,6,1,5,1,1.25,0.16666666666666666,0.37037037037037035,58.47082332254561,2,150.5,1,0.0
42,16,7,9,4,4.75,0.7,0.7216494845360826,61.17604718056649,5,284.1,2,0.0
33,13,9,4,4,5.25,1.8,0.8411214953271029,65.36381468425638,5,528.0,4,0.0
36,16,9,7,3,5.25,1.125,0.8411214953271029,83.62308088706763,6,348.3,1,0.0
41,5,1,4,1,5.0,0.2,0.09803921568627452,68.70903886527074,6,88.5,3,0.0
31,15,5,10,0,5.75,0.45454545454545453,0.4273504273504274,62.027350013742385,5,279.8,5,1.0
17,4,1,3,0,2.25,0.25,0.2127659574468085,52.764501472218825,1,113.9,0,1.0
18,12,7,5,0,4.75,1.1666666666666667,0.7216494845360826,70.60002655249019,4,233.7,4,1.0
28,13,4,9,2,4.5,0.4,0.4347826086956522,66.5742992285503,3,219.39999999999998,2,0.0
16,19,10,9,5,4.0,1.0,1.2195121951219514,63.592625515276474,4,595.8,1,0.0
39,19,5,14,2,4.25,0.3333333333333333,0.574712643678161,71.86727639165734,6,299.2,4,0.0
17,13,6,7,0,2.75,0.75,1.0526315789473684,55.06736001886484,1,333.0,2,1.0
38,20,9,11,3,4.75,0.75,0.9278350515463918,74.39747992985252,6,304.3,2,0.0
31,20,11,9,6,4.5,1.1,1.1956521739130437,69.4818102469018,4,246.6,1,0.0
35,12,4,8,3,3.25,0.4444444444444444,0.5970149253731343,53.38515159187388,5,250.5,2,0.0
16,7,1,6,0,2.75,0.14285714285714285,0.17543859649122806,76.11302937810828,2,125.0,1,1.0
28,17,10,7,4,2.5,1.25,1.923076923076923,70.6744573013124,5,465.5,1,0.0
28,20,12,8,7,3.0,1.3333333333333333,1.9354838709677418,65.0133788792999,5,299.1,2,0.0
20,5,2,3,1,2.75,0.5,0.3508771929824561,47.320988544143965,0,246.1,0,0.0
35,19,10,9,7,4.5,1.0,1.0869565217391306,71.62537363928901,5,343.4,1,0.0
24,16,2,14,0,4.25,0.13333333333333333,0.2298850574712644,74.62732267392467,3,512.9,1,1.0
30,6,3,3,0,1.25,0.75,1.111111111111111,56.3259058453247,1,107.1,2,1.0
30,5,1,4,0,2.0,0.2,0.23809523809523808,48.65117499645905,0,66.1,1,1.0
36,9,3,6,1,4.25,0.42857142857142855,0.3448275862068966,66.23397641171786,4,93.7,1,0.0
36,24,12,12,5,8.75,0.9230769230769231,0.6779661016949153,80.4212758226227,8,203.4,4,0.0
16,4,1,3,0,2.75,0.25,0.17543859649122806,51.96000343823911,1,233.8,2,1.0
38,3,2,1,1,2.5,1.0,0.3846153846153846,47.99926809622478,2,127.6,0,0.0
28,21,8,13,5,6.75,0.5714285714285714,0.5839416058394161,86.46146781930321,7,781.5,4,0.0
37,29,11,18,6,6.5,0.5789473684210527,0.8333333333333334,78.26583837403405,6,407.6,6,0.0
18,16,6,10,4,5.25,0.5454545454545454,0.5607476635514019,75.69803688911476,6,653.8,3,0.0
31,21,14,7,6,3.75,1.75,1.8181818181818181,61.12431483984275,7,227.6,0,0.0
16,18,10,8,4,2.5,1.1111111111111112,1.923076923076923,65.49395385317189,6,473.5,0,0.0
20,19,8,11,6,4.5,0.6666666666666666,0.8695652173913044,71.17438189092394,5,427.4,6,0.0
18,22,6,16,3,2.5,0.35294117647058826,1.1538461538461537,66.79687529306797,4,249.7,2,0.0
23,16,9,7,4,6.5,1.125,0.6818181818181819,84.6745060788475,4,493.0,4,0.0
43,18,10,8,7,3.5,1.1111111111111112,1.3888888888888888,68.37325068644647,3,197.4,5,0.0
44,18,7,11,4,2.25,0.5833333333333334,1.4893617021276595,89.12055390087114,6,569.6,0,0.0
22,17,5,12,3,4.0,0.38461538461538464,0.6097560975609757,76.29911406743217,5,185.3,3,0.0
21,17,9,8,7,5.25,1.0,0.8411214953271029,69.80662457883889,5,319.5,4,0.0
22,18,9,9,4,3.25,0.9,1.3432835820895521,60.088750649962634,6,254.0,2,0.0
20,6,3,3,1,3.0,0.75,0.48387096774193544,57.466901106426135,2,266.0,1,0.0
20,29,13,16,8,6.5,0.7647058823529411,0.9848484848484849,70.18193528114993,6,445.7,2,0.0
22,10,7,3,3,5.0,1.75,0.6862745098039216,73.74142021048698,5,394.0,1,0.0
40,17,10,7,7,3.75,1.25,1.2987012987012987,64.11234545004054,5,329.5,5,0.0
34,13,6,7,2,3.5,0.75,0.8333333333333333,46.989802820413665,2,323.0,0,0.0
19,20,11,9,4,2.75,1.1,1.9298245614035088,70.71419057778631,5,458.2,4,0.0
40,18,10,8,5,2.75,1.1111111111111112,1.7543859649122806,69.02997421413663,5,330.0,4,0.0
38,19,10,9,4,5.5,1.0,0.8928571428571429,77.58831042235974,7,758.3,1,0.0
25,17,10,7,4,2.75,1.25,1.7543859649122806,52.75580483761923,4,424.4,9,0.0
25,29,17,12,10,3.75,1.3076923076923077,2.207792207792208,75.05153844936967,7,419.6,4,0.0
25,25,7,18,3,5.5,0.3684210526315789,0.625,75.6254457130797,6,485.9,3,0.0
29,10,7,3,5,3.0,1.75,1.129032258064516,56.902323014245155,3,207.5,5,0.0
28,14,7,7,7,5.5,0.875,0.625,75.18182325827242,5,459.8,1,0.0
35,14,9,5,2,3.5,1.5,1.25,67.51682577728653,5,281.2,1,0.0
29,15,10,5,7,5.25,1.6666666666666667,0.9345794392523366,69.69472355406359,3,175.2,3,0.0
38,18,12,6,5,6.5,1.7142857142857142,0.9090909090909092,66.45191570264198,5,464.6,2,0.0
29,9,2,7,0,2.25,0.25,0.425531914893617,51.84459193334931,3,218.0,4,1.0
24,20,11,9,3,4.5,1.1,1.1956521739130437,62.41582975656944,5,324.8,5,0.0
25,25,14,11,9,4.0,1.1666666666666667,1.707317073170732,63.95708577218751,7,324.0,1,0.0
20,17,10,7,1,3.0,1.25,1.6129032258064515,66.22661174818823,4,450.3,1,0.0
24,14,6,8,3,3.0,0.6666666666666666,0.9677419354838709,56.43644574655549,3,270.4,2,0.0
19,15,6,9,3,2.25,0.6,1.276595744680851,47.82417935483542,6,204.29999999999998,6,0.0
38,23,11,12,7,2.5,0.8461538461538461,2.1153846153846154,70.04415243697149,4,201.20000000000002,1,0.0
23,2,1,1,1,1.0,0.5,0.45454545454545453,32.89667548810258,0,148.7,0,0.0
42,21,8,13,5,8.5,0.5714285714285714,0.46511627906976744,74.9093179734518,7,518.2,4,0.0
23,11,5,6,2,6.5,0.7142857142857143,0.3787878787878788,55.25358902836456,7,192.5,5,0.0
19,22,13,9,6,5.25,1.3,1.2149532710280375,68.78826462500606,5,190.5,1,0.0
18,23,12,11,4,5.75,1.0,1.0256410256410258,65.39724509851295,5,349.6,2,0.0
34,19,7,12,2,3.75,0.5384615384615384,0.9090909090909091,65.37875710270708,3,483.3,0,0.0
34,5,2,3,1,0.25,0.5,2.857142857142857,,1,61.6,1,0.0
21,14,6,8,4,3.5,0.6666666666666666,0.8333333333333333,62.68889313153574,4,262.6,2,0.0
41,12,6,6,2,4.75,0.8571428571428571,0.6185567010309279,62.74995059848888,7,362.9,1,0.0
24,22,6,16,3,3.0,0.35294117647058826,0.9677419354838709,74.88023099220969,3,499.4,2,0.0
33,25,14,11,9,4.0,1.1666666666666667,1.707317073170732,62.997570975573865,6,212.3,4,0.0
33,22,10,12,6,4.0,0.7692307692307693,1.2195121951219514,68.94709286264242,5,190.9,0,0.0
37,10,2,8,1,3.5,0.2222222222222222,0.2777777777777778,53.143330852205544,1,298.6,1,0.0
42,18,7,11,4,2.5,0.5833333333333334,1.346153846153846,56.75997932078996,3,424.0,2,0.0
41,12,7,5,3,5.0,1.1666666666666667,0.6862745098039216,55.08693550884231,4,250.60000000000002,3,0.0
26,7,4,3,1,6.0,1.0,0.3278688524590164,73.42047305727385,5,357.8,4,0.0
21,15,5,10,2,2.25,0.45454545454545453,1.0638297872340425,45.69201655620722,2,181.7,2,0.0
44,3,2,1,0,1.0,1.0,0.9090909090909091,36.94860594301049,1,121.4,0,1.0
41,10,6,4,1,3.75,1.2,0.7792207792207793,58.53572535870696,3,311.8,0,0.0
39,24,10,14,3,6.5,0.6666666666666666,0.7575757575757576,78.33172930766784,5,636.9,5,0.0
22,22,5,17,3,5.25,0.2777777777777778,0.4672897196261683,74.55354227714236,6,473.70000000000005,4,0.0
23,13,5,8,2,1.5,0.5555555555555556,1.5625,57.38441347901204,3,259.2,4,0.0
31,11,5,6,4,2.75,0.7142857142857143,0.8771929824561403,61.52383460440058,2,246.0,1,0.0
37,8,1,7,0,1.0,0.125,0.45454545454545453,52.5423685423638,0,104.7,0,1.0
37,24,14,10,4,3.0,1.2727272727272727,2.258064516129032,72.56694073739712,3,402.90000000000003,4,0.0
16,4,1,3,0,4.0,0.25,0.12195121951219513,60.41922564597481,2,78.9,2,1.0
34,15,8,7,4,3.5,1.0,1.1111111111111112,80.98512005300493,2,286.9,2,0.0
25,3,1,2,0,2.0,0.3333333333333333,0.23809523809523808,54.80948193449909,0,75.10000000000001,0,1.0
24,7,1,6,1,0.75,0.14285714285714285,0.5882352941176471,29.867330133727748,0,51.8,0,0.0
39,17,8,9,2,2.25,0.8,1.702127659574468,63.07871727113081,5,248.2,5,0.0
26,21,6,15,3,2.5,0.375,1.1538461538461537,68.98276741828646,6,402.9,0,0.0
17,19,11,8,5,4.25,1.2222222222222223,1.264367816091954,68.07562005845519,7,258.2,4,0.0
27,19,14,5,9,5.25,2.3333333333333335,1.3084112149532712,59.59980639769077,5,306.9,2,0.0
30,11,3,8,2,3.25,0.3333333333333333,0.44776119402985076,64.15438021856087,3,336.9,0,0.0
20,16,7,9,1,4.75,0.7,0.7216494845360826,66.97627666195469,3,167.1,5,0.0
41,14,6,8,3,4.5,0.6666666666666666,0.6521739130434783,79.42048801190535,4,358.40000000000003,4,0.0
17,13,6,7,4,2.5,0.75,1.1538461538461537,61.184322127500025,4,167.0,1,0.0
44,21,13,8,6,5.25,1.4444444444444444,1.2149532710280375,81.25483522607486,6,242.5,1,0.0
25,11,5,6,3,3.25,0.7142857142857143,0.7462686567164178,63.60627985034541,5,157.0,2,0.0
44,9,2,7,2,1.75,0.25,0.5405405405405405,48.72702420603177,3,166.3,0,0.0
21,17,10,7,4,2.25,1.25,2.127659574468085,73.59129260955021,5,312.6,1,0.0
34,9,1,8,0,3.5,0.1111111111111111,0.1388888888888889,64.70772241132273,3,355.2,3,1.0
38,22,11,11,9,6.5,0.9166666666666666,0.8333333333333334,72.03810218591293,6,264.5,9,0.0
40,18,10,8,3,8.0,1.1111111111111112,0.617283950617284,70.13973598651906,6,480.5,3,0.0
36,18,8,10,5,6.5,0.7272727272727273,0.6060606060606061,64.63394229757968,6,483.9,5,0.0
35,13,6,7,3,3.25,0.75,0.8955223880597015,65.85062964690322,8,467.2,2,0.0
34,6,2,4,1,2.5,0.4,0.3846153846153846,40.05139494904227,3,242.79999999999998,1,0.0
40,10,4,6,1,4.0,0.5714285714285714,0.48780487804878053,54.27705105009193,3,232.9,0,0.0
40,19,8,11,6,3.25,0.6666666666666666,1.1940298507462686,60.7909667103092,4,138.4,2,0.0
42,12,6,6,0,4.25,0.8571428571428571,0.6896551724137931,50.14854155350954,3,150.1,2,1.0
20,11,7,4,3,5.5,1.4,0.625,61.07254122223018,2,315.5,4,0.0
31,26,15,11,8,5.25,1.25,1.4018691588785048,68.59221348073204,8,211.10000000000002,3,0.0
34,23,13,10,5,4.5,1.1818181818181819,1.4130434782608696,68.88135504461614,8,443.1,3,0.0
43,18,7,11,1,4.5,0.5833333333333334,0.7608695652173914,67.20331949110968,5,454.3,4,0.0
32,11,6,5,3,3.0,1.0,0.9677419354838709,59.27475286683846,3,295.0,1,0.0
20,20,8,12,3,5.5,0.6153846153846154,0.7142857142857143,63.48654783977309,7,431.6,0,0.0
25,25,14,11,5,3.75,1.1666666666666667,1.8181818181818181,75.29041312178006,8,513.1,2,0.0
28,15,5,10,2,3.5,0.45454545454545453,0.6944444444444444,57.97003148165939,4,125.2,3,0.0
19,23,12,11,8,6.0,1.0,0.9836065573770493,81.14399362032026,8,289.1,6,0.0
29,13,3,10,0,5.5,0.2727272727272727,0.26785714285714285,48.462884258383866,3,218.0,1,1.0
34,15,8,7,4,4.0,1.0,0.9756097560975611,74.33448609345247,5,348.4,6,0.0
28,23,12,11,6,5.5,1.0,1.0714285714285714,62.09478631544391,8,320.70000000000005,1,0.0
36,16,8,8,3,5.75,0.8888888888888888,0.6837606837606838,64.18784095628476,2,135.9,2,0.0
20,8,4,4,2,2.75,0.8,0.7017543859649122,40.90277151917962,5,258.9,3,0.0
22,16,8,8,3,2.75,0.8888888888888888,1.4035087719298245,62.26538960773957,4,393.70000000000005,3,0.0
42,3,1,2,1,1.25,0.3333333333333333,0.37037037037037035,42.292109478048324,2,191.4,2,0.0
18,22,12,10,6,5.25,1.0909090909090908,1.1214953271028039,51.47590072515058,5,389.4,3,0.0
24,8,3,5,0,3.25,0.5,0.44776119402985076,69.86529248521543,4,191.1,3,1.0
40,4,2,2,1,0.5,0.6666666666666666,1.6666666666666667,56.50565338091883,2,93.2,0,0.0
41,6,3,3,1,1.5,0.75,0.9375,48.94366574623235,1,72.5,1,0.0
34,19,8,11,2,3.75,0.6666666666666666,1.0389610389610389,76.65128295077534,4,262.7,1,0.0
33,17,5,12,4,3.5,0.38461538461538464,0.6944444444444444,70.80951621417105,3,268.6,3,0.0
28,18,11,7,6,4.0,1.375,1.3414634146341464,75.591103031803,6,389.9,6,0.0
33,16,8,8,4,3.5,0.8888888888888888,1.1111111111111112,64.96309675040987,5,371.7,3,0.0
18,15,6,9,3,3.75,0.6,0.7792207792207793,56.55847544993917,4,265.8,1,0.0
17,10,5,5,3,3.0,0.8333333333333334,0.8064516129032258,60.49807265144826,2,139.8,2,0.0
41,22,10,12,4,5.5,0.7692307692307693,0.8928571428571429,71.22156196215404,4,259.6,1,0.0
44,18,8,10,2,3.75,0.7272727272727273,1.0389610389610389,69.69833245054379,5,344.59999999999997,2,0.0
25,22,16,6,10,5.0,2.2857142857142856,1.5686274509803924,65.74471506490387,5,274.9,1,0.0
26,21,9,12,5,4.75,0.6923076923076923,0.9278350515463918,71.63238346337933,5,383.0,1,0.0
23,17,9,8,3,3.5,1.0,1.25,60.34286223887303,3,418.9,1,0.0
34,20,10,10,5,5.25,0.9090909090909091,0.9345794392523366,75.7053833328373,8,427.1,5,0.0
26,10,7,3,3,2.75,1.75,1.2280701754385965,69.21650912266361,2,131.1,2,0.0
29,18,9,9,6,3.5,0.9,1.25,78.76183400451485,6,480.3,5,0.0
38,3,1,2,0,2.5,0.3333333333333333,0.1923076923076923,55.965643364618984,5,173.6,1,1.0
21,5,2,3,2,1.25,0.5,0.7407407407407407,21.00247985343161,1,201.6,0,0.0
30,14,4,10,0,5.25,0.36363636363636365,0.3738317757009346,83.15399538977259,4,276.0,0,1.0
20,17,7,10,2,4.25,0.6363636363636364,0.8045977011494253,70.67413871895485,8,309.4,2,0.0
34,11,7,4,1,3.25,1.4,1.044776119402985,58.246398068729235,6,228.9,1,0.0
23,17,9,8,5,5.25,1.0,0.8411214953271029,71.9113159907451,7,512.0,2,0.0
43,9,3,6,1,3.0,0.42857142857142855,0.48387096774193544,56.7860506177971,3,222.0,2,0.0
43,23,9,14,5,5.0,0.6,0.8823529411764707,49.86554498193392,2,256.9,7,0.0
22,6,4,2,2,3.5,1.3333333333333333,0.5555555555555556,62.50430657923371,3,86.3,3,0.0
34,17,10,7,4,3.75,1.25,1.2987012987012987,76.62201438882599,6,357.0,8,0.0
21,16,11,5,7,3.5,1.8333333333333333,1.5277777777777777,62.57076129510104,6,250.2,2,0.0
31,11,3,8,1,4.25,0.3333333333333333,0.3448275862068966,67.17749041010987,5,165.10000000000002,2,0.0
25,15,5,10,2,3.75,0.45454545454545453,0.6493506493506493,58.10954605716212,2,180.3,0,0.0
29,16,5,11,3,2.5,0.4166666666666667,0.9615384615384615,60.96158273804368,4,139.7,1,0.0
33,19,11,8,2,5.5,1.2222222222222223,0.9821428571428572,72.42145446686938,6,257.1,6,0.0
43,13,6,7,4,4.5,0.75,0.6521739130434783,63.649121687992015,5,128.3,4,0.0
24,12,5,7,3,2.25,0.625,1.0638297872340425,62.613450783084915,1,308.5,2,0.0
41,17,5,12,4,3.75,0.38461538461538464,0.6493506493506493,70.25731279933377,6,417.20000000000005,1,0.0
32,19,9,10,3,3.5,0.8181818181818182,1.25,80.26489171512075,5,464.1,2,0.0
29,6,4,2,2,2.25,1.3333333333333333,0.851063829787234,59.1839120500171,3,138.4,2,0.0
36,6,3,3,0,3.5,0.75,0.41666666666666663,51.044356319193845,3,297.29999999999995,0,1.0
19,22,10,12,5,3.0,0.7692307692307693,1.6129032258064515,62.14602849067796,5,248.7,7,0.0
34,6,3,3,2,2.5,0.75,0.5769230769230769,56.22895371043425,1,305.0,1,0.0
32,10,5,5,4,3.75,0.8333333333333334,0.6493506493506493,67.23063487033839,8,234.39999999999998,5,0.0
24,17,8,9,5,6.5,0.8,0.6060606060606061,66.84998337121303,6,251.0,3,0.0
38,11,6,5,3,5.0,1.0,0.5882352941176471,70.00059407790988,4,430.5,2,0.0
32,25,11,14,6,4.5,0.7333333333333333,1.1956521739130437,82.89615876633292,4,260.9,3,0.0
30,10,3,7,0,2.75,0.375,0.5263157894736842,56.082811819153854,4,205.70000000000002,1,1.0
42,22,13,9,9,6.5,1.3,0.9848484848484849,73.17511943075584,8,504.4,4,0.0
22,18,10,8,5,4.75,1.1111111111111112,1.0309278350515465,74.45541651700823,7,398.59999999999997,1,0.0
41,11,6,5,5,2.75,1.0,1.0526315789473684,47.57689785881326,2,385.6,1,0.0
38,12,5,7,0,2.0,0.625,1.1904761904761905,60.91757972895933,1,163.5,4,1.0
41,21,12,9,3,3.5,1.2,1.6666666666666665,62.649316572702546,6,501.6,3,0.0
29,3,2,1,0,2.25,1.0,0.425531914893617,55.79560305913496,1,150.6,0,1.0
42,15,9,6,4,5.0,1.2857142857142858,0.8823529411764707,71.13741136245595,6,224.10000000000002,7,0.0
30,4,1,3,1,1.25,0.25,0.37037037037037035,48.1434386695007,0,225.29999999999998,1,0.0
38,8,2,6,2,2.0,0.2857142857142857,0.47619047619047616,35.65244936431278,4,271.7,2,0.0
21,15,6,9,3,4.75,0.6,0.6185567010309279,64.20394197869162,3,302.7,0,0.0
38,14,8,6,5,4.5,1.1428571428571428,0.8695652173913044,65.87631876409007,6,429.6,2,0.0
24,7,4,3,1,4.25,1.0,0.4597701149425288,56.27506585662025,3,115.7,0,0.0
36,18,8,10,4,4.25,0.7272727272727273,0.9195402298850576,58.9768826897896,2,223.5,4,0.0
22,17,8,9,2,3.0,0.8,1.2903225806451613,58.77849418430294,2,354.8,0,0.0
35,12,7,5,3,3.25,1.1666666666666667,1.044776119402985,48.31116522647881,4,91.4,0,0.0
42,2,1,1,1,0.75,0.5,0.5882352941176471,,1,69.8,0,0.0
31,16,9,7,7,3.0,1.125,1.4516129032258065,63.638105962483515,2,318.4,4,0.0
35,11,4,7,2,2.75,0.5,0.7017543859649122,69.58340054568829,4,602.9000000000001,1,0.0
44,14,7,7,5,3.0,0.875,1.129032258064516,60.89981562946209,4,332.6,5,0.0
19,4,2,2,2,2.25,0.6666666666666666,0.425531914893617,57.55710411915405,2,297.09999999999997,1,0.0
35,17,10,7,4,4.25,1.25,1.149425287356322,53.98776129660203,6,168.5,0,0.0
30,19,10,9,6,3.75,1.0,1.2987012987012987,54.89032057594806,5,221.3,1,0.0
33,23,10,13,6,6.5,0.7142857142857143,0.7575757575757576,77.39633078519415,8,404.8,4,0.0
18,11,2,9,1,5.5,0.2,0.17857142857142858,67.14480673402458,6,337.9,2,0.0
16,10,4,6,3,2.25,0.5714285714285714,0.851063829787234,51.503666652871736,2,298.2,1,0.0
33,10,7,3,3,4.0,1.75,0.853658536585366,56.46513305783712,4,362.5,1,0.0
21,21,8,13,2,2.5,0.5714285714285714,1.5384615384615383,81.77307016406935,3,192.39999999999998,3,0.0
33,6,4,2,2,1.0,1.3333333333333333,1.8181818181818181,43.55028570775999,2,118.1,3,0.0
39,16,8,8,4,6.0,0.8888888888888888,0.6557377049180328,73.2602933083279,7,206.1,2,0.0
25,13,3,10,0,2.75,0.2727272727272727,0.5263157894736842,63.01516813805954,3,295.0,1,1.0
31,7,4,3,1,4.25,1.0,0.4597701149425288,56.66540233574044,2,250.9,0,0.0
34,14,4,10,3,4.0,0.36363636363636365,0.48780487804878053,63.53372014834554,5,364.8,5,0.0
44,23,14,9,7,7.25,1.4,0.9523809523809524,71.49105884962195,5,346.7,5,0.0
33,19,7,12,4,3.75,0.5384615384615384,0.9090909090909091,83.79411596340616,6,253.4,3,0.0
24,29,16,13,6,7.5,1.1428571428571428,1.0526315789473684,81.33940665083622,7,366.6,7,0.0
21,16,10,6,7,5.5,1.4285714285714286,0.8928571428571429,75.22884691430758,7,183.9,1,0.0
35,11,4,7,2,1.25,0.5,1.4814814814814814,57.97723075650424,3,166.8,2,0.0
37,10,3,7,2,2.25,0.375,0.6382978723404255,52.77864413716029,1,96.10000000000001,0,0.0
44,17,4,13,0,3.5,0.2857142857142857,0.5555555555555556,62.49792699832328,3,192.0,1,1.0
37,9,4,5,1,1.25,0.6666666666666666,1.4814814814814814,35.3592354810779,1,130.9,2,0.0
42,17,6,11,2,3.0,0.5,0.9677419354838709,39.096190301881755,6,232.1,1,0.0
16,32,14,18,7,5.0,0.7368421052631579,1.3725490196078431,72.92691266340015,7,276.3,2,0.0
32,22,10,12,6,4.0,0.7692307692307693,1.2195121951219514,66.62173773005884,2,440.59999999999997,2,0.0
41,10,2,8,1,2.75,0.2222222222222222,0.3508771929824561,64.57248305509839,3,235.4,3,0.0
22,13,10,3,7,3.0,2.5,1.6129032258064515,55.75199927732223,4,204.2,2,0.0
36,12,3,9,2,5.25,0.3,0.28037383177570097,76.04352530560939,7,199.4,0,0.0
41,12,5,7,2,2.25,0.625,1.0638297872340425,43.418526738838864,4,229.2,1,0.0
33,13,8,5,4,5.0,1.3333333333333333,0.7843137254901962,62.120557360447904,5,210.6,1,0.0
20,13,5,8,2,3.25,0.5555555555555556,0.7462686567164178,66.71466943261014,1,230.3,1,0.0
37,14,8,6,2,3.0,1.1428571428571428,1.2903225806451613,66.717293804348,8,253.8,2,0.0
37,21,6,15,3,4.25,0.375,0.6896551724137931,61.06772107020788,3,325.8,5,0.0
28,24,13,11,9,4.5,1.0833333333333333,1.4130434782608696,62.00006801172944,5,323.3,3,0.0
30,11,6,5,3,3.75,1.0,0.7792207792207793,82.27325487618658,6,319.40000000000003,3,0.0
37,11,6,5,3,2.25,1.0,1.276595744680851,42.719696283929466,2,224.60000000000002,1,0.0
22,23,12,11,7,3.5,1.0,1.6666666666666665,67.82006862027103,5,472.2,1,0.0
43,18,12,6,6,2.0,1.7142857142857142,2.857142857142857,63.8127121429225,4,347.2,3,0.0
19,15,6,9,4,2.5,0.6,1.1538461538461537,55.666891188542586,3,385.6,2,0.0
38,19,12,7,5,5.5,1.5,1.0714285714285714,69.03561659816917,8,513.0,2,0.0
37,18,8,10,3,5.25,0.7272727272727273,0.7476635514018692,77.70783730584593,6,559.0,4,0.0
20,8,4,4,2,2.0,0.8,0.9523809523809523,58.59215977962165,6,296.8,0,0.0
35,13,8,5,4,3.75,1.3333333333333333,1.0389610389610389,66.24714327514377,4,443.7,3,0.0
23,11,3,8,1,1.25,0.3333333333333333,1.111111111111111,60.84342546747783,3,307.8,1,0.0
18,18,6,12,4,2.25,0.46153846153846156,1.276595744680851,50.806548249481125,5,503.2,3,0.0
38,14,8,6,4,5.75,1.1428571428571428,0.6837606837606838,75.94860803372991,6,291.2,3,0.0
32,19,14,5,10,4.0,2.3333333333333335,1.707317073170732,70.04630189852129,8,345.7,4,0.0
28,17,8,9,4,3.75,0.8,1.0389610389610389,69.73575184306387,7,272.6,2,0.0
33,16,7,9,2,2.75,0.7,1.2280701754385965,57.97369339698457,7,352.8,3,0.0
20,20,11,9,3,2.5,1.1,2.1153846153846154,67.60981794823306,4,199.2,3,0.0
30,19,12,7,5,2.75,1.5,2.1052631578947367,59.162133154114876,4,332.8,5,0.0
40,8,3,5,0,3.0,0.5,0.48387096774193544,50.37856600695886,4,297.2,3,1.0
33,11,4,7,1,1.75,0.5,1.081081081081081,56.85042088897177,4,273.3,0,0.0
43,13,6,7,4,4.75,0.75,0.6185567010309279,72.77064849124875,6,488.40000000000003,1,0.0
39,26,15,11,11,4.75,1.25,1.5463917525773196,72.8920934760331,5,338.3,2,0.0
37,12,3,9,2,5.25,0.3,0.28037383177570097,75.64838307369034,5,343.0,0,0.0
26,11,4,7,3,2.75,0.5,0.7017543859649122,62.153416855382865,3,160.5,1,0.0
26,28,16,12,6,5.0,1.2307692307692308,1.5686274509803924,73.64460484015507,7,647.3000000000001,3,0.0
41,20,8,12,3,2.5,0.6153846153846154,1.5384615384615383,40.459535217630936,3,413.1,1,0.0
21,6,5,1,2,2.25,2.5,1.0638297872340425,58.041085868389565,2,199.1,3,0.0
23,11,1,10,1,2.25,0.09090909090909091,0.2127659574468085,49.17842813709698,3,552.5,3,0.0
34,4,2,2,0,2.5,0.6666666666666666,0.3846153846153846,64.80576355144893,3,121.10000000000001,0,1.0
41,15,10,5,5,6.0,1.6666666666666667,0.819672131147541,77.05757276367095,5,548.0,2,0.0
25,27,12,15,5,5.25,0.75,1.1214953271028039,58.45046056502471,4,484.8,2,0.0
42,23,8,15,4,4.25,0.5,0.9195402298850576,71.15503937574636,6,487.09999999999997,5,0.0
30,16,9,7,4,6.0,1.125,0.7377049180327869,78.33714085715113,6,258.6,6,0.0
39,13,9,4,1,2.75,1.8,1.5789473684210527,50.02605895565419,4,269.4,1,0.0
17,16,7,9,0,4.25,0.7,0.8045977011494253,67.5780546294882,1,106.6,2,1.0
42,5,2,3,2,2.0,0.5,0.47619047619047616,48.27919763002519,3,184.60000000000002,2,0.0
32,12,5,7,5,3.5,0.625,0.6944444444444444,64.92481814723155,2,397.2,4,0.0
16,12,4,8,2,4.25,0.4444444444444444,0.4597701149425288,68.40325307877478,5,268.1,2,0.0
28,8,4,4,1,2.75,0.8,0.7017543859649122,46.57846577210051,3,121.0,3,0.0
42,19,10,9,6,4.5,1.0,1.0869565217391306,69.5648252339135,7,205.29999999999998,4,0.0
26,17,7,10,5,5.0,0.6363636363636364,0.6862745098039216,64.39446110407661,3,181.0,2,0.0
41,22,10,12,3,4.5,0.7692307692307693,1.0869565217391306,71.65305392352747,6,307.7,3,0.0
26,5,2,3,0,1.75,0.5,0.5405405405405405,58.320379443985026,1,67.6,1,1.0
22,8,1,7,0,3.25,0.125,0.14925373134328357,44.11668616885963,5,270.3,2,1.0
38,9,3,6,1,2.75,0.42857142857142855,0.5263157894736842,63.69914254227629,3,134.1,1,0.0
18,9,1,8,0,2.0,0.1111111111111111,0.23809523809523808,64.21482210976654,1,109.3,0,1.0
30,9,5,4,3,1.25,1.0,1.8518518518518516,59.96972738279144,3,143.9,0,0.0
21,20,13,7,7,4.25,1.625,1.4942528735632186,64.3930969008339,5,171.5,3,0.0
38,6,4,2,4,2.25,1.3333333333333333,0.851063829787234,49.88108120016546,2,184.1,3,0.0
25,18,8,10,7,3.5,0.7272727272727273,1.1111111111111112,71.34380718292465,5,559.6,3,0.0
36,19,13,6,7,6.0,1.8571428571428572,1.0655737704918034,59.989750365925815,7,368.40000000000003,6,0.0
43,15,9,6,2,4.25,1.2857142857142858,1.0344827586206897,65.47616206917289,4,262.7,0,0.0
36,22,8,14,6,4.25,0.5333333333333333,0.9195402298850576,76.53582879584889,7,711.9,2,0.0
29,12,5,7,4,3.0,0.625,0.8064516129032258,53.89477338118271,3,177.7,1,0.0
29,18,10,8,7,3.5,1.1111111111111112,1.3888888888888888,61.5577784893502,6,423.0,1,0.0
16,16,9,7,5,5.5,1.125,0.8035714285714286,59.68044500286434,6,388.1,3,0.0
38,20,7,13,3,3.75,0.5,0.9090909090909091,62.15458742710594,5,444.3,1,0.0
40,11,5,6,1,1.25,0.7142857142857143,1.8518518518518516,59.38086479946582,4,181.5,3,0.0
44,14,7,7,2,5.0,0.875,0.6862745098039216,55.00561862267176,4,479.6,2,0.0
38,22,14,8,7,7.0,1.5555555555555556,0.9859154929577465,74.60880614325376,6,503.2,0,0.0
23,17,12,5,5,8.0,2.0,0.7407407407407408,85.34916331964763,8,603.1999999999999,2,0.0
40,18,5,13,3,3.75,0.35714285714285715,0.6493506493506493,67.04314068119416,5,244.8,4,0.0
16,16,11,5,8,3.75,1.8333333333333333,1.4285714285714286,72.41990644752242,7,176.0,2,0.0
40,16,7,9,3,3.5,0.7,0.9722222222222222,71.41903020774956,4,229.6,4,0.0
40,13,4,9,2,5.25,0.4,0.3738317757009346,69.89281681145174,8,387.8,2,0.0
34,11,7,4,2,4.0,1.4,0.853658536585366,57.97805145448712,2,326.8,4,0.0
32,7,2,5,1,1.0,0.3333333333333333,0.9090909090909091,48.36078607235594,0,223.6,0,0.0
39,17,5,12,2,5.5,0.38461538461538464,0.44642857142857145,62.974287448823304,6,178.0,2,0.0
30,4,1,3,1,1.5,0.25,0.3125,40.29247785764175,1,73.0,1,0.0
19,18,7,11,3,6.0,0.5833333333333334,0.5737704918032788,72.13099719341352,5,478.90000000000003,6,0.0
18,10,6,4,3,1.75,1.2,1.6216216216216215,62.733976909999484,5,270.0,4,0.0
28,10,6,4,3,1.5,1.2,1.875,63.04912558157728,2,159.7,2,0.0
17,18,9,9,3,4.5,0.9,0.9782608695652175,64.32507807246233,7,343.5,4,0.0
30,20,8,12,2,6.5,0.6153846153846154,0.6060606060606061,75.47507851747704,8,392.2,1,0.0
17,21,11,10,6,6.0,1.0,0.9016393442622951,69.8200909913979,5,377.5,6,0.0
38,19,12,7,4,5.0,1.5,1.1764705882352942,71.22824991124833,4,277.7,4,0.0
19,25,13,12,6,7.0,1.0,0.9154929577464789,71.40172193484403,7,392.2,4,0.0
38,5,2,3,1,2.0,0.5,0.47619047619047616,44.54560791434467,2,224.3,4,0.0
41,10,5,5,1,2.5,0.8333333333333334,0.9615384615384615,56.37902188236626,4,339.8,1,0.0
44,18,12,6,7,4.5,1.7142857142857142,1.3043478260869565,65.09007071830719,4,317.2,4,0.0
28,8,2,6,0,3.75,0.2857142857142857,0.2597402597402597,58.11211108146804,2,191.6,0,1.0
38,20,11,9,7,5.0,1.1,1.0784313725490198,73.54456370964641,4,496.8,3,0.0
30,10,4,6,2,3.75,0.5714285714285714,0.5194805194805194,67.65670506252941,6,361.1,1,0.0
29,13,6,7,1,2.25,0.75,1.276595744680851,41.800983612089894,2,212.3,2,0.0
19,16,10,6,5,3.25,1.4285714285714286,1.4925373134328357,58.941828794165104,4,277.2,2,0.0
39,21,14,7,4,5.5,1.75,1.25,73.66100490711344,7,536.6,1,0.0
44,9,6,3,4,2.5,1.5,1.1538461538461537,53.64077435477908,1,209.20000000000002,2,0.0
25,12,3,9,2,4.25,0.3,0.3448275862068966,71.27135327687887,4,282.4,2,0.0
17,27,18,9,10,6.0,1.8,1.4754098360655739,60.153319242120695,5,565.6,6,0.0
35,19,10,9,7,3.25,1.0,1.4925373134328357,70.96252518365041,4,328.3,2,0.0
24,11,8,3,5,2.0,2.0,1.9047619047619047,61.90005967825583,4,156.29999999999998,3,0.0
21,24,12,12,9,3.0,0.9230769230769231,1.9354838709677418,69.22290097372876,6,438.9,1,0.0
18,10,2,8,0,3.0,0.2222222222222222,0.3225806451612903,67.82736579034025,4,273.1,2,1.0
35,24,11,13,4,7.5,0.7857142857142857,0.7236842105263158,70.92028879926232,6,488.2,4,0.0
33,18,13,5,9,4.0,2.1666666666666665,1.5853658536585367,58.83357780536858,4,312.09999999999997,2,0.0
25,18,11,7,9,5.75,1.375,0.9401709401709403,78.11314869628531,8,586.8000000000001,2,0.0
37,9,4,5,0,2.0,0.6666666666666666,0.9523809523809523,68.03157423290487,0,185.79999999999998,2,1.0
40,21,9,12,4,4.25,0.6923076923076923,1.0344827586206897,56.364846897617696,3,244.5,1,0.0
31,6,3,3,3,3.25,0.75,0.44776119402985076,45.222128321229114,3,199.89999999999998,2,0.0
16,3,3,0,1,1.0,3.0,1.3636363636363635,40.80267886592912,0,56.1,0,0.0
39,3,1,2,0,0.75,0.3333333333333333,0.5882352941176471,33.130286971867406,0,44.6,0,1.0
16,11,4,7,0,1.75,0.5,1.081081081081081,57.46688337166324,3,205.1,3,1.0
33,6,4,2,4,4.0,1.3333333333333333,0.48780487804878053,48.21013089149821,2,172.5,1,0.0
21,6,4,2,1,2.0,1.3333333333333333,0.9523809523809523,71.03646969807171,2,272.6,2,0.0
18,23,12,11,2,3.0,1.0,1.9354838709677418,67.03359587132807,5,144.4,4,0.0
29,14,10,4,5,2.75,2.0,1.7543859649122806,72.10132825814071,6,539.6,3,0.0
37,18,6,12,3,3.25,0.46153846153846156,0.8955223880597015,86.58065869972583,7,325.2,4,0.0
31,18,12,6,5,4.25,1.7142857142857142,1.3793103448275863,61.3886200211987,6,411.9,2,0.0
22,5,2,3,0,0.75,0.5,1.1764705882352942,34.01083207750899,2,86.3,0,1.0
26,10,7,3,4,2.0,1.75,1.6666666666666665,59.32869968312664,4,310.0,0,0.0
40,6,3,3,2,4.75,0.75,0.30927835051546393,53.990535478244965,3,196.6,0,0.0
17,26,16,10,8,6.25,1.4545454545454546,1.2598425196850394,67.29223565004617,5,436.0,2,0.0
30,30,13,17,5,3.25,0.7222222222222222,1.9402985074626866,70.06449273715714,8,702.4,6,0.0
32,13,8,5,3,4.75,1.3333333333333333,0.8247422680412372,58.37402733901262,5,353.3,2,0.0
27,18,10,8,7,4.25,1.1111111111111112,1.149425287356322,69.80143363461146,6,287.5,4,0.0
26,20,11,9,4,4.0,1.1,1.3414634146341464,62.773977354308876,3,432.6,3,0.0
22,17,8,9,3,4.25,0.8,0.9195402298850576,66.80409308401845,4,252.9,2,0.0
29,24,12,12,5,4.5,0.9230769230769231,1.3043478260869565,71.47866904468725,7,337.59999999999997,3,0.0
26,12,3,9,2,3.0,0.3,0.48387096774193544,65.4046319094203,3,285.1,3,0.0
38,19,11,8,4,3.25,1.2222222222222223,1.6417910447761193,80.67933897522317,5,355.0,2,0.0
39,27,18,9,11,2.75,1.8,3.1578947368421053,65.95338331037533,3,226.79999999999998,2,0.0
18,5,1,4,0,2.5,0.2,0.1923076923076923,49.48181422684682,1,46.300000000000004,0,1.0
18,19,10,9,6,5.25,1.0,0.9345794392523366,72.31482422049847,6,267.1,3,0.0
26,14,6,8,4,6.5,0.6666666666666666,0.4545454545454546,81.61186947962251,8,562.6,2,0.0
28,18,6,12,3,4.0,0.46153846153846156,0.7317073170731708,62.69335034336532,5,283.7,1,0.0
17,10,4,6,2,4.75,0.5714285714285714,0.4123711340206186,47.53148149085348,5,350.7,1,0.0
28,10,4,6,2,5.75,0.5714285714285714,0.3418803418803419,74.85850371616787,5,290.4,2,0.0
38,20,9,11,7,6.25,0.75,0.7086614173228347,76.0001226716303,5,542.7,0,0.0
32,8,3,5,2,4.75,0.5,0.30927835051546393,57.87989322994314,3,103.5,3,0.0
18,20,8,12,5,3.5,0.6153846153846154,1.1111111111111112,65.13882286451044,3,269.6,1,0.0
22,8,5,3,5,1.5,1.25,1.5625,49.413662014763744,0,232.70000000000002,4,0.0
28,16,8,8,1,4.5,0.8888888888888888,0.8695652173913044,62.949008648128526,7,198.7,2,0.0
41,11,8,3,2,1.75,2.0,2.162162162162162,36.39149025210732,1,177.1,0,0.0
33,17,10,7,4,4.0,1.25,1.2195121951219514,67.67706962463431,7,567.5,2,0.0
16,7,5,2,3,3.25,1.6666666666666667,0.7462686567164178,50.330163312335195,2,129.0,2,0.0
44,19,6,13,4,2.75,0.42857142857142855,1.0526315789473684,70.7868984023374,5,164.9,1,0.0
31,14,7,7,3,4.0,0.875,0.853658536585366,70.94783084755588,5,521.4,4,0.0
20,11,9,2,4,1.75,3.0,2.4324324324324325,57.06378999650596,4,138.8,3,0.0
17,12,8,4,5,2.75,1.6,1.4035087719298245,70.91140577628771,3,219.3,3,0.0
28,16,8,8,7,3.25,0.8888888888888888,1.1940298507462686,62.791635529509826,4,359.7,2,0.0
25,12,8,4,5,2.5,1.6,1.5384615384615383,61.655330028794026,1,257.2,3,0.0
34,23,9,14,4,3.5,0.6,1.25,66.43368535924809,6,258.9,2,0.0
17,15,6,9,4,4.25,0.6,0.6896551724137931,57.56134426358241,4,221.5,3,0.0
18,14,9,5,4,2.75,1.5,1.5789473684210527,58.89023359355745,4,257.6,2,0.0
20,10,4,6,2,2.0,0.5714285714285714,0.9523809523809523,55.235008887159374,3,142.5,1,0.0
38,6,2,4,1,1.25,0.4,0.7407407407407407,49.92901800111151,1,92.39999999999999,2,0.0
44,17,12,5,3,4.25,2.0,1.3793103448275863,75.9398671119556,8,466.7,5,0.0
23,8,4,4,1,1.75,0.8,1.081081081081081,65.09997372336316,6,228.8,0,0.0
28,15,3,12,1,5.75,0.23076923076923078,0.25641025641025644,66.79552008186955,5,262.7,2,0.0
33,20,12,8,6,5.0,1.3333333333333333,1.1764705882352942,75.48293776463035,4,402.3,3,0.0
41,11,9,2,6,4.75,3.0,0.9278350515463918,59.47820552947742,3,155.7,3,0.0
35,5,1,4,1,0.5,0.2,0.8333333333333334,54.700724073884615,0,57.0,1,0.0
39,5,3,2,2,2.25,1.0,0.6382978723404255,60.554381200682144,4,139.70000000000002,3,0.0
28,9,3,6,2,3.5,0.42857142857142855,0.41666666666666663,48.49102570826421,5,378.3,4,0.0
33,23,7,16,5,3.75,0.4117647058823529,0.9090909090909091,81.34079079880132,6,412.6,3,0.0
33,18,12,6,6,4.0,1.7142857142857142,1.4634146341463417,80.37787532353086,1,354.5,2,0.0
38,9,3,6,0,5.5,0.42857142857142855,0.26785714285714285,67.88040681807024,3,218.79999999999998,0,1.0
33,18,7,11,5,6.25,0.5833333333333334,0.5511811023622047,73.20645515181432,4,364.9,2,0.0
22,17,10,7,5,3.5,1.25,1.3888888888888888,64.10803927199798,6,226.0,2,0.0
23,18,11,7,4,3.5,1.375,1.5277777777777777,60.961113470646886,4,242.4,1,0.0
29,23,14,9,9,2.5,1.4,2.692307692307692,56.7662107805845,6,204.9,3,0.0
33,20,14,6,6,6.75,2.0,1.0218978102189782,78.69295068504795,7,390.09999999999997,4,0.0
22,21,16,5,8,4.25,2.6666666666666665,1.8390804597701151,71.7990730799739,4,402.0,3,0.0
25,5,2,3,1,1.0,0.5,0.9090909090909091,53.9031792970366,1,139.6,0,0.0
35,18,10,8,4,6.25,1.1111111111111112,0.7874015748031497,70.07104744719065,6,178.3,3,0.0
20,21,10,11,7,6.0,0.8333333333333334,0.819672131147541,77.20839613108629,6,338.7,2,0.0
24,18,2,16,1,4.0,0.11764705882352941,0.24390243902439027,81.90959455425461,4,276.8,1,0.0
44,7,4,3,0,1.75,1.0,1.081081081081081,47.08590958372813,5,174.0,1,1.0
20,17,6,11,2,6.0,0.5,0.49180327868852464,56.77390104970479,1,197.3,2,0.0
20,20,7,13,2,4.0,0.5,0.853658536585366,69.69329407550563,6,288.0,1,0.0
36,10,7,3,2,1.75,1.75,1.8918918918918919,45.83393168249773,4,198.6,3,0.0
19,22,12,10,4,6.25,1.0909090909090908,0.9448818897637796,72.90751305765286,7,625.0,2,0.0
32,12,6,6,3,1.25,0.8571428571428571,2.222222222222222,62.23794186989409,7,465.2,5,0.0
28,11,7,4,1,4.0,1.4,0.853658536585366,60.36938620664682,4,208.8,0,0.0
36,16,7,9,4,5.0,0.7,0.6862745098039216,70.93929707329211,7,406.8,0,0.0
16,22,10,12,2,3.0,0.7692307692307693,1.6129032258064515,58.82516745602963,4,398.9,0,0.0
30,7,4,3,1,1.25,1.0,1.4814814814814814,39.54503265869184,0,76.9,0,0.0
22,12,9,3,4,4.5,2.25,0.9782608695652175,63.22598728216785,4,183.4,1,0.0
24,12,6,6,3,3.5,0.8571428571428571,0.8333333333333333,62.47107449459507,5,266.9,2,0.0
36,11,7,4,5,3.25,1.4,1.044776119402985,64.28633879246591,3,269.2,3,0.0
32,14,5,9,4,4.5,0.5,0.5434782608695653,67.19334082039147,8,382.5,5,0.0
32,22,7,15,6,4.0,0.4375,0.853658536585366,71.58828657566413,7,680.6,2,0.0
43,22,9,13,1,5.0,0.6428571428571429,0.8823529411764707,80.4838664866462,8,251.4,7,0.0
44,11,5,6,2,3.0,0.7142857142857143,0.8064516129032258,57.59004381867029,4,278.7,2,0.0
32,19,10,9,5,3.5,1.0,1.3888888888888888,61.785683823488334,5,260.1,3,0.0
22,28,12,16,8,6.5,0.7058823529411765,0.9090909090909092,77.7388626200994,8,456.09999999999997,2,0.0
28,19,7,12,4,4.75,0.5384615384615384,0.7216494845360826,61.23332922631672,5,428.09999999999997,0,0.0
17,4,2,2,0,1.0,0.6666666666666666,0.9090909090909091,41.51020511166315,0,119.2,0,1.0
23,16,6,10,2,4.0,0.5454545454545454,0.7317073170731708,61.979626398872576,4,247.5,2,0.0
42,12,3,9,0,3.75,0.3,0.38961038961038963,54.23604598354101,4,279.9,1,1.0
34,2,1,1,1,2.0,0.5,0.23809523809523808,57.65170709674283,4,43.0,0,0.0
21,9,4,5,2,3.0,0.6666666666666666,0.6451612903225806,83.03209130342624,2,238.7,2,0.0
18,8,2,6,2,0.5,0.2857142857142857,1.6666666666666667,57.69319189455445,4,112.1,2,0.0
35,16,11,5,2,3.25,1.8333333333333333,1.6417910447761193,68.15474108343024,6,279.4,3,0.0
23,17,8,9,3,3.0,0.8,1.2903225806451613,59.28764945796837,4,129.5,0,0.0
16,17,10,7,3,3.25,1.25,1.4925373134328357,66.17114026678613,5,345.2,4,0.0
25,15,6,9,3,3.0,0.6,0.9677419354838709,73.3076220230184,7,347.2,2,0.0
38,29,11,18,1,7.25,0.5789473684210527,0.7482993197278912,75.45821216702649,7,193.4,2,0.0
32,9,4,5,2,2.75,0.6666666666666666,0.7017543859649122,59.76348308742919,3,172.5,2,0.0
18,5,2,3,2,2.75,0.5,0.3508771929824561,51.49327523549287,3,146.6,1,0.0
19,8,4,4,2,2.0,0.8,0.9523809523809523,60.100044574709585,2,291.1,1,0.0
35,18,7,11,4,5.75,0.5833333333333334,0.5982905982905983,75.45953504579069,8,652.5,2,0.0
23,16,10,6,7,3.0,1.4285714285714286,1.6129032258064515,62.288483917307936,5,276.6,4,0.0
39,9,6,3,4,2.5,1.5,1.1538461538461537,57.65597631159441,7,213.0,0,0.0
30,14,4,10,2,1.75,0.36363636363636365,1.081081081081081,51.93861090784822,6,162.2,0,0.0
40,11,7,4,3,2.25,1.4,1.4893617021276595,56.65724096397955,1,123.60000000000001,2,0.0
32,19,7,12,2,4.0,0.5384615384615384,0.853658536585366,73.8383098912237,5,567.1,3,0.0
44,13,10,3,5,4.0,2.5,1.2195121951219514,51.65446795431459,3,217.7,2,0.0
26,18,10,8,5,6.0,1.1111111111111112,0.819672131147541,59.71667246074744,6,384.4,0,0.0
34,12,7,5,6,2.75,1.1666666666666667,1.2280701754385965,61.62067100544991,3,297.4,2,0.0
27,19,6,13,3,4.75,0.42857142857142855,0.6185567010309279,64.51661440797807,2,497.7,1,0.0
40,14,4,10,3,3.5,0.36363636363636365,0.5555555555555556,62.888488303891904,1,221.3,1,0.0
42,20,8,12,4,2.25,0.6153846153846154,1.702127659574468,62.670897438539605,4,277.3,2,0.0
41,22,9,13,5,7.75,0.6428571428571429,0.5732484076433121,82.64982437036291,7,377.2,5,0.0
21,18,10,8,6,5.5,1.1111111111111112,0.8928571428571429,67.9460159276624,4,277.6,1,0.0
18,16,9,7,7,4.75,1.125,0.9278350515463918,66.73075968600222,5,238.2,1,0.0
44,8,4,4,1,3.25,0.8,0.5970149253731343,55.67315998588504,4,130.2,0,0.0
27,3,2,1,0,2.5,1.0,0.3846153846153846,60.12856207224223,2,84.2,0,1.0
22,21,12,9,4,6.25,1.2,0.9448818897637796,70.71496626964453,4,327.2,2,0.0
36,13,6,7,5,4.25,0.75,0.6896551724137931,64.34914093410444,3,250.10000000000002,1,0.0
24,19,8,11,0,5.5,0.6666666666666666,0.7142857142857143,70.00925595885215,5,199.4,1,1.0
18,17,11,6,5,6.75,1.5714285714285714,0.8029197080291971,56.745477597602644,5,390.9,2,0.0
16,18,12,6,6,5.25,1.7142857142857142,1.1214953271028039,58.433406838052406,8,336.9,1,0.0
35,16,9,7,4,3.5,1.125,1.25,78.12572501566457,4,289.2,1,0.0
27,9,3,6,0,5.5,0.42857142857142855,0.26785714285714285,70.06867491219133,2,73.8,2,1.0
19,18,9,9,4,5.5,0.9,0.8035714285714286,71.04478790620931,5,422.7,2,0.0
33,6,5,1,3,1.25,2.5,1.8518518518518516,58.89821411389713,2,166.7,1,0.0
26,25,12,13,6,7.5,0.8571428571428571,0.7894736842105263,80.35537363353184,7,383.7,4,0.0
33,16,7,9,3,4.5,0.7,0.7608695652173914,71.52044486587194,5,301.3,4,0.0
22,9,1,8,0,4.0,0.1111111111111111,0.12195121951219513,54.73470984165567,3,174.0,5,1.0
20,13,7,6,3,7.0,1.0,0.49295774647887325,69.00666127136705,7,420.1,5,0.0
23,11,6,5,5,3.75,1.0,0.7792207792207793,60.97698749712007,7,209.0,1,0.0
27,13,11,2,6,3.75,3.6666666666666665,1.4285714285714286,68.14130251812487,4,362.0,5,0.0
39,9,3,6,2,3.5,0.42857142857142855,0.41666666666666663,82.10404243420462,7,349.2,4,0.0
34,10,6,4,4,2.25,1.2,1.276595744680851,51.364887865528075,2,218.3,1,0.0
40,5,2,3,1,1.75,0.5,0.5405405405405405,,1,234.0,0,0.0
29,6,5,1,4,4.25,2.5,0.574712643678161,55.98702106404076,1,177.5,2,0.0
41,11,5,6,2,1.5,0.7142857142857143,1.5625,51.79688107116679,3,129.8,1,0.0
20,22,12,10,5,3.75,1.0909090909090908,1.5584415584415585,77.71183524847032,6,600.0,5,0.0
27,13,3,10,0,2.5,0.2727272727272727,0.5769230769230769,52.3679681567424,4,137.8,3,1.0
16,29,17,12,9,5.25,1.3076923076923077,1.5887850467289721,81.83487538720006,8,479.29999999999995,1,0.0
16,7,1,6,0,2.25,0.14285714285714285,0.2127659574468085,55.68311454829219,2,171.5,4,1.0
19,16,4,12,1,3.75,0.3076923076923077,0.5194805194805194,71.38416496167845,6,264.7,2,0.0
35,20,10,10,4,4.75,0.9090909090909091,1.0309278350515465,70.67095293738363,6,606.4,6,0.0
27,11,6,5,3,2.25,1.0,1.276595744680851,71.58795795684244,4,128.6,2,0.0
29,16,10,6,7,4.5,1.4285714285714286,1.0869565217391306,60.398854226799884,6,332.0,3,0.0
38,13,8,5,6,3.0,1.3333333333333333,1.2903225806451613,68.25623012359569,3,654.7,2,0.0
31,21,11,10,8,4.5,1.0,1.1956521739130437,69.71966693568675,7,270.3,5,0.0
29,11,2,9,1,4.25,0.2,0.2298850574712644,81.0333684745573,5,796.9000000000001,0,0.0
34,18,3,15,0,5.5,0.1875,0.26785714285714285,81.77872821382931,4,243.9,1,1.0
28,17,10,7,6,3.75,1.25,1.2987012987012987,63.73109199571534,4,305.0,2,0.0
24,14,6,8,4,3.5,0.6666666666666666,0.8333333333333333,67.2550262781215,7,567.6,6,0.0
21,15,8,7,5,4.25,1.0,0.9195402298850576,46.804426181825555,1,228.4,2,0.0
35,20,12,8,5,2.25,1.3333333333333333,2.553191489361702,59.29389546734667,2,225.6,0,0.0
40,14,10,4,7,4.75,2.0,1.0309278350515465,77.10008795978555,5,412.9,2,0.0
18,27,10,17,6,5.0,0.5555555555555556,0.9803921568627452,84.38337601426929,4,454.2,2,0.0
16,4,1,3,0,1.5,0.25,0.3125,,0,51.4,0,1.0
40,17,10,7,3,5.75,1.25,0.8547008547008548,74.3400615301428,5,566.0,2,0.0
17,7,3,4,2,1.25,0.6,1.111111111111111,54.045558031145916,2,132.9,1,0.0
37,14,4,10,2,4.25,0.36363636363636365,0.4597701149425288,56.981903106832675,1,162.1,0,0.0
38,13,8,5,2,5.75,1.3333333333333333,0.6837606837606838,59.16339988699742,3,305.4,3,0.0
22,7,4,3,1,2.5,1.0,0.7692307692307692,62.535128992958114,2,168.5,2,0.0
16,19,10,9,4,5.25,1.0,0.9345794392523366,79.7108925996898,6,526.6,4,0.0
32,2,2,0,1,2.75,2.0,0.3508771929824561,48.04828797866342,2,302.5,1,0.0
21,20,13,7,9,5.0,1.625,1.2745098039215688,82.967854094346,5,602.9,6,0.0
42,19,10,9,6,4.0,1.0,1.2195121951219514,76.00860627656056,6,166.5,2,0.0
18,2,1,1,0,1.0,0.5,0.45454545454545453,33.700933591870665,0,106.89999999999999,0,1.0
34,10,2,8,1,4.25,0.2222222222222222,0.2298850574712644,71.79442689906331,3,125.5,1,0.0
38,5,1,4,1,1.75,0.2,0.27027027027027023,37.17136471762393,3,193.5,0,0.0
21,15,10,5,4,2.0,1.6666666666666667,2.380952380952381,51.93725253260894,4,225.9,6,0.0
39,15,7,8,4,5.5,0.7777777777777778,0.625,60.47316583502286,5,252.60000000000002,1,0.0
18,12,9,3,4,3.75,2.25,1.1688311688311688,55.18250853431388,2,213.2,2,0.0
28,14,1,13,0,4.0,0.07142857142857142,0.12195121951219513,80.73114581390362,2,72.1,3,1.0
23,26,12,14,8,5.5,0.8,1.0714285714285714,71.83688471341341,6,303.7,1,0.0
29,14,6,8,2,2.0,0.6666666666666666,1.4285714285714286,62.61803697573065,2,357.3,1,0.0
30,9,6,3,3,3.5,1.5,0.8333333333333333,67.67888860428161,6,371.4,3,0.0
39,4,2,2,2,1.5,0.6666666666666666,0.625,53.65613029174208,1,144.6,1,0.0
28,18,12,6,8,4.25,1.7142857142857142,1.3793103448275863,59.18400951119428,3,200.1,0,0.0
36,15,6,9,5,4.25,0.6,0.6896551724137931,70.31824140629944,6,427.6,3,0.0
19,6,3,3,2,0.75,0.75,1.7647058823529411,44.75138374484535,3,226.9,1,0.0
29,6,3,3,2,0.75,0.75,1.7647058823529411,55.98289607002517,1,357.4,0,0.0
17,14,5,9,0,3.75,0.5,0.6493506493506493,70.09660633549287,5,343.7,5,1.0
25,19,9,10,3,5.75,0.8181818181818182,0.7692307692307693,76.88787233730658,7,245.8,4,0.0
26,22,10,12,4,4.5,0.7692307692307693,1.0869565217391306,85.61227267591093,6,489.8,3,0.0
41,30,15,15,5,4.25,0.9375,1.7241379310344829,74.07551281704923,7,522.8000000000001,4,0.0
20,20,10,10,9,3.5,0.9090909090909091,1.3888888888888888,66.76797930290986,3,372.2,2,0.0
37,12,6,6,2,3.0,0.8571428571428571,0.9677419354838709,62.61048515457895,6,288.9,5,0.0
25,23,13,10,7,4.5,1.1818181818181819,1.4130434782608696,77.45337814386608,4,359.2,4,0.0
29,11,6,5,3,1.0,1.0,2.727272727272727,56.38674042529323,1,157.5,1,0.0
41,15,8,7,6,5.75,1.0,0.6837606837606838,87.42202314594837,8,268.5,3,0.0
35,18,13,5,6,4.75,2.1666666666666665,1.3402061855670104,61.80507232886827,3,115.2,3,0.0
24,9,5,4,2,2.25,1.0,1.0638297872340425,56.08777854639548,4,308.9,3,0.0
22,11,6,5,2,2.25,1.0,1.276595744680851,50.426078854680895,3,205.2,4,0.0
17,6,2,4,0,2.0,0.4,0.47619047619047616,46.046827449505685,2,72.8,0,1.0
31,30,17,13,10,8.0,1.2142857142857142,1.0493827160493827,82.36626918819914,7,341.5,4,0.0
44,15,4,11,1,3.75,0.3333333333333333,0.5194805194805194,74.53187097981096,7,436.6,4,0.0
25,20,12,8,7,7.0,1.3333333333333333,0.8450704225352114,84.5420875652834,6,609.5,2,0.0
18,9,3,6,2,2.25,0.42857142857142855,0.6382978723404255,54.26683998295387,4,199.0,2,0.0
37,25,11,14,6,7.0,0.7333333333333333,0.7746478873239437,68.89518382429613,8,360.4,4,0.0
44,20,8,12,5,5.5,0.6153846153846154,0.7142857142857143,57.83949120493502,5,262.5,1,0.0
20,19,10,9,9,5.5,1.0,0.8928571428571429,68.21672574270505,5,153.3,1,0.0
26,10,7,3,4,3.0,1.75,1.129032258064516,60.95906916772494,3,234.9,1,0.0
27,17,11,6,4,3.0,1.5714285714285714,1.7741935483870968,54.4152713917679,2,183.5,2,0.0
21,10,5,5,0,1.5,0.8333333333333334,1.5625,51.38817537026338,1,163.5,0,1.0
37,21,9,12,5,6.0,0.6923076923076923,0.7377049180327869,77.33009385520356,5,218.7,2,0.0
36,7,4,3,1,4.5,1.0,0.4347826086956522,42.24609665294698,5,251.1,0,0.0
28,18,10,8,7,2.75,1.1111111111111112,1.7543859649122806,49.47402310296615,1,168.3,2,0.0
39,11,3,8,2,2.75,0.3333333333333333,0.5263157894736842,52.39967979978352,2,175.6,0,0.0
39,17,7,10,4,2.25,0.6363636363636364,1.4893617021276595,51.426489744764,3,309.5,0,0.0
18,18,14,4,5,6.25,2.8,1.1023622047244095,83.84037264967925,6,652.7,6,0.0
28,15,7,8,5,3.0,0.7777777777777778,1.129032258064516,68.11381090609662,3,316.8,2,0.0
37,11,3,8,1,5.25,0.3333333333333333,0.28037383177570097,60.30007676956376,7,188.8,4,0.0
41,16,5,11,2,4.25,0.4166666666666667,0.574712643678161,69.21966008840758,4,195.8,3,0.0
26,8,2,6,1,4.0,0.2857142857142857,0.24390243902439027,72.22677109775947,4,202.1,2,0.0
37,12,5,7,4,4.5,0.625,0.5434782608695653,65.11948718185987,2,266.7,1,0.0
32,21,8,13,5,3.0,0.5714285714285714,1.2903225806451613,59.24915780923239,3,526.1,3,0.0
22,7,1,6,0,1.25,0.14285714285714285,0.37037037037037035,38.95046422212463,1,141.2,4,1.0
41,16,7,9,2,3.5,0.7,0.9722222222222222,75.3523862186744,7,295.8,2,0.0
24,9,4,5,1,5.5,0.6666666666666666,0.35714285714285715,69.34430642695203,5,308.1,1,0.0
29,8,5,3,3,2.5,1.25,0.9615384615384615,58.419615928262715,3,114.4,5,0.0
42,3,1,2,0,3.0,0.3333333333333333,0.16129032258064516,55.472708126205525,3,65.1,1,1.0
37,11,8,3,4,4.0,2.0,0.9756097560975611,47.103930337955546,5,272.3,3,0.0
34,10,6,4,4,4.75,1.2,0.6185567010309279,56.5225348542245,4,265.3,2,0.0
40,17,5,12,2,1.75,0.38461538461538464,1.3513513513513513,65.67730568656106,7,498.9,1,0.0
36,28,19,9,10,4.5,1.9,2.065217391304348,67.58961784758175,6,286.3,1,0.0
40,24,11,13,3,3.75,0.7857142857142857,1.4285714285714286,65.58433528523419,2,376.4,1,0.0
19,8,4,4,1,2.5,0.8,0.7692307692307692,48.712945961732146,5,290.8,2,0.0
25,3,1,2,0,1.5,0.3333333333333333,0.3125,48.19435785434339,2,144.7,1,1.0
16,5,2,3,0,3.0,0.5,0.3225806451612903,65.77532224832916,3,51.6,0,1.0
40,12,7,5,2,4.25,1.1666666666666667,0.8045977011494253,56.68854207529466,6,404.2,3,0.0
35,10,5,5,3,4.75,0.8333333333333334,0.5154639175257733,50.61029523451219,3,242.4,3,0.0
42,24,13,11,8,5.5,1.0833333333333333,1.1607142857142858,74.93669108450918,4,190.0,3,0.0
16,11,5,6,1,6.5,0.7142857142857143,0.3787878787878788,78.07763695050998,7,510.2,2,0.0
20,15,9,6,5,3.25,1.2857142857142858,1.3432835820895521,52.853209409182824,5,199.9,1,0.0
30,19,12,7,7,6.0,1.5,0.9836065573770493,71.96271444980884,5,428.70000000000005,1,0.0
26,13,7,6,2,3.75,1.0,0.9090909090909091,78.11517092912318,4,157.2,2,0.0
22,17,7,10,5,5.5,0.6363636363636364,0.625,66.45457140464337,6,329.7,1,0.0
41,17,6,11,2,5.75,0.5,0.5128205128205129,77.18334654637573,4,369.1,1,0.0
20,8,4,4,0,4.75,0.8,0.4123711340206186,83.89596818951216,4,291.9,4,1.0
32,14,7,7,6,3.5,0.875,0.9722222222222222,66.32649516326849,6,216.7,1,0.0
44,6,2,4,1,3.25,0.4,0.29850746268656714,59.915702186722015,4,274.6,0,0.0
42,30,14,16,6,5.25,0.8235294117647058,1.3084112149532712,71.14267637316811,7,719.1,3,0.0
24,5,1,4,1,2.75,0.2,0.17543859649122806,55.115748751111965,0,160.0,1,0.0
37,23,12,11,6,5.0,1.0,1.1764705882352942,86.58072104832718,6,571.9,5,0.0
40,18,8,10,3,2.5,0.7272727272727273,1.5384615384615383,73.00760406700853,3,502.3,2,0.0
42,20,13,7,6,3.25,1.625,1.9402985074626866,70.75621856898258,8,359.0,5,0.0
33,11,5,6,4,2.5,0.7142857142857143,0.9615384615384615,69.4592256595249,6,161.6,5,0.0
26,14,4,10,0,3.5,0.36363636363636365,0.5555555555555556,65.03790456257292,6,236.7,1,1.0
41,11,6,5,3,4.5,1.0,0.6521739130434783,62.3797743840288,1,194.6,2,0.0
18,32,16,16,9,5.75,0.9411764705882353,1.3675213675213675,91.77553887610134,6,452.59999999999997,1,0.0
24,6,3,3,2,2.0,0.75,0.7142857142857143,39.391252968242874,1,233.8,1,0.0
44,19,10,9,5,2.75,1.0,1.7543859649122806,80.0452255732924,4,265.1,2,0.0
23,22,9,13,2,4.0,0.6428571428571429,1.0975609756097562,63.210686918960164,4,206.6,4,0.0
18,18,9,9,4,6.5,0.9,0.6818181818181819,79.90758378653189,8,495.29999999999995,4,0.0
38,17,8,9,3,2.0,0.8,1.9047619047619047,51.00280899503623,5,192.4,2,0.0
18,12,3,9,0,3.5,0.3,0.41666666666666663,52.91132764677127,3,226.3,0,1.0
43,11,4,7,0,2.0,0.5,0.9523809523809523,69.30614529277459,3,172.3,1,1.0
23,9,4,5,2,2.25,0.6666666666666666,0.851063829787234,56.58753340081048,4,250.9,0,0.0
17,14,7,7,4,8.5,0.875,0.4069767441860465,69.42140745259431,7,323.5,7,0.0
37,20,12,8,5,7.75,1.3333333333333333,0.7643312101910829,88.75160540090357,7,193.9,4,0.0
41,22,13,9,7,3.75,1.3,1.6883116883116882,77.82360148684387,6,454.5,3,0.0
17,21,12,9,4,5.5,1.2,1.0714285714285714,72.8143938431896,6,446.9,2,0.0
30,3,1,2,0,1.5,0.3333333333333333,0.3125,33.5013521431796,1,170.70000000000002,1,1.0
27,17,9,8,5,3.5,1.0,1.25,70.26218169871935,5,266.5,2,0.0
25,16,8,8,7,1.25,0.8888888888888888,2.962962962962963,50.74620002830133,5,198.79999999999998,4,0.0
44,12,3,9,0,4.5,0.3,0.32608695652173914,69.22223828778625,2,204.0,2,1.0
17,4,2,2,0,1.25,0.6666666666666666,0.7407407407407407,41.57608963202204,2,100.1,0,1.0
42,15,8,7,2,3.5,1.0,1.1111111111111112,52.05277595207792,3,112.9,2,0.0
31,14,4,10,0,3.25,0.36363636363636365,0.5970149253731343,64.75877767659198,2,62.7,1,1.0
43,2,1,1,0,0.5,0.5,0.8333333333333334,35.2089552912048,0,43.5,0,1.0
44,9,5,4,2,2.25,1.0,1.0638297872340425,59.41668327236945,4,219.9,0,0.0
24,22,12,10,2,5.25,1.0909090909090908,1.1214953271028039,67.95671412498274,4,189.8,7,0.0
29,13,8,5,5,1.75,1.3333333333333333,2.162162162162162,62.930447885862414,3,369.0,4,0.0
39,8,3,5,0,3.5,0.5,0.41666666666666663,65.31759128645571,2,129.70000000000002,1,1.0
16,16,11,5,6,6.25,1.8333333333333333,0.8661417322834646,73.65040111663424,5,440.7,2,0.0
35,18,9,9,5,4.5,0.9,0.9782608695652175,76.77692290732031,6,146.8,5,0.0
35,14,8,6,4,5.0,1.1428571428571428,0.7843137254901962,66.67577495875892,5,201.6,2,0.0
31,13,8,5,4,6.0,1.3333333333333333,0.6557377049180328,74.92583954323224,4,187.5,2,0.0
37,25,12,13,7,6.5,0.8571428571428571,0.9090909090909092,75.1956359441092,6,196.1,1,0.0
42,13,6,7,4,3.25,0.75,0.8955223880597015,56.31873306068405,3,295.8,3,0.0
22,21,13,8,5,3.5,1.4444444444444444,1.8055555555555556,59.17413124548742,3,275.0,3,0.0
29,18,9,9,5,2.75,0.9,1.5789473684210527,52.53511792368699,5,322.5,2,0.0
32,4,1,3,0,4.0,0.25,0.12195121951219513,67.16854868627877,2,50.2,1,1.0
25,16,5,11,3,3.75,0.4166666666666667,0.6493506493506493,70.2367124157846,6,325.0,6,0.0
44,19,8,11,4,3.75,0.6666666666666666,1.0389610389610389,73.36476021130551,4,149.5,4,0.0
33,31,17,14,6,3.5,1.1333333333333333,2.361111111111111,67.63624843437158,5,335.09999999999997,3,0.0
21,17,9,8,7,4.0,1.0,1.0975609756097562,73.66977267622536,5,282.2,1,0.0
28,22,9,13,5,7.5,0.6428571428571429,0.5921052631578948,74.02098580531462,5,583.4,3,0.0
34,20,13,7,9,5.0,1.625,1.2745098039215688,60.189235420767815,3,402.9,1,0.0
28,22,14,8,9,5.5,1.5555555555555556,1.25,70.86930075849719,6,583.7,2,0.0
25,11,9,2,6,4.0,3.0,1.0975609756097562,58.070190592893404,3,349.5,1,0.0
39,12,6,6,4,6.0,0.8571428571428571,0.49180327868852464,66.90814101189571,4,243.1,2,0.0
29,23,10,13,5,6.5,0.7142857142857143,0.7575757575757576,79.26198562317268,7,484.6,2,0.0
30,21,14,7,5,5.5,1.75,1.25,70.97361233197893,5,333.8,2,0.0
24,7,4,3,1,3.0,1.0,0.6451612903225806,49.32532945755644,2,104.5,0,0.0
31,11,6,5,4,4.75,1.0,0.6185567010309279,59.598651677545845,6,304.0,3,0.0
36,16,7,9,2,4.25,0.7,0.8045977011494253,67.67318832390816,6,143.6,0,0.0
44,9,3,6,1,4.75,0.42857142857142855,0.30927835051546393,68.86703841127878,6,128.7,3,0.0
32,11,8,3,2,2.75,2.0,1.4035087719298245,67.27577901596594,3,296.4,1,0.0
25,7,3,4,2,2.5,0.6,0.5769230769230769,50.040161666145536,3,157.4,1,0.0
18,12,10,2,4,3.5,3.3333333333333335,1.3888888888888888,70.74444196724447,5,230.0,1,0.0
35,15,9,6,4,2.75,1.2857142857142858,1.5789473684210527,69.54016755201461,5,202.0,2,0.0
39,20,8,12,6,4.75,0.6153846153846154,0.8247422680412372,65.76871664535183,3,321.70000000000005,2,0.0
32,6,2,4,0,2.75,0.4,0.3508771929824561,69.19647146893219,2,520.1,1,1.0
42,17,9,8,5,3.5,1.0,1.25,67.86704799526316,6,313.0,2,0.0
25,12,7,5,4,2.0,1.1666666666666667,1.6666666666666665,55.46826011156111,1,277.4,0,0.0
34,9,2,7,1,2.25,0.25,0.425531914893617,54.46923240894739,3,223.5,2,0.0
19,16,8,8,1,3.25,0.8888888888888888,1.1940298507462686,57.470083895874836,2,263.0,7,0.0
36,20,5,15,1,3.25,0.3125,0.7462686567164178,69.53394224406125,2,219.7,1,0.0
28,11,2,9,0,6.0,0.2,0.1639344262295082,61.29921601088727,5,336.8,0,1.0
33,17,11,6,5,3.25,1.5714285714285714,1.6417910447761193,62.852272982697976,5,425.9,1,0.0
27,6,6,0,5,2.25,6.0,1.276595744680851,62.407395957458355,1,304.7,2,0.0
33,8,2,6,0,2.5,0.2857142857142857,0.3846153846153846,61.47180521325436,2,338.5,1,1.0
31,8,5,3,3,3.25,1.25,0.7462686567164178,55.10678016736745,2,254.8,2,0.0
32,11,5,6,2,2.0,0.7142857142857143,1.1904761904761905,30.68010923795345,3,91.80000000000001,0,0.0
30,24,13,11,9,4.75,1.0833333333333333,1.3402061855670104,74.35906351476201,5,267.2,2,0.0
20,15,5,10,1,5.25,0.45454545454545453,0.4672897196261683,57.30464009261244,4,277.3,3,0.0
22,17,8,9,3,1.5,0.8,2.5,44.152041709376824,5,204.7,3,0.0
18,11,6,5,1,3.5,1.0,0.8333333333333333,60.260547023756175,3,265.3,0,0.0
21,11,4,7,0,3.25,0.5,0.5970149253731343,64.42055526703345,0,394.2,0,1.0
28,15,9,6,4,3.0,1.2857142857142858,1.4516129032258065,61.1044089042126,4,404.3,2,0.0
38,15,6,9,3,4.25,0.6,0.6896551724137931,69.83769778795498,8,196.79999999999998,2,0.0
21,13,3,10,1,4.75,0.2727272727272727,0.30927835051546393,63.34253549363131,4,234.39999999999998,2,0.0
26,20,8,12,3,4.75,0.6153846153846154,0.8247422680412372,68.33191623082138,5,239.3,2,0.0
38,21,10,11,4,4.25,0.8333333333333334,1.149425287356322,68.19145033715196,4,405.2,5,0.0
42,16,10,6,5,4.75,1.4285714285714286,1.0309278350515465,70.64888069159733,5,303.6,1,0.0
43,17,12,5,8,2.75,2.0,2.1052631578947367,49.83052676199694,0,293.5,4,0.0
17,15,7,8,4,4.0,0.7777777777777778,0.853658536585366,64.89410345136523,7,334.2,1,0.0
17,13,9,4,4,4.0,1.8,1.0975609756097562,66.30108424413577,6,195.1,3,0.0
37,3,1,2,1,1.5,0.3333333333333333,0.3125,50.675662356987665,3,97.2,0,0.0
22,11,6,5,2,1.5,1.0,1.875,47.10468583277584,2,291.3,0,0.0
36,19,10,9,6,4.0,1.0,1.2195121951219514,67.66935115793358,5,269.8,2,0.0
39,13,5,8,2,2.5,0.5555555555555556,0.9615384615384615,62.87688323317267,3,89.0,2,0.0
28,18,9,9,7,2.75,0.9,1.5789473684210527,66.29646359272773,5,283.0,4,0.0
32,17,13,4,8,4.75,2.6,1.3402061855670104,71.23141295944795,4,337.8,4,0.0
20,24,11,13,8,6.25,0.7857142857142857,0.8661417322834646,66.76182456239935,7,202.5,4,0.0
35,11,6,5,3,3.0,1.0,0.9677419354838709,58.15501696410654,3,237.5,2,0.0
43,22,14,8,6,4.0,1.5555555555555556,1.707317073170732,74.80916187850129,7,533.2,4,0.0
18,8,3,5,1,3.75,0.5,0.38961038961038963,50.2612296304754,3,224.70000000000002,0,0.0
34,14,5,9,2,3.0,0.5,0.8064516129032258,64.95779544619519,3,296.6,3,0.0
42,21,9,12,4,3.5,0.6923076923076923,1.25,62.80744223078943,8,295.3,4,0.0
36,12,3,9,3,3.5,0.3,0.41666666666666663,54.95763235473232,4,240.2,0,0.0
36,27,13,14,5,8.0,0.8666666666666667,0.8024691358024691,80.51026158840602,7,534.9,4,0.0
20,14,8,6,5,5.25,1.1428571428571428,0.7476635514018692,75.91533719457179,4,461.0,4,0.0
26,12,6,6,2,4.25,0.8571428571428571,0.6896551724137931,74.50540193541545,3,380.0,0,0.0
40,10,5,5,5,2.75,0.8333333333333334,0.8771929824561403,72.76105092474896,5,184.6,5,0.0
32,7,4,3,1,2.25,1.0,0.851063829787234,42.89415487181811,2,87.2,1,0.0
44,16,8,8,4,2.75,0.8888888888888888,1.4035087719298245,59.227364559614315,3,557.2,2,0.0
33,9,7,2,4,3.0,2.3333333333333335,1.129032258064516,51.05649620813979,4,99.60000000000001,3,0.0
23,7,5,2,2,3.5,1.6666666666666667,0.6944444444444444,58.0263677604121,2,277.5,1,0.0
44,9,7,2,3,4.75,2.3333333333333335,0.7216494845360826,79.85731908416165,8,354.1,3,0.0
21,16,4,12,4,8.25,0.3076923076923077,0.23952095808383234,67.5287714076656,5,419.5,2,0.0
19,25,13,12,7,4.25,1.0,1.4942528735632186,69.62321578236997,5,184.6,2,0.0
30,13,7,6,4,6.0,1.0,0.5737704918032788,74.1119258465503,8,594.0,3,0.0
27,16,10,6,6,5.5,1.4285714285714286,0.8928571428571429,74.85917678124001,7,523.3,3,0.0
30,3,2,1,1,1.0,1.0,0.9090909090909091,,0,91.6,1,0.0
42,13,6,7,3,2.0,0.75,1.4285714285714286,72.20723980780707,4,231.7,4,0.0
41,2,1,1,1,0.75,0.5,0.5882352941176471,57.089008451570805,0,51.800000000000004,1,0.0
22,14,10,4,5,5.75,2.0,0.8547008547008548,64.56043931912964,6,414.0,2,0.0
25,21,13,8,7,3.25,1.4444444444444444,1.9402985074626866,68.26511538329817,8,609.5,1,0.0
16,11,2,9,0,3.75,0.2,0.2597402597402597,68.37950629624383,2,112.7,0,1.0
35,18,14,4,9,3.75,2.8,1.8181818181818181,69.55513159737784,4,316.7,4,0.0
40,3,2,1,0,0.5,1.0,1.6666666666666667,33.542850918718,0,49.9,0,1.0
38,17,7,10,3,3.5,0.6363636363636364,0.9722222222222222,72.6351492955226,7,256.2,3,0.0
20,5,4,1,3,2.5,2.0,0.7692307692307692,53.592701182787366,0,137.3,2,0.0
36,11,6,5,1,2.25,1.0,1.276595744680851,55.20602740741051,3,129.6,2,0.0
20,22,7,15,3,4.25,0.4375,0.8045977011494253,63.04432926302586,5,331.6,2,0.0
19,16,8,8,3,3.75,0.8888888888888888,1.0389610389610389,80.71663725268573,6,485.79999999999995,3,0.0
36,13,11,2,2,5.5,3.6666666666666665,0.9821428571428572,80.0329517975455,6,164.3,4,0.0
33,8,3,5,3,1.25,0.5,1.111111111111111,48.0884891349854,3,74.5,0,0.0
30,26,7,19,3,4.75,0.35,0.7216494845360826,73.1216842107843,5,384.2,2,0.0
39,12,5,7,3,3.5,0.625,0.6944444444444444,55.78423357170742,5,127.10000000000001,3,0.0
33,13,6,7,4,2.25,0.75,1.276595744680851,54.79663396020493,1,174.2,1,0.0
23,8,4,4,2,3.25,0.8,0.5970149253731343,51.3271369344309,4,378.9,3,0.0
26,10,3,7,0,3.25,0.375,0.44776119402985076,64.32377593152127,4,113.1,0,1.0
30,17,9,8,2,3.75,1.0,1.1688311688311688,65.35553039587997,4,222.1,4,0.0
21,17,8,9,6,6.0,0.8,0.6557377049180328,76.65678793163036,7,517.6,1,0.0
27,8,4,4,3,4.5,0.8,0.4347826086956522,60.78599198801106,3,398.3,3,0.0
29,19,7,12,2,2.75,0.5384615384615384,1.2280701754385965,64.71893231497644,2,114.4,2,0.0
33,11,8,3,2,2.75,2.0,1.4035087719298245,57.701700995385714,2,210.7,2,0.0
20,9,5,4,2,4.0,1.0,0.6097560975609757,62.129284476331215,3,198.5,5,0.0
44,6,1,5,0,2.0,0.16666666666666666,0.23809523809523808,42.888940046332216,1,239.4,0,1.0
41,14,4,10,0,2.5,0.36363636363636365,0.7692307692307692,51.07319434446405,2,135.2,3,1.0
28,15,8,7,5,2.25,1.0,1.702127659574468,71.26483666821993,2,480.7,3,0.0
21,8,3,5,0,3.25,0.5,0.44776119402985076,52.25684940314645,1,116.2,3,1.0
33,23,15,8,8,5.25,1.6666666666666667,1.4018691588785048,67.81659275656217,5,272.3,0,0.0
34,14,9,5,6,3.5,1.5,1.25,73.4310599827794,6,278.1,0,0.0
18,15,11,4,5,1.75,2.2,2.972972972972973,64.95267590946115,3,284.5,0,0.0
24,14,9,5,6,3.5,1.5,1.25,56.95705413649628,2,158.0,1,0.0
24,13,9,4,4,4.5,1.8,0.9782608695652175,67.39465054218377,7,456.90000000000003,4,0.0
16,11,8,3,4,5.25,2.0,0.7476635514018692,69.10956742436203,3,264.6,1,0.0
38,5,3,2,2,1.5,1.0,0.9375,56.26628711597277,3,194.4,0,0.0
29,7,2,5,0,2.75,0.3333333333333333,0.3508771929824561,61.528605391899994,5,352.1,1,1.0
21,9,3,6,0,5.75,0.42857142857142855,0.25641025641025644,68.77774686421382,7,546.0,1,1.0
28,17,9,8,3,3.5,1.0,1.25,64.14726872843937,5,294.4,4,0.0
37,9,3,6,1,3.0,0.42857142857142855,0.48387096774193544,54.96764455337074,2,211.70000000000002,1,0.0
34,15,6,9,3,2.5,0.6,1.1538461538461537,59.22629608797265,5,348.4,1,0.0
44,15,10,5,5,3.5,1.6666666666666667,1.3888888888888888,60.53864424929641,6,400.9,2,0.0
19,20,13,7,5,4.5,1.625,1.4130434782608696,58.07192251754701,8,327.0,2,0.0
33,14,6,8,4,5.5,0.6666666666666666,0.5357142857142857,78.44673698219255,3,298.9,1,0.0
31,17,10,7,7,3.75,1.25,1.2987012987012987,55.03193941699136,4,325.6,4,0.0
21,14,9,5,6,4.75,1.5,0.9278350515463918,72.7370485957697,7,313.9,3,0.0
36,22,12,10,6,4.5,1.0909090909090908,1.3043478260869565,68.99788806811411,4,360.7,6,0.0
28,10,6,4,2,2.25,1.2,1.276595744680851,51.22876446326533,3,141.9,0,0.0
21,14,2,12,0,3.25,0.15384615384615385,0.29850746268656714,56.93971932936154,5,206.6,4,1.0
39,16,3,13,0,4.5,0.21428571428571427,0.32608695652173914,77.6256805902998,2,187.5,2,1.0
24,20,9,11,6,3.5,0.75,1.25,76.96566853112039,3,228.0,0,0.0
20,7,4,3,1,4.0,1.0,0.48780487804878053,53.262981735107665,4,322.5,1,0.0
35,3,1,2,0,2.75,0.3333333333333333,0.17543859649122806,60.71118974603081,0,193.5,1,1.0
41,14,7,7,5,1.75,0.875,1.8918918918918919,64.48064430484102,6,285.0,2,0.0
41,13,8,5,2,3.5,1.3333333333333333,1.1111111111111112,59.30138392550944,4,240.1,1,0.0
30,19,8,11,4,5.25,0.6666666666666666,0.7476635514018692,71.1325428360406,7,284.5,4,0.0
18,6,4,2,3,1.75,1.3333333333333333,1.081081081081081,39.68559742163905,4,122.9,0,0.0
30,11,7,4,1,2.0,1.4,1.6666666666666665,75.69343670950174,4,246.5,2,0.0
39,11,4,7,2,2.75,0.5,0.7017543859649122,53.84147528972071,2,110.9,3,0.0
41,17,7,10,2,4.5,0.6363636363636364,0.7608695652173914,71.47464140687103,6,413.59999999999997,2,0.0
31,12,7,5,3,4.5,1.1666666666666667,0.7608695652173914,71.90780206216218,5,504.4,3,0.0
37,8,5,3,1,3.0,1.25,0.8064516129032258,61.3732437492417,4,437.7,4,0.0
37,18,11,7,3,3.75,1.375,1.4285714285714286,67.68016843812778,2,187.1,1,0.0
39,14,5,9,5,6.0,0.5,0.4098360655737705,65.73288228585048,4,186.1,4,0.0
36,17,7,10,2,3.5,0.6363636363636364,0.9722222222222222,60.524066980597375,3,424.4,3,0.0
38,23,12,11,5,3.5,1.0,1.6666666666666665,59.56414576393853,5,492.59999999999997,0,0.0
34,13,8,5,2,2.75,1.3333333333333333,1.4035087719298245,56.55835209106378,3,131.0,2,0.0
17,15,8,7,5,2.5,1.0,1.5384615384615383,69.11664620992316,5,168.4,3,0.0
20,3,2,1,0,0.5,1.0,1.6666666666666667,30.57176186158933,1,78.3,0,1.0
43,13,5,8,4,3.5,0.5555555555555556,0.6944444444444444,65.88792971873241,3,191.0,2,0.0
32,7,5,2,0,1.5,1.6666666666666667,1.5625,51.34003660809005,2,300.8,1,1.0
36,19,9,10,2,3.25,0.8181818181818182,1.3432835820895521,83.19398559184573,3,241.0,7,0.0
41,23,17,6,11,3.0,2.4285714285714284,2.7419354838709675,73.00522879653597,4,279.7,4,0.0
21,26,14,12,6,6.25,1.0769230769230769,1.1023622047244095,68.17844625248,3,690.1,3,0.0
31,10,4,6,2,2.75,0.5714285714285714,0.7017543859649122,70.71945317822505,2,248.9,2,0.0
28,16,9,7,7,6.75,1.125,0.6569343065693432,77.75694097310313,7,321.0,1,0.0
42,20,13,7,9,5.25,1.625,1.2149532710280375,67.60522964702815,7,269.7,5,0.0
39,3,1,2,0,4.0,0.3333333333333333,0.12195121951219513,53.06513469555493,1,261.0,0,1.0
34,9,3,6,1,3.0,0.42857142857142855,0.48387096774193544,54.137729302565106,2,102.3,3,0.0
36,9,3,6,2,2.0,0.42857142857142855,0.7142857142857143,49.32658047814463,3,241.10000000000002,3,0.0
19,10,2,8,2,4.5,0.2222222222222222,0.2173913043478261,65.09246345898347,3,205.0,4,0.0
17,10,6,4,5,1.75,1.2,1.6216216216216215,52.02808777307513,1,133.1,1,0.0
36,8,3,5,2,2.0,0.5,0.7142857142857143,59.29893277972669,2,170.9,2,0.0
31,8,1,7,0,2.25,0.125,0.2127659574468085,49.30373177555586,0,155.60000000000002,0,1.0
19,8,5,3,1,3.0,1.25,0.8064516129032258,63.59340911010645,3,223.9,4,0.0
19,16,8,8,3,4.0,0.8888888888888888,0.9756097560975611,60.08564658840456,2,433.1,2,0.0
44,13,9,4,3,3.75,1.8,1.1688311688311688,70.41818754359824,2,179.9,1,0.0
16,15,8,7,5,6.75,1.0,0.5839416058394161,78.23165826648243,8,535.5,7,0.0
34,26,7,19,3,5.5,0.35,0.625,84.29737124840828,8,462.8,4,0.0
20,15,5,10,1,4.25,0.45454545454545453,0.574712643678161,65.83283272844915,5,412.1,0,0.0
22,10,4,6,2,3.5,0.5714285714285714,0.5555555555555556,75.03832959640737,4,341.7,4,0.0
18,6,3,3,3,1.0,0.75,1.3636363636363635,44.37776183276904,2,72.9,0,0.0
30,14,3,11,2,3.75,0.25,0.38961038961038963,64.17683610928795,5,221.2,2,0.0
19,20,12,8,3,2.5,1.3333333333333333,2.3076923076923075,78.22294084291508,5,439.0,1,0.0
39,12,3,9,2,2.5,0.3,0.5769230769230769,58.580960786791536,6,349.0,0,0.0
34,16,7,9,5,2.75,0.7,1.2280701754385965,67.0628002378191,1,156.5,0,0.0
24,18,9,9,6,3.75,0.9,1.1688311688311688,73.60347535198879,5,265.6,2,0.0
25,19,11,8,6,4.0,1.2222222222222223,1.3414634146341464,81.46388301787323,6,278.4,5,0.0
33,25,15,10,9,5.75,1.3636363636363635,1.2820512820512822,73.24684066126204,6,630.6999999999999,3,0.0
38,19,12,7,11,4.0,1.5,1.4634146341463417,68.24409306636608,3,165.1,1,0.0
40,8,5,3,2,3.75,1.25,0.6493506493506493,57.04664499012241,4,203.3,2,0.0
17,15,7,8,4,5.25,0.7777777777777778,0.6542056074766356,73.69568465491174,5,258.79999999999995,6,0.0
24,21,16,5,9,5.0,2.6666666666666665,1.5686274509803924,73.96300770001044,6,537.4,4,0.0
23,22,12,10,7,3.75,1.0909090909090908,1.5584415584415585,77.62677147124225,3,378.9,2,0.0
21,8,4,4,0,1.25,0.8,1.4814814814814814,47.689103195747954,3,151.6,1,1.0
42,16,6,10,2,4.0,0.5454545454545454,0.7317073170731708,61.2593300790601,5,411.2,1,0.0
17,14,7,7,4,5.0,0.875,0.6862745098039216,65.48449670771708,6,290.8,1,0.0
25,19,9,10,5,3.75,0.8181818181818182,1.1688311688311688,51.987646511604865,5,321.40000000000003,6,0.0
31,15,6,9,3,3.75,0.6,0.7792207792207793,54.831235188831904,0,215.2,1,0.0
22,18,7,11,4,6.5,0.5833333333333334,0.5303030303030303,81.79544513216315,8,639.7,5,0.0
19,8,4,4,1,1.25,0.8,1.4814814814814814,59.49243235972822,2,174.0,1,0.0
34,7,3,4,2,3.0,0.6,0.48387096774193544,65.28413669114362,3,289.7,1,0.0
32,14,5,9,0,4.5,0.5,0.5434782608695653,70.23368527481473,4,477.8,1,1.0
27,26,12,14,6,4.75,0.8,1.2371134020618557,71.50547054271009,5,564.6,3,0.0
20,21,9,12,4,4.75,0.6923076923076923,0.9278350515463918,68.96217914109143,5,563.9,1,0.0
30,6,3,3,1,2.5,0.75,0.5769230769230769,73.61342293848428,3,233.9,6,0.0
21,16,7,9,3,5.5,0.7,0.625,71.36905462624955,7,358.1,4,0.0
20,3,2,1,2,1.0,1.0,0.9090909090909091,22.59625928480741,3,129.5,0,0.0
30,17,9,8,4,5.0,1.0,0.8823529411764707,70.7335145556966,5,447.3,3,0.0
34,22,13,9,4,6.75,1.3,0.9489051094890512,68.73789822915906,6,479.5,4,0.0
24,12,5,7,1,2.0,0.625,1.1904761904761905,63.99557855393679,3,246.8,3,0.0
19,7,3,4,3,2.5,0.6,0.5769230769230769,59.53034127107214,3,486.1,3,0.0
32,19,9,10,5,4.5,0.8181818181818182,0.9782608695652175,60.863759122007394,3,171.3,6,0.0
37,27,13,14,5,3.5,0.8666666666666667,1.8055555555555556,82.6001688964989,5,570.9,4,0.0
27,9,4,5,0,1.0,0.6666666666666666,1.8181818181818181,52.019875433373365,2,150.0,2,1.0
23,17,6,11,3,3.75,0.5,0.7792207792207793,50.00025705930055,4,225.2,1,0.0
32,3,2,1,1,1.75,1.0,0.5405405405405405,50.557506536618384,2,261.9,1,0.0
35,25,12,13,5,4.5,0.8571428571428571,1.3043478260869565,65.93991108077515,4,421.3,1,0.0
32,16,3,13,0,2.75,0.21428571428571427,0.5263157894736842,60.954555259343834,2,294.1,1,1.0
31,24,14,10,3,5.0,1.2727272727272727,1.3725490196078431,83.11885189884244,6,393.5,2,0.0
34,10,5,5,3,1.5,0.8333333333333334,1.5625,59.3094140467914,2,124.0,1,0.0
40,17,11,6,1,3.75,1.5714285714285714,1.4285714285714286,71.00626056969008,7,476.0,3,0.0
23,15,5,10,1,3.0,0.45454545454545453,0.8064516129032258,73.50680247530713,4,195.1,2,0.0
37,12,6,6,2,4.25,0.8571428571428571,0.6896551724137931,59.55665413550181,4,319.0,3,0.0
25,19,13,6,7,6.5,1.8571428571428572,0.9848484848484849,82.19660535602696,6,296.9,4,0.0
34,21,9,12,5,6.75,0.6923076923076923,0.6569343065693432,70.04407271695798,4,426.9,2,0.0
23,23,13,10,6,6.0,1.1818181818181819,1.0655737704918034,65.0808323565399,5,383.59999999999997,3,0.0
31,18,8,10,6,3.75,0.7272727272727273,1.0389610389610389,69.09428611695051,6,352.59999999999997,2,0.0
34,26,16,10,9,5.5,1.4545454545454546,1.4285714285714286,60.671734308816006,6,264.8,1,0.0
27,5,1,4,0,1.25,0.2,0.37037037037037035,46.48531737538448,1,68.0,0,1.0
25,16,6,10,5,3.25,0.5454545454545454,0.8955223880597015,62.00824645543375,2,389.9,2,0.0
27,15,4,11,0,4.0,0.3333333333333333,0.48780487804878053,71.84916563100099,5,306.1,2,1.0
36,10,5,5,3,3.5,0.8333333333333334,0.6944444444444444,64.4617413699159,3,273.6,2,0.0
29,20,8,12,4,6.25,0.6153846153846154,0.6299212598425197,60.762326513704764,3,261.7,2,0.0
17,19,9,10,4,3.0,0.8181818181818182,1.4516129032258065,60.33000162581692,4,230.5,1,0.0
35,19,11,8,5,5.5,1.2222222222222223,0.9821428571428572,72.68933622093664,1,371.5,4,0.0
20,17,7,10,3,4.75,0.6363636363636364,0.7216494845360826,80.7533103393596,7,690.9,4,0.0
18,11,8,3,1,4.5,2.0,0.8695652173913044,60.4020879967602,2,199.2,2,0.0
38,10,7,3,2,4.25,1.75,0.8045977011494253,78.67210057521996,4,347.9,5,0.0
28,12,7,5,4,5.5,1.1666666666666667,0.625,77.32741174392211,5,491.3,7,0.0
44,5,2,3,0,4.0,0.5,0.24390243902439027,62.95468632742619,2,354.7,2,1.0
39,24,12,12,9,5.5,0.9230769230769231,1.0714285714285714,76.46394227753687,5,314.4,5,0.0
27,11,4,7,1,4.0,0.5,0.48780487804878053,46.98447402381186,1,109.2,3,0.0
36,15,4,11,4,5.25,0.3333333333333333,0.3738317757009346,62.4871864558961,4,203.0,2,0.0
25,11,7,4,4,1.25,1.4,2.5925925925925926,59.01862703116622,2,170.79999999999998,0,0.0
36,5,2,3,1,1.5,0.5,0.625,55.89171511531421,2,120.8,2,0.0
33,6,1,5,0,3.0,0.16666666666666666,0.16129032258064516,66.40919766797842,2,96.2,0,1.0
17,9,3,6,0,1.5,0.42857142857142855,0.9375,58.59167268725938,2,168.79999999999998,1,1.0
30,21,10,11,5,4.5,0.8333333333333334,1.0869565217391306,54.68820596363503,6,268.7,1,0.0
16,10,6,4,3,3.75,1.2,0.7792207792207793,63.64180518164493,5,394.5,4,0.0
36,14,11,3,9,4.75,2.75,1.1340206185567012,60.19537591401594,6,216.9,4,0.0
30,13,4,9,1,2.75,0.4,0.7017543859649122,44.88855866254485,3,235.6,0,0.0
41,18,10,8,4,4.5,1.1111111111111112,1.0869565217391306,76.72410378350722,6,694.2,1,0.0
34,9,4,5,3,2.0,0.6666666666666666,0.9523809523809523,43.67235279069232,3,116.3,1,0.0
20,15,9,6,5,3.5,1.2857142857142858,1.25,62.38156839830291,3,339.7,1,0.0
33,31,13,18,3,6.5,0.6842105263157895,0.9848484848484849,71.99256525726645,3,153.3,0,0.0
20,26,10,16,5,6.25,0.5882352941176471,0.7874015748031497,60.31373721829606,2,700.7,0,0.0
18,12,6,6,3,4.25,0.8571428571428571,0.6896551724137931,74.87747310579726,7,328.5,2,0.0
25,14,4,10,4,4.25,0.36363636363636365,0.4597701149425288,69.19176205159995,5,219.3,5,0.0
42,14,8,6,2,3.0,1.1428571428571428,1.2903225806451613,73.47097039813974,4,273.0,1,0.0
43,5,3,2,2,2.25,1.0,0.6382978723404255,45.64482037923723,3,83.7,4,0.0
19,16,5,11,3,3.0,0.4166666666666667,0.8064516129032258,61.08465862537861,5,266.0,2,0.0
38,26,17,9,9,6.5,1.7,1.2878787878787878,74.37431925134818,6,488.1,3,0.0
28,19,9,10,5,3.25,0.8181818181818182,1.3432835820895521,63.9505233603603,5,236.6,2,0.0
35,8,4,4,0,3.5,0.8,0.5555555555555556,62.47195031309877,3,280.8,1,1.0
32,17,8,9,2,3.5,0.8,1.1111111111111112,66.87963454449974,5,228.7,4,0.0
22,21,8,13,4,5.75,0.5714285714285714,0.6837606837606838,68.88985742964309,5,406.0,1,0.0
30,20,6,14,1,4.5,0.4,0.6521739130434783,68.90641197310318,3,239.8,2,0.0
39,6,2,4,1,2.75,0.4,0.3508771929824561,44.98286820985185,2,232.6,1,0.0
32,14,6,8,2,6.0,0.6666666666666666,0.49180327868852464,60.98875058477289,5,640.8000000000001,2,0.0
31,17,6,11,3,5.0,0.5,0.5882352941176471,58.2091631104801,3,226.0,0,0.0
31,14,9,5,6,4.0,1.5,1.0975609756097562,51.558537548621324,3,324.8,2,0.0
18,13,6,7,2,2.75,0.75,1.0526315789473684,47.93901728508552,4,149.1,4,0.0
19,21,10,11,6,5.75,0.8333333333333334,0.8547008547008548,79.63424400422484,5,622.5,5,0.0
43,10,5,5,2,3.5,0.8333333333333334,0.6944444444444444,54.97273760891997,4,277.4,2,0.0
17,17,10,7,5,2.25,1.25,2.127659574468085,52.906856871700214,5,206.6,2,0.0
28,8,3,5,0,3.25,0.5,0.44776119402985076,62.01518229396922,2,297.0,1,1.0
42,24,14,10,7,5.5,1.2727272727272727,1.25,73.07724374738903,6,297.8,6,0.0
38,19,11,8,1,3.75,1.2222222222222223,1.4285714285714286,60.77530199043903,4,303.40000000000003,3,0.0
36,26,12,14,4,3.75,0.8,1.5584415584415585,63.90948637921798,3,394.2,3,0.0
40,6,3,3,0,2.25,0.75,0.6382978723404255,,2,207.9,2,1.0
16,16,10,6,3,4.75,1.4285714285714286,1.0309278350515465,62.75315910387123,5,292.8,0,0.0
35,5,3,2,1,1.25,1.0,1.111111111111111,43.61652635000752,4,356.5,1,0.0
34,12,8,4,5,4.0,1.6,0.9756097560975611,48.176164089811955,1,379.5,1,0.0
29,22,12,10,5,4.75,1.0909090909090908,1.2371134020618557,66.60090448706697,5,179.8,2,0.0
27,7,3,4,1,4.0,0.6,0.3658536585365854,58.29934789690803,4,479.6,4,0.0
21,18,13,5,5,4.75,2.1666666666666665,1.3402061855670104,70.94344015029864,5,310.3,3,0.0
27,20,11,9,6,5.75,1.1,0.9401709401709403,71.47246536227009,7,505.8,2,0.0
36,14,6,8,3,2.75,0.6666666666666666,1.0526315789473684,65.11342531847464,6,324.9,0,0.0
18,9,4,5,3,3.0,0.6666666666666666,0.6451612903225806,54.05204689114002,2,118.9,1,0.0
30,10,4,6,1,3.5,0.5714285714285714,0.5555555555555556,63.566176262773816,2,281.4,5,0.0
36,11,5,6,3,3.25,0.7142857142857143,0.7462686567164178,63.8064608757735,4,389.6,5,0.0
17,9,6,3,0,1.5,1.5,1.875,54.49946646735546,2,239.4,1,1.0
20,18,11,7,5,5.25,1.375,1.0280373831775702,68.97898019558272,5,386.9,3,0.0
41,10,4,6,3,3.25,0.5714285714285714,0.5970149253731343,51.842255734475906,2,259.5,2,0.0
21,15,7,8,3,3.0,0.7777777777777778,1.129032258064516,72.5112582107527,5,309.0,4,0.0
20,18,9,9,3,5.0,0.9,0.8823529411764707,77.86159073444188,4,402.09999999999997,3,0.0
26,16,4,12,0,6.25,0.3076923076923077,0.31496062992125984,84.47307444142304,5,644.8,1,1.0
27,14,9,5,3,6.5,1.5,0.6818181818181819,90.50660785291244,7,581.1,4,0.0
25,15,7,8,3,2.75,0.7777777777777778,1.2280701754385965,57.57678524472557,4,280.9,3,0.0
43,17,8,9,5,6.5,0.8,0.6060606060606061,80.5926028465974,7,456.3,4,0.0
35,17,8,9,6,4.5,0.8,0.8695652173913044,64.91555326075915,4,203.1,2,0.0
28,16,6,10,5,4.5,0.5454545454545454,0.6521739130434783,62.268701658726926,4,484.6,5,0.0
39,15,9,6,4,3.25,1.2857142857142858,1.3432835820895521,61.612358452203836,4,387.3,4,0.0
17,16,8,8,7,4.75,0.8888888888888888,0.8247422680412372,76.85080501377497,5,262.1,4,0.0
40,11,2,9,1,4.75,0.2,0.2061855670103093,61.09209413922077,4,208.60000000000002,3,0.0
35,26,14,12,7,5.0,1.0769230769230769,1.3725490196078431,78.777903941075,8,648.3,2,0.0
43,18,9,9,6,3.0,0.9,1.4516129032258065,60.61799319900196,2,222.0,3,0.0
32,23,7,16,4,4.5,0.4117647058823529,0.7608695652173914,81.52958798001006,6,277.2,2,0.0
33,18,7,11,4,3.0,0.5833333333333334,1.129032258064516,61.091199353454314,3,364.3,2,0.0
34,18,11,7,5,4.0,1.375,1.3414634146341464,62.144090011469835,3,244.1,3,0.0
21,7,3,4,2,4.0,0.6,0.3658536585365854,59.73344753146473,3,222.9,1,0.0
31,13,6,7,2,3.25,0.75,0.8955223880597015,61.66795416373007,4,259.6,2,0.0
20,15,6,9,2,3.25,0.6,0.8955223880597015,65.24986659878827,5,253.60000000000002,2,0.0
38,20,13,7,7,4.25,1.625,1.4942528735632186,69.22453229652649,3,263.8,2,0.0
19,8,6,2,2,3.75,2.0,0.7792207792207793,66.13669205169536,2,216.10000000000002,2,0.0
43,18,11,7,4,5.25,1.375,1.0280373831775702,74.40213802459418,3,328.8,6,0.0
35,23,12,11,6,4.5,1.0,1.3043478260869565,78.63102181854288,5,539.2,4,0.0
25,17,4,13,0,7.5,0.2857142857142857,0.2631578947368421,72.23925246233128,4,217.9,3,1.0
26,7,4,3,2,2.75,1.0,0.7017543859649122,55.57463976896551,3,76.2,0,0.0
32,20,13,7,9,6.0,1.625,1.0655737704918034,74.92274522135547,7,162.9,5,0.0
22,21,7,14,3,2.5,0.4666666666666667,1.346153846153846,69.54078197711527,6,235.1,1,0.0
20,13,7,6,4,3.0,1.0,1.129032258064516,55.89832451353077,1,192.29999999999998,1,0.0
27,13,9,4,6,4.5,1.8,0.9782608695652175,67.85604293453511,3,347.0,0,0.0
38,14,7,7,2,3.25,0.875,1.044776119402985,50.0405225206595,3,182.1,3,0.0
30,16,10,6,6,3.5,1.4285714285714286,1.3888888888888888,66.9827793380419,7,524.2,2,0.0
44,21,11,10,6,4.0,1.0,1.3414634146341464,74.45578524174137,4,140.0,6,0.0
42,14,6,8,5,3.5,0.6666666666666666,0.8333333333333333,66.56607055481864,5,214.6,1,0.0
29,19,8,11,4,4.5,0.6666666666666666,0.8695652173913044,66.81547116519353,7,453.6,4,0.0
20,20,10,10,3,2.5,0.9090909090909091,1.923076923076923,75.89732620281629,5,472.0,1,0.0
20,15,8,7,5,6.0,1.0,0.6557377049180328,70.82030109404788,6,556.7,1,0.0
34,30,19,11,10,6.0,1.5833333333333333,1.557377049180328,76.40481321105106,7,645.1,8,0.0
44,15,8,7,4,4.5,1.0,0.8695652173913044,77.60429959535921,8,423.8,4,0.0
41,8,4,4,1,2.25,0.8,0.851063829787234,54.191720292462904,2,206.2,1,0.0
35,12,8,4,6,6.0,1.6,0.6557377049180328,65.21040580140154,3,252.9,3,0.0
20,12,5,7,5,6.5,0.625,0.3787878787878788,69.38793905697946,7,320.5,5,0.0
26,8,3,5,2,2.25,0.5,0.6382978723404255,50.62399238066128,4,403.40000000000003,1,0.0
44,16,11,5,5,3.25,1.8333333333333333,1.6417910447761193,63.60666885471003,6,296.1,4,0.0
25,16,9,7,7,5.0,1.125,0.8823529411764707,64.42426343686121,7,221.0,2,0.0
40,30,11,19,6,6.75,0.55,0.8029197080291971,70.13853735428708,8,436.90000000000003,5,0.0
43,7,4,3,1,2.25,1.0,0.851063829787234,65.80701012167107,2,242.29999999999998,2,0.0
35,15,4,11,1,5.0,0.3333333333333333,0.3921568627450981,64.02245429780945,7,430.09999999999997,5,0.0
34,8,4,4,1,3.25,0.8,0.5970149253731343,61.71674409693748,4,263.0,2,0.0
26,7,2,5,1,1.5,0.3333333333333333,0.625,59.15152835106653,1,148.5,1,0.0
26,22,10,12,6,3.0,0.7692307692307693,1.6129032258064515,69.28139890594377,6,773.3,2,0.0
42,10,4,6,2,3.25,0.5714285714285714,0.5970149253731343,55.06504757347984,1,295.7,2,0.0
30,15,10,5,3,3.75,1.6666666666666667,1.2987012987012987,59.726411966393826,2,192.4,2,0.0
25,22,12,10,3,6.0,1.0909090909090908,0.9836065573770493,67.80240177262306,5,253.9,3,0.0
21,20,9,11,6,2.75,0.75,1.5789473684210527,65.80637268952104,4,402.4,4,0.0
16,19,10,9,6,2.5,1.0,1.923076923076923,79.95794480818773,7,208.9,1,0.0
32,10,7,3,3,4.25,1.75,0.8045977011494253,59.48228085073608,4,303.4,1,0.0
35,38,20,18,12,7.5,1.0526315789473684,1.3157894736842106,90.35138497647567,8,529.0,5,0.0
39,16,7,9,2,2.75,0.7,1.2280701754385965,51.32992961212753,5,414.8,2,0.0
26,10,4,6,4,3.75,0.5714285714285714,0.5194805194805194,59.285596254912086,4,463.0,3,0.0
40,12,8,4,3,4.25,1.6,0.9195402298850576,56.97720692247794,4,236.8,2,0.0
38,11,6,5,4,1.5,1.0,1.875,65.86908331451225,6,239.6,0,0.0
17,20,11,9,5,4.25,1.1,1.264367816091954,75.76156504050688,7,474.0,5,0.0
33,24,11,13,5,5.75,0.7857142857142857,0.9401709401709403,68.41875630283698,8,300.9,1,0.0
40,18,6,12,5,3.0,0.46153846153846156,0.9677419354838709,75.29490358135845,7,252.5,4,0.0
30,22,13,9,8,4.25,1.3,1.4942528735632186,71.38927438412297,4,501.3,3,0.0
29,11,4,7,3,4.5,0.5,0.4347826086956522,65.41963758389953,4,290.1,4,0.0
27,30,19,11,5,4.75,1.5833333333333333,1.9587628865979383,45.47830791150343,5,387.2,3,0.0
28,11,8,3,3,4.0,2.0,0.9756097560975611,64.47847544559787,6,260.2,2,0.0
16,30,10,20,0,5.5,0.47619047619047616,0.8928571428571429,73.91592499365453,4,336.0,3,1.0
19,9,3,6,2,4.0,0.42857142857142855,0.3658536585365854,64.21607547382249,3,238.3,3,0.0
37,17,11,6,6,4.5,1.5714285714285714,1.1956521739130437,71.40777119671331,6,352.3,2,0.0
26,18,12,6,8,5.25,1.7142857142857142,1.1214953271028039,67.52691247003705,7,718.6,2,0.0
40,8,2,6,1,1.75,0.2857142857142857,0.5405405405405405,60.95895939480593,2,171.9,1,0.0
27,14,4,10,3,5.5,0.36363636363636365,0.35714285714285715,72.69042637038565,6,511.6,1,0.0
44,7,4,3,2,1.5,1.0,1.25,38.34104638884848,1,175.7,0,0.0
39,19,4,15,2,3.0,0.25,0.6451612903225806,69.02484842210495,5,165.1,6,0.0
30,12,7,5,5,2.75,1.1666666666666667,1.2280701754385965,63.34987153701431,3,320.6,3,0.0
34,11,5,6,2,4.5,0.7142857142857143,0.5434782608695653,69.66270216610735,6,205.1,2,0.0
23,20,11,9,8,5.25,1.1,1.0280373831775702,95.68066839662755,7,278.1,3,0.0
24,1,1,0,0,1.25,1.0,0.37037037037037035,51.84912485928834,1,49.5,1,1.0
26,2,2,0,2,1.5,2.0,0.625,43.52312780507839,0,58.6,1,0.0
36,6,6,0,2,3.25,6.0,0.8955223880597015,46.014106040834974,2,166.7,1,0.0
20,11,7,4,2,5.0,1.4,0.6862745098039216,62.37438859993542,4,344.3,3,0.0
24,21,6,15,4,3.0,0.375,0.9677419354838709,75.54964916292892,4,167.5,3,0.0
18,6,3,3,1,0.75,0.75,1.7647058823529411,46.621352323619845,0,132.4,1,0.0
23,13,6,7,4,3.0,0.75,0.9677419354838709,69.06687199534414,2,322.7,3,0.0
30,21,10,11,4,6.0,0.8333333333333334,0.819672131147541,74.79514422272806,7,336.90000000000003,5,0.0
18,7,3,4,1,3.75,0.6,0.38961038961038963,52.49403151256121,4,362.5,0,0.0
30,13,5,8,4,2.0,0.5555555555555556,1.1904761904761905,44.011446544390715,2,226.0,2,0.0
36,9,5,4,3,2.75,1.0,0.8771929824561403,52.12000113157877,2,161.6,0,0.0
33,14,8,6,4,3.5,1.1428571428571428,1.1111111111111112,66.1282609434965,2,142.0,5,0.0
40,5,4,1,2,3.5,2.0,0.5555555555555556,51.60072721458815,5,246.10000000000002,2,0.0
43,12,9,3,7,1.5,2.25,2.8125,53.91166602916599,1,222.89999999999998,1,0.0
31,21,9,12,5,7.0,0.6923076923076923,0.6338028169014085,71.70356788487877,6,690.3000000000001,6,0.0
18,13,6,7,2,3.25,0.75,0.8955223880597015,72.6070109316905,2,224.0,0,0.0
41,18,6,12,1,4.25,0.46153846153846156,0.6896551724137931,70.99350308183234,4,396.6,4,0.0
39,7,1,6,1,3.25,0.14285714285714285,0.14925373134328357,62.511094508902126,2,119.3,0,0.0
43,14,7,7,4,4.25,0.875,0.8045977011494253,67.71459399036583,2,330.6,4,0.0
20,3,1,2,0,1.0,0.3333333333333333,0.45454545454545453,44.284722660800924,0,61.699999999999996,2,1.0
28,22,11,11,7,4.75,0.9166666666666666,1.1340206185567012,82.24942950433108,6,198.2,5,0.0
34,13,4,9,2,5.25,0.4,0.3738317757009346,68.10131814513485,5,345.7,1,0.0
42,15,10,5,5,1.0,1.6666666666666667,4.545454545454545,59.544402598134894,5,174.3,1,0.0
38,11,4,7,1,4.25,0.5,0.4597701149425288,62.29434442384927,4,200.3,1,0.0
33,26,14,12,9,5.5,1.0769230769230769,1.25,90.19292265273182,8,404.0,3,0.0
27,11,5,6,2,3.75,0.7142857142857143,0.6493506493506493,59.174782890423046,5,184.5,2,0.0
34,16,8,8,3,3.75,0.8888888888888888,1.0389610389610389,62.679760722030366,7,281.0,2,0.0
29,23,7,16,5,4.5,0.4117647058823529,0.7608695652173914,83.17774439533677,6,676.0,4,0.0
43,16,10,6,5,3.0,1.4285714285714286,1.6129032258064515,69.61930119326377,5,252.0,0,0.0
16,6,3,3,2,1.75,0.75,0.8108108108108107,49.87181580590965,1,90.80000000000001,2,0.0
22,14,5,9,2,4.0,0.5,0.6097560975609757,59.56082887065065,4,423.9,3,0.0
42,7,3,4,3,4.75,0.6,0.30927835051546393,65.31373039075034,2,276.9,1,0.0
44,17,6,11,2,5.0,0.5,0.5882352941176471,80.4591255003176,4,180.9,2,0.0
22,12,4,8,1,4.25,0.4444444444444444,0.4597701149425288,58.79228905319521,3,245.7,2,0.0
17,17,10,7,6,4.5,1.25,1.0869565217391306,70.12888978359365,3,445.70000000000005,2,0.0
31,23,12,11,7,3.75,1.0,1.5584415584415585,73.04749569601066,6,309.9,1,0.0
16,6,1,5,1,2.0,0.16666666666666666,0.23809523809523808,54.307361630543824,3,129.7,0,0.0
34,9,4,5,2,3.25,0.6666666666666666,0.5970149253731343,47.93438932683816,5,241.70000000000002,4,0.0
33,10,5,5,3,2.5,0.8333333333333334,0.9615384615384615,67.72766752415926,5,135.4,1,0.0
22,12,7,5,2,2.0,1.1666666666666667,1.6666666666666665,56.77538206401921,3,218.4,0,0.0
42,10,1,9,0,2.25,0.1,0.2127659574468085,56.46736944112078,2,105.0,0,1.0
22,8,4,4,1,2.75,0.8,0.7017543859649122,66.5271551073897,3,132.4,0,0.0
22,8,2,6,1,3.75,0.2857142857142857,0.2597402597402597,55.4004338946896,2,165.6,3,0.0
31,6,2,4,0,2.0,0.4,0.47619047619047616,,0,150.1,1,1.0
30,16,10,6,2,3.75,1.4285714285714286,1.2987012987012987,56.94661648178214,4,383.3,2,0.0
42,12,7,5,2,3.5,1.1666666666666667,0.9722222222222222,42.84755926372207,5,204.7,2,0.0
37,5,4,1,0,4.25,2.0,0.4597701149425288,61.548382317610255,2,233.6,1,1.0
37,16,10,6,6,4.0,1.4285714285714286,1.2195121951219514,61.20080186519116,5,381.59999999999997,4,0.0
28,17,4,13,1,2.0,0.2857142857142857,0.9523809523809523,65.20552725159858,3,256.3,1,0.0
16,7,1,6,0,2.5,0.14285714285714285,0.1923076923076923,,1,187.6,3,1.0
22,22,13,9,7,4.75,1.3,1.3402061855670104,76.20672577585735,7,519.9,1,0.0
21,14,8,6,4,2.0,1.1428571428571428,1.9047619047619047,64.88921069997633,0,254.2,5,0.0
32,15,5,10,1,2.0,0.45454545454545453,1.1904761904761905,67.33665070621609,5,243.5,3,0.0
17,11,5,6,2,2.5,0.7142857142857143,0.9615384615384615,64.23057838876859,4,198.4,1,0.0
28,14,6,8,4,3.5,0.6666666666666666,0.8333333333333333,59.17282288023055,4,222.6,2,0.0
16,16,9,7,8,6.25,1.125,0.7086614173228347,87.15356153288872,7,516.5,3,0.0
44,10,6,4,3,2.75,1.2,1.0526315789473684,60.909162285189986,3,139.4,2,0.0
25,16,10,6,7,1.5,1.4285714285714286,3.125,53.03454570622915,5,195.4,1,0.0
26,23,12,11,4,5.5,1.0,1.0714285714285714,74.66420549129423,8,607.5,4,0.0
21,10,5,5,2,1.0,0.8333333333333334,2.2727272727272725,44.45129283652351,2,309.8,0,0.0
23,11,5,6,2,3.75,0.7142857142857143,0.6493506493506493,62.46604106265334,5,214.9,6,0.0
32,21,13,8,6,3.25,1.4444444444444444,1.9402985074626866,78.00253270641484,2,318.2,2,0.0
37,15,6,9,4,3.75,0.6,0.7792207792207793,73.42121649012456,3,484.7,0,0.0
30,5,2,3,0,3.0,0.5,0.3225806451612903,48.061467766052104,2,97.39999999999999,0,1.0
37,25,17,8,10,4.25,1.8888888888888888,1.9540229885057472,76.78172824147785,6,359.0,5,0.0
33,11,6,5,1,4.0,1.0,0.7317073170731708,60.983567723339455,2,366.2,1,0.0
26,26,14,12,7,6.75,1.0769230769230769,1.0218978102189782,70.88329201437375,8,491.3,7,0.0
38,8,2,6,1,5.25,0.2857142857142857,0.1869158878504673,65.0740457393303,6,233.4,3,0.0
21,29,13,16,7,5.5,0.7647058823529411,1.1607142857142858,67.25221192293235,8,486.7,5,0.0
30,21,14,7,7,4.5,1.75,1.5217391304347827,71.33169731083076,6,412.0,5,0.0
18,9,3,6,0,4.25,0.42857142857142855,0.3448275862068966,76.88426161501366,4,123.9,1,1.0
21,7,2,5,1,1.75,0.3333333333333333,0.5405405405405405,55.613430926424776,2,285.4,1,0.0
16,10,3,7,1,1.5,0.375,0.9375,68.48332591641584,1,166.4,0,0.0
31,19,13,6,7,3.25,1.8571428571428572,1.9402985074626866,64.47710322371277,7,412.2,2,0.0
26,12,7,5,2,3.5,1.1666666666666667,0.9722222222222222,54.8795627050033,2,214.0,4,0.0
41,8,5,3,2,3.25,1.25,0.7462686567164178,63.667867167867286,4,399.5,3,0.0
36,6,5,1,2,3.0,2.5,0.8064516129032258,47.57685677193831,3,193.3,3,0.0
33,26,18,8,12,5.75,2.0,1.5384615384615385,85.17345186590443,6,413.5,4,0.0
34,18,6,12,4,5.0,0.46153846153846156,0.5882352941176471,79.63344712299153,8,562.9,6,0.0
35,9,2,7,0,4.0,0.25,0.24390243902439027,74.62953828683968,5,449.0,2,1.0
38,9,3,6,2,2.75,0.42857142857142855,0.5263157894736842,73.96326967993784,5,198.7,4,0.0
25,11,4,7,1,3.75,0.5,0.5194805194805194,64.00042949071234,5,170.9,3,0.0
36,14,7,7,4,4.25,0.875,0.8045977011494253,62.78415259278525,5,363.0,0,0.0
41,17,9,8,5,5.5,1.0,0.8035714285714286,68.7280949729225,4,789.1999999999999,1,0.0
31,22,10,12,7,4.0,0.7692307692307693,1.2195121951219514,79.0731617771271,7,372.7,4,0.0
44,8,1,7,0,1.75,0.125,0.27027027027027023,41.64653998869594,1,160.9,1,1.0
21,21,15,6,3,4.75,2.142857142857143,1.5463917525773196,85.40529762989408,7,587.0,2,0.0
43,8,1,7,0,1.25,0.125,0.37037037037037035,56.4420343562281,1,148.6,1,1.0
33,7,3,4,2,2.5,0.6,0.5769230769230769,58.88771555467365,5,180.2,2,0.0
35,24,9,15,6,4.25,0.5625,1.0344827586206897,73.65575717473848,6,358.9,5,0.0
38,15,11,4,7,4.5,2.2,1.1956521739130437,72.18286610079298,4,524.7,4,0.0
43,8,2,6,1,2.5,0.2857142857142857,0.3846153846153846,63.17694265408225,1,218.0,5,0.0
43,18,8,10,4,3.75,0.7272727272727273,1.0389610389610389,82.35677824279927,5,305.9,1,0.0
34,11,4,7,1,3.0,0.5,0.6451612903225806,64.5888793443109,4,338.3,3,0.0
43,16,10,6,5,3.5,1.4285714285714286,1.3888888888888888,64.31265566499346,2,242.9,3,0.0
44,24,13,11,5,4.25,1.0833333333333333,1.4942528735632186,75.78556132465019,5,609.2,7,0.0
31,13,9,4,2,2.75,1.8,1.5789473684210527,61.306740628450456,0,364.3,0,0.0
41,24,11,13,7,6.5,0.7857142857142857,0.8333333333333334,72.62473803566584,6,540.5,4,0.0
42,2,1,1,1,0.25,0.5,1.4285714285714286,,0,59.3,0,0.0
24,7,2,5,0,3.5,0.3333333333333333,0.2777777777777778,53.2290517656848,1,115.5,2,1.0
28,17,12,5,6,6.0,2.0,0.9836065573770493,82.79548520132872,7,386.09999999999997,2,0.0
30,6,3,3,3,1.5,0.75,0.9375,54.54798893339071,4,385.1,0,0.0
19,20,4,16,3,5.5,0.23529411764705882,0.35714285714285715,60.78501525521115,4,299.3,1,0.0
22,16,8,8,5,4.0,0.8888888888888888,0.9756097560975611,66.73967260956823,7,315.7,6,0.0
16,10,4,6,1,1.0,0.5714285714285714,1.8181818181818181,58.481824099935565,2,131.8,2,0.0
34,7,2,5,0,3.75,0.3333333333333333,0.2597402597402597,72.77859572556144,2,166.0,1,1.0
41,21,10,11,5,4.0,0.8333333333333334,1.2195121951219514,67.50326936481005,4,311.70000000000005,1,0.0
44,24,12,12,6,3.5,0.9230769230769231,1.6666666666666665,68.90201988992384,3,298.5,1,0.0
33,9,5,4,1,3.75,1.0,0.6493506493506493,71.80353867788895,4,235.3,4,0.0
23,8,2,6,0,2.0,0.2857142857142857,0.47619047619047616,67.27282285181629,5,351.8,3,1.0
17,13,7,6,4,3.25,1.0,1.044776119402985,76.24738841160215,7,178.6,3,0.0
40,14,5,9,2,3.5,0.5,0.6944444444444444,69.34989031577322,4,254.10000000000002,1,0.0
18,23,10,13,4,3.25,0.7142857142857143,1.4925373134328357,73.98913943484703,5,215.5,3,0.0
19,14,5,9,3,6.0,0.5,0.4098360655737705,58.40166931194704,5,272.40000000000003,2,0.0
19,8,4,4,2,3.0,0.8,0.6451612903225806,66.48290967027499,3,393.6,1,0.0
44,4,1,3,0,2.5,0.25,0.1923076923076923,44.94071454853562,1,75.39999999999999,1,1.0
44,14,9,5,4,3.25,1.5,1.3432835820895521,73.06969199274984,7,328.0,4,0.0
43,15,8,7,3,6.0,1.0,0.6557377049180328,63.51372448542884,7,239.9,3,0.0
39,27,15,12,5,3.75,1.1538461538461537,1.948051948051948,87.26309876565865,7,266.0,5,0.0
16,18,11,7,5,6.0,1.375,0.9016393442622951,80.56937095896912,7,428.5,2,0.0
39,9,7,2,4,1.0,2.3333333333333335,3.1818181818181817,49.723106934508394,1,211.60000000000002,0,0.0
31,14,4,10,2,2.75,0.36363636363636365,0.7017543859649122,68.01081436677586,3,433.4,2,0.0
38,16,7,9,3,5.75,0.7,0.5982905982905983,62.59810711582328,5,275.0,1,0.0
40,14,5,9,2,6.0,0.5,0.4098360655737705,69.2290159186524,6,275.40000000000003,2,0.0
25,7,2,5,0,1.75,0.3333333333333333,0.5405405405405405,53.190660809103974,2,119.89999999999999,0,1.0
29,14,5,9,4,2.75,0.5,0.8771929824561403,57.14225937249393,2,236.0,1,0.0
28,10,6,4,4,2.75,1.2,1.0526315789473684,60.663930673157594,6,265.3,5,0.0
39,13,8,5,3,1.5,1.3333333333333333,2.5,58.599126721017434,1,191.6,2,0.0
22,16,6,10,2,0.75,0.5454545454545454,3.5294117647058822,48.35191175499003,5,201.6,1,0.0
19,12,4,8,2,3.75,0.4444444444444444,0.5194805194805194,59.38332758151762,1,189.2,4,0.0
29,22,12,10,6,5.75,1.0909090909090908,1.0256410256410258,70.12119630135375,6,646.4,0,0.0
25,6,4,2,4,1.75,1.3333333333333333,1.081081081081081,54.57007087448832,4,203.0,4,0.0
31,11,8,3,4,4.5,2.0,0.8695652173913044,48.17987520158884,4,474.5,2,0.0
39,25,11,14,6,3.5,0.7333333333333333,1.5277777777777777,76.87959072479718,7,430.5,4,0.0
29,13,5,8,4,2.5,0.5555555555555556,0.9615384615384615,66.23193480974761,2,183.0,0,0.0
28,12,5,7,4,3.75,0.625,0.6493506493506493,62.976602780364026,8,228.20000000000002,2,0.0
40,15,8,7,3,3.75,1.0,1.0389610389610389,80.44871251208991,6,203.89999999999998,2,0.0
30,19,11,8,6,6.25,1.2222222222222223,0.8661417322834646,70.1770828873199,5,421.20000000000005,4,0.0
36,17,11,6,5,3.0,1.5714285714285714,1.7741935483870968,69.45417594000624,3,316.4,2,0.0
36,12,6,6,5,4.0,0.8571428571428571,0.7317073170731708,57.0829031058083,4,345.2,0,0.0
43,18,9,9,4,5.25,0.9,0.8411214953271029,70.39059035480096,6,546.5,1,0.0
20,13,5,8,2,3.25,0.5555555555555556,0.7462686567164178,64.50644381522912,3,230.8,1,0.0
22,23,13,10,6,5.75,1.1818181818181819,1.1111111111111112,73.70371481320397,8,308.9,4,0.0
43,20,12,8,9,5.0,1.3333333333333333,1.1764705882352942,91.35381266235771,7,315.7,2,0.0
27,15,7,8,2,4.0,0.7777777777777778,0.853658536585366,67.44942702078045,3,207.8,1,0.0
19,20,10,10,8,3.75,0.9090909090909091,1.2987012987012987,78.79095158293647,5,459.4,1,0.0
39,15,6,9,4,4.25,0.6,0.6896551724137931,73.42619073363565,7,712.8000000000001,5,0.0
38,13,11,2,6,3.5,3.6666666666666665,1.5277777777777777,64.3760888275007,3,391.6,3,0.0
26,6,4,2,2,3.25,1.3333333333333333,0.5970149253731343,57.60755897743102,3,121.2,2,0.0
19,4,2,2,0,2.25,0.6666666666666666,0.425531914893617,55.25867705701005,1,193.20000000000002,1,1.0
41,3,1,2,0,2.5,0.3333333333333333,0.1923076923076923,41.72909368581986,1,158.0,0,1.0
18,16,5,11,1,3.25,0.4166666666666667,0.7462686567164178,72.92809983648348,2,247.5,2,0.0
34,16,7,9,5,3.25,0.7,1.044776119402985,59.45008571853022,4,162.7,1,0.0
40,4,2,2,1,1.5,0.6666666666666666,0.625,45.723989402401365,4,211.0,1,0.0
25,10,5,5,1,1.75,0.8333333333333334,1.3513513513513513,56.033121043300945,2,150.9,0,0.0
24,22,13,9,7,3.0,1.3,2.096774193548387,63.26841671385125,3,264.6,2,0.0
23,6,3,3,1,2.25,0.75,0.6382978723404255,51.446902790633374,2,142.4,1,0.0
24,7,3,4,2,2.5,0.6,0.5769230769230769,61.40746589106706,2,230.0,1,0.0
37,5,2,3,0,3.75,0.5,0.2597402597402597,55.165034273096,3,230.2,2,1.0
20,5,2,3,1,1.5,0.5,0.625,52.97200784409327,2,178.3,3,0.0
37,15,7,8,5,5.75,0.7777777777777778,0.5982905982905983,62.34398239216897,7,206.2,1,0.0
22,11,5,6,0,3.75,0.7142857142857143,0.6493506493506493,43.45717455096335,3,251.3,1,1.0
38,22,12,10,4,6.75,1.0909090909090908,0.8759124087591241,89.52880953187726,8,393.3,3,0.0
33,19,9,10,4,2.75,0.8181818181818182,1.5789473684210527,62.39319649752472,3,206.60000000000002,3,0.0
33,7,4,3,3,1.25,1.0,1.4814814814814814,69.86764826004264,2,166.8,3,0.0
26,19,10,9,5,2.0,1.0,2.380952380952381,56.18092367112349,2,236.7,1,0.0
35,24,11,13,6,5.25,0.7857142857142857,1.0280373831775702,74.71558895450154,8,356.1,5,0.0
27,21,11,10,3,4.75,1.0,1.1340206185567012,57.47236033129889,3,277.1,4,0.0
34,12,7,5,1,3.0,1.1666666666666667,1.129032258064516,58.59214239094772,4,272.09999999999997,1,0.0
32,25,13,12,9,5.25,1.0,1.2149532710280375,75.73841478920356,6,669.5,1,0.0
26,8,1,7,0,4.75,0.125,0.10309278350515465,65.06778793261665,3,88.3,2,1.0
40,6,4,2,1,1.75,1.3333333333333333,1.081081081081081,34.54216727954292,4,159.4,1,0.0
43,18,10,8,4,4.25,1.1111111111111112,1.149425287356322,80.37203070902169,3,292.1,5,0.0
39,9,3,6,0,1.75,0.42857142857142855,0.8108108108108107,61.9157628681295,3,313.9,2,1.0
18,18,12,6,7,4.75,1.7142857142857142,1.2371134020618557,74.42959516937503,7,258.0,2,0.0
36,24,17,7,8,5.25,2.125,1.5887850467289721,77.28905917816658,5,530.6,2,0.0
42,14,8,6,6,2.5,1.1428571428571428,1.5384615384615383,61.738267953539996,4,175.4,1,0.0
34,3,2,1,0,1.0,1.0,0.9090909090909091,29.865573293682942,0,100.3,0,1.0
35,20,14,6,8,4.5,2.0,1.5217391304347827,70.98478087794236,4,417.8,3,0.0
28,21,13,8,7,6.75,1.4444444444444444,0.9489051094890512,78.45506239197348,7,367.5,4,0.0
41,13,7,6,5,1.5,1.0,2.1875,59.56380321960349,5,280.1,0,0.0
40,18,10,8,2,5.0,1.1111111111111112,0.9803921568627452,71.40194613371074,3,416.4,1,0.0
30,31,16,15,7,7.0,1.0,1.1267605633802817,91.8430269866701,8,169.7,2,0.0
16,10,3,7,2,3.25,0.375,0.44776119402985076,67.57936131959227,7,320.7,0,0.0
23,9,5,4,4,1.25,1.0,1.8518518518518516,54.288089638461514,2,194.4,0,0.0
30,20,11,9,7,7.0,1.1,0.7746478873239437,64.88077750652153,7,198.4,2,0.0
42,21,11,10,5,2.75,1.0,1.9298245614035088,60.13864743117314,6,279.7,2,0.0
39,17,5,12,3,4.5,0.38461538461538464,0.5434782608695653,58.68053816302432,6,199.1,2,0.0
38,10,5,5,3,4.25,0.8333333333333334,0.574712643678161,57.5177420931768,6,465.8,0,0.0
34,11,6,5,6,2.5,1.0,1.1538461538461537,65.1892500085251,3,107.3,0,0.0
42,15,4,11,2,4.75,0.3333333333333333,0.4123711340206186,70.799364130206,4,308.2,2,0.0
17,17,5,12,2,3.75,0.38461538461538464,0.6493506493506493,71.39547517606152,5,329.1,3,0.0
29,20,9,11,6,3.75,0.75,1.1688311688311688,64.36237576534342,6,423.5,1,0.0
27,12,5,7,2,2.25,0.625,1.0638297872340425,57.950201915307844,5,184.2,2,0.0
27,20,14,6,6,5.25,2.0,1.3084112149532712,75.10277910490981,7,544.9,2,0.0
44,13,6,7,2,4.5,0.75,0.6521739130434783,68.34548112787279,4,341.9,5,0.0
32,31,12,19,6,5.75,0.6,1.0256410256410258,90.814153739718,8,454.1,3,0.0
22,19,13,6,6,5.0,1.8571428571428572,1.2745098039215688,64.3989922835678,4,318.8,3,0.0
28,14,7,7,5,4.25,0.875,0.8045977011494253,50.16268853615292,3,190.5,2,0.0
20,16,10,6,5,2.25,1.4285714285714286,2.127659574468085,55.9104121841752,2,292.2,3,0.0
27,32,15,17,7,3.75,0.8333333333333334,1.948051948051948,73.58276779340665,4,577.8,3,0.0
19,11,4,7,1,3.75,0.5,0.5194805194805194,65.18153495260205,1,193.9,1,0.0
33,12,4,8,3,0.75,0.4444444444444444,2.3529411764705883,36.9699647835389,2,117.8,0,0.0
36,26,11,15,5,4.25,0.6875,1.264367816091954,80.48079334684189,6,590.8,5,0.0
43,15,8,7,5,3.5,1.0,1.1111111111111112,59.26182376633676,2,380.5,1,0.0
25,19,6,13,4,5.0,0.42857142857142855,0.5882352941176471,85.99578634812478,7,647.9,2,0.0
23,5,3,2,2,2.0,1.0,0.7142857142857143,47.089487013410476,0,63.5,0,0.0
35,20,9,11,2,3.0,0.75,1.4516129032258065,76.72588077125438,5,251.0,3,0.0
43,26,17,9,7,6.0,1.7,1.3934426229508197,78.16906566731191,8,326.7,2,0.0
16,11,6,5,4,1.75,1.0,1.6216216216216215,62.461172870669685,2,283.0,2,0.0
21,16,8,8,5,4.5,0.8888888888888888,0.8695652173913044,62.17321933391686,2,309.79999999999995,1,0.0
29,14,6,8,2,6.0,0.6666666666666666,0.49180327868852464,68.0921528284074,3,260.3,1,0.0
23,23,13,10,8,3.5,1.1818181818181819,1.8055555555555556,56.474658511340294,2,391.2,1,0.0
20,9,5,4,1,1.5,1.0,1.5625,58.35115405651742,6,326.1,0,0.0
29,9,4,5,0,4.25,0.6666666666666666,0.4597701149425288,74.07048017260156,3,127.3,3,1.0
30,14,5,9,3,3.0,0.5,0.8064516129032258,63.88894352582055,4,224.89999999999998,2,0.0
30,10,6,4,4,4.75,1.2,0.6185567010309279,60.69276975983497,7,239.1,1,0.0
37,25,12,13,8,5.25,0.8571428571428571,1.1214953271028039,74.3688897584797,6,370.4,5,0.0
44,18,6,12,3,2.25,0.46153846153846156,1.276595744680851,61.831788085380964,2,180.6,2,0.0
30,7,3,4,1,3.25,0.6,0.44776119402985076,59.23072723908596,1,163.3,3,0.0
25,14,3,11,2,5.5,0.25,0.26785714285714285,80.9186654332863,7,500.4,4,0.0
30,4,3,1,1,2.25,1.5,0.6382978723404255,60.390959564716724,1,70.2,1,0.0
19,16,6,10,5,3.25,0.5454545454545454,0.8955223880597015,65.07258651653865,3,391.7,3,0.0
44,6,2,4,2,2.25,0.4,0.425531914893617,41.91508528923939,4,225.8,2,0.0
27,11,6,5,3,2.75,1.0,1.0526315789473684,63.69933815822982,2,451.4,0,0.0
41,23,13,10,3,3.75,1.1818181818181819,1.6883116883116882,61.401469520836855,1,311.2,3,0.0
30,26,17,9,8,3.5,1.7,2.361111111111111,65.7900162437412,7,272.90000000000003,2,0.0
43,7,5,2,4,2.25,1.6666666666666667,1.0638297872340425,41.87902215229591,2,86.5,1,0.0
36,20,14,6,5,5.75,2.0,1.1965811965811965,80.45771682639575,6,729.6,6,0.0
24,31,15,16,5,7.25,0.8823529411764706,1.0204081632653061,81.42254047384495,8,315.9,3,0.0
35,1,1,0,0,1.75,1.0,0.27027027027027023,66.39005887385802,1,41.800000000000004,0,1.0
16,19,8,11,5,5.25,0.6666666666666666,0.7476635514018692,65.82696996529079,6,248.79999999999998,1,0.0
20,22,16,6,9,6.25,2.2857142857142856,1.2598425196850394,64.66421441449415,5,189.2,3,0.0
36,16,9,7,3,6.25,1.125,0.7086614173228347,70.98156338787376,6,288.3,1,0.0
28,5,4,1,3,1.25,2.0,1.4814814814814814,39.662274081948375,0,157.8,0,0.0
16,12,7,5,6,3.75,1.1666666666666667,0.9090909090909091,56.69706313331954,1,167.5,0,0.0
35,23,16,7,8,5.0,2.0,1.5686274509803924,60.900441614850095,7,234.4,2,0.0
36,23,13,10,4,5.5,1.1818181818181819,1.1607142857142858,59.17368038485235,3,313.5,2,0.0
20,9,4,5,1,4.0,0.6666666666666666,0.48780487804878053,52.230985224783865,4,88.7,5,0.0
21,27,12,15,6,5.75,0.75,1.0256410256410258,77.44779725177615,8,417.79999999999995,2,0.0
17,12,6,6,4,2.5,0.8571428571428571,1.1538461538461537,58.47714022249563,5,211.7,4,0.0
29,19,7,12,3,5.0,0.5384615384615384,0.6862745098039216,68.07499832786988,5,286.9,3,0.0
35,17,10,7,4,3.25,1.25,1.4925373134328357,69.18307872455226,4,263.2,0,0.0
22,12,7,5,3,3.5,1.1666666666666667,0.9722222222222222,60.710414224662856,5,155.5,4,0.0
24,17,6,11,3,3.5,0.5,0.8333333333333333,71.94627466939048,3,569.8,4,0.0
19,9,6,3,2,4.5,1.5,0.6521739130434783,49.302993894639876,4,225.9,1,0.0
21,18,4,14,0,4.5,0.26666666666666666,0.4347826086956522,79.10693545937784,2,250.6,3,1.0
35,8,7,1,4,3.25,3.5,1.044776119402985,54.41752889478188,2,153.0,5,0.0
25,25,16,9,9,6.0,1.6,1.3114754098360657,86.22367973197399,5,363.9,2,0.0
20,19,7,12,4,6.5,0.5384615384615384,0.5303030303030303,87.54375621791253,8,487.29999999999995,4,0.0
16,13,5,8,3,4.0,0.5555555555555556,0.6097560975609757,69.71373373066913,3,329.59999999999997,0,0.0
18,9,4,5,0,2.5,0.6666666666666666,0.7692307692307692,61.41179926929222,2,347.8,2,1.0
30,11,5,6,2,2.25,0.7142857142857143,1.0638297872340425,69.59983974667816,2,184.0,2,0.0
31,2,1,1,0,1.75,0.5,0.27027027027027023,50.03335869962125,0,74.3,2,1.0
28,17,3,14,0,3.75,0.2,0.38961038961038963,64.40378620238113,5,510.4,5,1.0
28,14,8,6,4,5.25,1.1428571428571428,0.7476635514018692,77.18394319192281,6,243.6,4,0.0
22,18,8,10,2,4.0,0.7272727272727273,0.9756097560975611,66.67953668420797,4,359.70000000000005,4,0.0
21,17,7,10,3,2.75,0.6363636363636364,1.2280701754385965,73.70692781539738,4,147.5,4,0.0
27,11,7,4,3,1.75,1.4,1.8918918918918919,56.40751454190977,0,174.0,1,0.0
18,12,6,6,2,4.5,0.8571428571428571,0.6521739130434783,70.43230092560468,6,182.1,3,0.0
35,25,12,13,6,7.0,0.8571428571428571,0.8450704225352114,73.17828782118792,7,213.39999999999998,4,0.0
31,5,1,4,0,1.75,0.2,0.27027027027027023,61.0902415423262,1,25.1,0,1.0
18,10,3,7,3,3.5,0.375,0.41666666666666663,69.48382574404125,6,238.6,1,0.0
44,11,5,6,2,5.75,0.7142857142857143,0.4273504273504274,63.440736513648986,5,338.1,4,0.0
34,16,10,6,4,3.5,1.4285714285714286,1.3888888888888888,83.13648896164074,6,347.9,2,0.0
30,15,6,9,4,3.5,0.6,0.8333333333333333,49.359859045100606,3,202.6,0,0.0
29,13,7,6,3,3.0,1.0,1.129032258064516,69.81038627689995,5,462.40000000000003,5,0.0
43,14,4,10,2,2.75,0.36363636363636365,0.7017543859649122,55.780501790410305,2,315.8,2,0.0
42,17,6,11,3,3.25,0.5,0.8955223880597015,82.27059986530173,5,315.8,2,0.0
27,13,8,5,6,3.75,1.3333333333333333,1.0389610389610389,49.688037061454594,4,231.4,4,0.0
42,14,7,7,5,3.5,0.875,0.9722222222222222,58.802943050827125,5,231.4,0,0.0
18,21,14,7,7,6.0,1.75,1.1475409836065575,81.24849807148084,8,426.6,6,0.0
25,4,2,2,1,2.75,0.6666666666666666,0.3508771929824561,67.69031006851908,3,201.5,2,0.0
24,13,6,7,2,3.25,0.75,0.8955223880597015,87.88699457412461,6,274.6,4,0.0
36,9,5,4,4,2.25,1.0,1.0638297872340425,60.16995652887891,3,231.0,2,0.0
29,9,1,8,0,3.75,0.1111111111111111,0.12987012987012986,45.58793466374855,3,172.70000000000002,2,1.0
23,19,11,8,6,4.75,1.2222222222222223,1.1340206185567012,79.91358150783552,7,439.7,5,0.0
30,15,8,7,5,3.0,1.0,1.2903225806451613,47.449464585846215,1,230.9,2,0.0
23,20,7,13,4,4.25,0.5,0.8045977011494253,67.45344030288288,4,423.0,2,0.0
30,11,8,3,2,2.25,2.0,1.702127659574468,52.659303532608135,3,130.7,2,0.0
25,8,4,4,2,2.5,0.8,0.7692307692307692,35.11345822172643,3,174.89999999999998,0,0.0
41,12,5,7,1,2.0,0.625,1.1904761904761905,68.47524913422461,1,290.1,2,0.0
21,5,1,4,1,2.5,0.2,0.1923076923076923,41.87815964251792,3,88.7,0,0.0
43,7,2,5,2,3.25,0.3333333333333333,0.29850746268656714,61.89972986330692,3,322.0,3,0.0
35,26,16,10,7,4.75,1.4545454545454546,1.6494845360824744,71.07572476813763,5,663.2,4,0.0
26,8,3,5,0,5.25,0.5,0.28037383177570097,,2,78.39999999999999,4,1.0
31,17,10,7,4,3.5,1.25,1.3888888888888888,82.46234972101223,6,322.1,3,0.0
21,14,7,7,3,4.75,0.875,0.7216494845360826,76.10430744638597,5,167.4,2,0.0
17,19,9,10,4,3.75,0.8181818181818182,1.1688311688311688,63.78515125273229,4,430.8,2,0.0
28,10,7,3,2,2.0,1.75,1.6666666666666665,62.17625744954657,3,167.7,3,0.0
38,19,6,13,2,6.25,0.42857142857142855,0.4724409448818898,82.25371279796909,7,177.5,5,0.0
26,16,9,7,4,3.5,1.125,1.25,62.301228106596014,3,300.6,4,0.0
27,17,8,9,3,3.75,0.8,1.0389610389610389,71.44594799993838,3,473.3,2,0.0
36,19,11,8,7,5.5,1.2222222222222223,0.9821428571428572,66.90958698867767,6,305.1,5,0.0
43,17,8,9,4,3.75,0.8,1.0389610389610389,74.96171992947055,6,134.5,6,0.0
34,22,11,11,8,7.0,0.9166666666666666,0.7746478873239437,77.15110486960282,5,204.6,7,0.0
19,15,7,8,5,2.75,0.7777777777777778,1.2280701754385965,65.86084852067017,3,238.1,2,0.0
23,23,16,7,11,4.5,2.0,1.7391304347826089,75.38914063209553,7,626.8,4,0.0
36,12,5,7,3,2.5,0.625,0.9615384615384615,49.544085087231856,3,156.7,3,0.0
33,27,14,13,7,7.75,1.0,0.89171974522293,87.85364075257294,7,380.0,3,0.0
28,13,4,9,1,3.25,0.4,0.5970149253731343,71.82938383343023,6,344.4,3,0.0
27,15,7,8,4,5.75,0.7777777777777778,0.5982905982905983,70.74612687287743,7,429.3,4,0.0
36,14,6,8,4,4.5,0.6666666666666666,0.6521739130434783,62.817091046716584,3,96.1,1,0.0
44,17,6,11,4,4.5,0.5,0.6521739130434783,61.760498259655826,3,163.2,2,0.0
26,22,13,9,6,5.5,1.3,1.1607142857142858,80.07898861321009,7,380.5,5,0.0
29,32,16,16,4,8.5,0.9411764705882353,0.9302325581395349,81.48410412067508,8,458.1,4,0.0
20,16,10,6,4,3.5,1.4285714285714286,1.3888888888888888,63.91163894629357,4,99.8,4,0.0
18,14,7,7,4,3.5,0.875,0.9722222222222222,68.49894925825275,5,387.59999999999997,0,0.0
24,19,15,4,6,3.5,3.0,2.0833333333333335,90.6551532714473,5,182.6,5,0.0
27,16,11,5,5,2.5,1.8333333333333333,2.1153846153846154,51.18943446667079,3,169.7,1,0.0
34,2,1,1,0,0.5,0.5,0.8333333333333334,46.46819284573199,0,38.8,0,1.0
17,9,5,4,3,4.5,1.0,0.5434782608695653,67.595166428297,6,285.4,4,0.0
28,13,10,3,6,2.25,2.5,2.127659574468085,51.30969565373438,3,328.7,2,0.0
29,11,3,8,3,1.0,0.3333333333333333,1.3636363636363635,63.768494477204285,4,204.4,2,0.0
27,17,12,5,5,5.25,2.0,1.1214953271028039,67.69855715848091,5,335.7,4,0.0
30,31,15,16,10,3.0,0.8823529411764706,2.4193548387096775,66.98514442357946,6,445.0,4,0.0
38,10,9,1,4,4.0,4.5,1.0975609756097562,56.0322371366473,4,336.3,2,0.0
16,21,10,11,3,4.75,0.8333333333333334,1.0309278350515465,71.53416145174887,5,495.09999999999997,4,0.0
34,5,3,2,0,1.75,1.0,0.8108108108108107,50.43752009575491,2,99.4,2,1.0
42,22,10,12,3,3.0,0.7692307692307693,1.6129032258064515,47.33359696384278,5,198.8,1,0.0
25,12,6,6,4,4.5,0.8571428571428571,0.6521739130434783,55.77824829078664,4,517.1,3,0.0
39,14,5,9,4,6.0,0.5,0.4098360655737705,77.47691870112122,8,331.7,1,0.0
26,14,6,8,3,3.75,0.6666666666666666,0.7792207792207793,63.436100390519904,4,157.7,0,0.0
41,14,7,7,3,4.75,0.875,0.7216494845360826,65.70676884993296,3,315.59999999999997,3,0.0
34,13,6,7,4,2.75,0.75,1.0526315789473684,68.66137285526099,3,243.6,2,0.0
37,10,4,6,2,2.25,0.5714285714285714,0.851063829787234,55.44136841231161,2,112.89999999999999,1,0.0
38,16,10,6,5,3.5,1.4285714285714286,1.3888888888888888,62.87743854709012,3,215.3,1,0.0
43,13,8,5,3,3.0,1.3333333333333333,1.2903225806451613,66.33589116492855,4,158.9,2,0.0
40,17,11,6,1,3.75,1.5714285714285714,1.4285714285714286,53.981602349953924,3,340.8,3,0.0
34,20,10,10,3,4.25,0.9090909090909091,1.149425287356322,62.40407476533518,6,445.0,4,0.0
40,1,1,0,0,5.25,1.0,0.09345794392523366,77.70314011285487,2,74.1,2,1.0
42,18,8,10,4,7.75,0.7272727272727273,0.5095541401273885,72.46330894079009,5,438.3,2,0.0
42,7,2,5,0,4.0,0.3333333333333333,0.24390243902439027,72.31176547022969,1,156.0,0,1.0
32,12,7,5,1,3.5,1.1666666666666667,0.9722222222222222,58.14486325968194,4,260.59999999999997,3,0.0
34,21,10,11,4,4.25,0.8333333333333334,1.149425287356322,66.7897487321473,7,582.2,2,0.0
42,13,7,6,4,6.0,1.0,0.5737704918032788,77.5538807100962,6,539.3,3,0.0
20,18,7,11,4,3.5,0.5833333333333334,0.9722222222222222,64.761963298173,5,436.7,2,0.0
40,17,6,11,4,4.25,0.5,0.6896551724137931,69.6411653091533,4,337.6,3,0.0
31,14,8,6,3,6.5,1.1428571428571428,0.6060606060606061,73.78579102636895,5,480.9,3,0.0
35,13,5,8,0,6.0,0.5555555555555556,0.4098360655737705,61.463032346660675,6,309.3,2,1.0
42,10,5,5,3,2.0,0.8333333333333334,1.1904761904761905,62.09977157872687,2,108.4,1,0.0
43,22,12,10,6,5.5,1.0909090909090908,1.0714285714285714,82.40098455826545,6,446.0,4,0.0
19,10,5,5,2,2.5,0.8333333333333334,0.9615384615384615,68.28756286730419,1,90.2,0,0.0
37,24,13,11,7,3.75,1.0833333333333333,1.6883116883116882,83.77009588985683,5,267.5,1,0.0
36,9,6,3,4,3.0,1.5,0.9677419354838709,62.935707078841666,2,238.7,2,0.0
39,21,10,11,2,4.25,0.8333333333333334,1.149425287356322,83.9020797945758,5,397.0,5,0.0
43,22,11,11,5,5.25,0.9166666666666666,1.0280373831775702,67.23107948380284,5,213.5,0,0.0
19,8,2,6,0,3.0,0.2857142857142857,0.3225806451612903,61.61989316705826,2,127.0,1,1.0
32,17,9,8,4,5.0,1.0,0.8823529411764707,62.02448905840934,4,358.59999999999997,4,0.0
39,18,9,9,6,3.5,0.9,1.25,80.71022503987598,4,485.4,4,0.0
29,7,3,4,2,1.0,0.6,1.3636363636363635,40.81675528846493,2,119.1,1,0.0
27,15,10,5,5,4.5,1.6666666666666667,1.0869565217391306,62.236953598431114,5,476.0,8,0.0
30,8,4,4,1,2.5,0.8,0.7692307692307692,63.766821963752,3,194.6,4,0.0
36,20,7,13,6,3.0,0.5,1.129032258064516,57.05380288959335,5,424.8,4,0.0
27,9,5,4,4,2.25,1.0,1.0638297872340425,65.31927957396086,5,237.5,1,0.0
38,17,8,9,4,6.0,0.8,0.6557377049180328,59.36274689538232,3,182.6,2,0.0
25,9,5,4,3,1.75,1.0,1.3513513513513513,38.17838254133639,5,205.5,0,0.0
32,11,7,4,5,2.25,1.4,1.4893617021276595,60.15696312458622,2,153.9,2,0.0
24,18,10,8,4,5.25,1.1111111111111112,0.9345794392523366,68.3577127325738,3,492.8,1,0.0
43,16,8,8,3,6.25,0.8888888888888888,0.6299212598425197,79.62371356396855,5,493.7,5,0.0
37,9,7,2,2,1.75,2.3333333333333335,1.8918918918918919,55.219965630038224,2,419.0,2,0.0
32,24,13,11,5,5.5,1.0833333333333333,1.1607142857142858,70.04061891745019,6,470.79999999999995,2,0.0
29,15,6,9,2,2.75,0.6,1.0526315789473684,78.96075460279258,6,254.9,2,0.0
23,12,3,9,2,2.5,0.3,0.5769230769230769,52.37056416763916,2,260.7,1,0.0
40,19,7,12,5,6.5,0.5384615384615384,0.5303030303030303,66.99637131137374,4,425.4,1,0.0
24,22,13,9,8,4.25,1.3,1.4942528735632186,68.4832021828561,5,279.2,1,0.0
37,21,7,14,4,5.25,0.4666666666666667,0.6542056074766356,67.05912987828548,5,326.7,4,0.0
25,17,8,9,2,4.5,0.8,0.8695652173913044,59.40018362741155,3,392.8,1,0.0
34,18,10,8,6,5.5,1.1111111111111112,0.8928571428571429,67.92990725434653,7,286.1,3,0.0
37,17,8,9,4,3.0,0.8,1.2903225806451613,56.24485947958696,5,472.9,2,0.0
38,17,8,9,3,4.25,0.8,0.9195402298850576,74.98551228663263,4,310.6,2,0.0
43,11,6,5,4,3.75,1.0,0.7792207792207793,63.01955770762193,4,205.8,0,0.0
40,16,9,7,2,5.75,1.125,0.7692307692307693,73.70282588095488,4,633.0,4,0.0
22,8,3,5,1,3.75,0.5,0.38961038961038963,54.93642346263148,3,291.3,1,0.0
32,13,6,7,5,1.5,0.75,1.875,58.180005324621526,4,146.2,0,0.0
35,5,2,3,0,2.25,0.5,0.425531914893617,69.8390707151557,1,41.300000000000004,0,1.0
16,8,3,5,0,3.75,0.5,0.38961038961038963,55.97150712552381,2,361.8,1,1.0
38,13,5,8,4,2.25,0.5555555555555556,1.0638297872340425,54.07559053948224,4,144.9,0,0.0
36,18,7,11,6,3.5,0.5833333333333334,0.9722222222222222,61.44482459325987,7,237.8,5,0.0
16,13,6,7,2,1.5,0.75,1.875,56.29265881672251,4,98.1,1,0.0
34,6,5,1,3,2.25,2.5,1.0638297872340425,51.66846193584596,2,168.4,0,0.0
32,16,9,7,4,2.0,1.125,2.142857142857143,50.43389633280898,3,220.7,3,0.0
30,20,12,8,4,5.5,1.3333333333333333,1.0714285714285714,85.61424590558056,5,580.0,4,0.0
32,28,14,14,7,6.0,0.9333333333333333,1.1475409836065575,87.02340747205423,8,699.1,7,0.0
33,19,7,12,4,3.75,0.5384615384615384,0.9090909090909091,59.410987311481406,4,241.5,2,0.0
28,17,10,7,8,5.0,1.25,0.9803921568627452,69.6941760507356,6,306.59999999999997,3,0.0
19,27,14,13,4,7.5,1.0,0.9210526315789475,69.38147486637166,8,955.7,8,0.0
17,22,12,10,7,7.0,1.0909090909090908,0.8450704225352114,74.26314428658306,6,122.80000000000001,2,0.0
21,15,8,7,4,3.5,1.0,1.1111111111111112,75.84441363386723,4,384.4,2,0.0
44,4,2,2,0,2.75,0.6666666666666666,0.3508771929824561,56.97852668776641,1,96.8,2,1.0
28,10,6,4,6,1.5,1.2,1.875,38.07251976209069,1,103.1,1,0.0
19,20,13,7,5,4.25,1.625,1.4942528735632186,56.75227866531993,5,371.5,4,0.0
34,15,11,4,5,2.75,2.2,1.9298245614035088,72.94155654079096,6,710.4,2,0.0
19,21,14,7,6,3.75,1.75,1.8181818181818181,64.82599561385629,5,547.3,4,0.0
35,17,5,12,1,2.25,0.38461538461538464,1.0638297872340425,81.70746987152586,7,379.9,3,0.0
16,6,1,5,1,3.5,0.16666666666666666,0.1388888888888889,45.009560444158986,3,100.1,1,0.0
29,10,1,9,1,4.5,0.1,0.10869565217391305,59.140963248406564,0,155.9,6,0.0
20,16,10,6,3,3.25,1.4285714285714286,1.4925373134328357,63.51165656442153,5,335.8,0,0.0
21,14,7,7,0,2.5,0.875,1.346153846153846,58.64354946673773,1,192.79999999999998,0,1.0
37,16,4,12,3,6.25,0.3076923076923077,0.31496062992125984,72.18477570063841,5,600.6,3,0.0
30,15,5,10,3,4.75,0.45454545454545453,0.5154639175257733,64.25524310433457,5,366.1,4,0.0
27,5,3,2,0,2.0,1.0,0.7142857142857143,40.51075549856507,3,125.0,0,1.0
33,10,5,5,2,2.75,0.8333333333333334,0.8771929824561403,70.50282054034402,3,332.0,1,0.0
25,25,12,13,8,4.5,0.8571428571428571,1.3043478260869565,74.77233605562269,5,297.7,3,0.0
34,8,1,7,0,2.75,0.125,0.17543859649122806,48.30660299453595,2,149.5,0,1.0
32,22,12,10,6,3.25,1.0909090909090908,1.791044776119403,58.607159870287994,4,250.1,3,0.0
19,27,13,14,7,4.0,0.8666666666666667,1.5853658536585367,63.350208790687184,4,365.5,4,0.0
36,23,10,13,6,4.75,0.7142857142857143,1.0309278350515465,63.255052139903704,7,332.3,0,0.0
19,9,7,2,1,4.5,2.3333333333333335,0.7608695652173914,57.69328254690306,4,266.0,0,0.0
28,9,8,1,7,2.75,4.0,1.4035087719298245,52.940281204432594,4,192.10000000000002,2,0.0
22,3,1,2,0,2.25,0.3333333333333333,0.2127659574468085,58.29049406202948,2,135.1,0,1.0
17,15,7,8,4,5.25,0.7777777777777778,0.6542056074766356,52.553519277707316,4,286.8,3,0.0
33,21,9,12,0,5.25,0.6923076923076923,0.8411214953271029,82.77821568047689,4,266.6,2,1.0
36,10,6,4,5,5.0,1.2,0.5882352941176471,54.12226830418916,6,192.4,2,0.0
21,32,13,19,8,7.25,0.65,0.8843537414965987,74.62076642704506,7,274.5,1,0.0
25,17,12,5,5,6.5,2.0,0.9090909090909092,78.52387008371392,6,440.6,8,0.0
41,24,14,10,6,3.75,1.2727272727272727,1.8181818181818181,75.34953160555087,5,306.0,1,0.0
38,13,9,4,6,3.5,1.8,1.25,68.19031066292195,8,555.3,2,0.0
23,15,7,8,3,2.5,0.7777777777777778,1.346153846153846,58.495761953551515,3,240.89999999999998,4,0.0
30,25,15,10,8,5.75,1.3636363636363635,1.2820512820512822,72.44758107482764,6,416.1,1,0.0
42,22,8,14,2,4.5,0.5333333333333333,0.8695652173913044,73.17269178364981,6,240.2,2,0.0
26,18,5,13,4,7.0,0.35714285714285715,0.35211267605633806,86.78479715562227,7,464.2,5,0.0
20,17,9,8,5,5.0,1.0,0.8823529411764707,74.8920617684168,6,550.1,2,0.0
33,12,5,7,2,3.5,0.625,0.6944444444444444,71.95310120695846,6,407.0,2,0.0
17,14,5,9,4,4.0,0.5,0.6097560975609757,71.19781328954996,4,274.2,2,0.0
21,10,6,4,3,2.75,1.2,1.0526315789473684,64.37300622774514,2,111.9,3,0.0
17,15,7,8,3,5.0,0.7777777777777778,0.6862745098039216,67.2665224275893,3,149.7,0,0.0
35,16,9,7,5,3.5,1.125,1.25,75.1064838318813,7,599.5,0,0.0
44,4,1,3,0,1.0,0.25,0.45454545454545453,51.25634141020359,1,203.29999999999998,0,1.0
41,9,4,5,1,1.0,0.6666666666666666,1.8181818181818181,51.0603120774292,2,114.8,3,0.0
25,7,3,4,1,2.25,0.6,0.6382978723404255,58.49328121181953,2,282.79999999999995,2,0.0
44,21,8,13,0,1.5,0.5714285714285714,2.5,71.1463780796012,5,586.5,4,1.0
17,19,9,10,4,3.75,0.8181818181818182,1.1688311688311688,71.93670228694549,4,249.2,4,0.0
43,24,10,14,5,6.0,0.6666666666666666,0.819672131147541,71.18309791450059,3,369.1,2,0.0
20,26,15,11,8,5.25,1.25,1.4018691588785048,73.94018028405144,4,349.7,1,0.0
19,22,13,9,1,5.0,1.3,1.2745098039215688,68.71334522349062,7,367.6,3,0.0
19,12,9,3,2,1.75,2.25,2.4324324324324325,62.81497590488698,3,179.6,1,0.0
29,24,13,11,5,6.0,1.0833333333333333,1.0655737704918034,74.33678890064378,4,475.5,3,0.0
34,13,6,7,2,2.5,0.75,1.1538461538461537,59.99515755065641,1,189.7,1,0.0
37,22,11,11,7,5.0,0.9166666666666666,1.0784313725490198,67.56630545042299,7,353.6,5,0.0
16,31,14,17,9,5.0,0.7777777777777778,1.3725490196078431,92.38413990143883,7,250.6,2,0.0
24,20,13,7,9,5.0,1.625,1.2745098039215688,80.02809424499358,5,257.40000000000003,2,0.0
19,12,7,5,3,3.0,1.1666666666666667,1.129032258064516,67.22506394185613,4,291.3,2,0.0
20,26,14,12,9,6.5,1.0769230769230769,1.0606060606060606,83.46370531736136,8,424.1,5,0.0
37,12,5,7,2,5.25,0.625,0.4672897196261683,52.26082970425956,7,188.2,3,0.0
22,8,6,2,4,2.0,2.0,1.4285714285714286,59.08010089416083,5,135.6,1,0.0
24,15,8,7,3,4.75,1.0,0.8247422680412372,74.67630147722969,7,444.29999999999995,3,0.0
32,9,3,6,3,2.75,0.42857142857142855,0.5263157894736842,46.51417004795808,2,117.80000000000001,0,0.0
43,12,6,6,2,2.25,0.8571428571428571,1.276595744680851,56.45764128616491,3,225.9,2,0.0
36,16,6,10,3,3.25,0.5454545454545454,0.8955223880597015,72.60805000716897,6,222.5,1,0.0
22,12,5,7,5,4.25,0.625,0.574712643678161,67.51787217865899,5,261.0,4,0.0
37,20,10,10,8,3.75,0.9090909090909091,1.2987012987012987,69.64529317102634,5,259.1,2,0.0
31,19,9,10,4,3.5,0.8181818181818182,1.25,70.63034778749282,5,382.0,0,0.0
17,16,7,9,4,3.25,0.7,1.044776119402985,52.316618955890846,3,343.09999999999997,4,0.0
29,17,9,8,3,3.25,1.0,1.3432835820895521,53.4075520594466,2,251.8,1,0.0
28,16,10,6,6,4.0,1.4285714285714286,1.2195121951219514,65.41589312317045,4,176.5,5,0.0
35,17,9,8,4,5.75,1.0,0.7692307692307693,81.0302214534103,6,401.3,7,0.0
27,21,9,12,4,2.25,0.6923076923076923,1.9148936170212765,69.1464376297222,5,393.2,1,0.0
40,9,2,7,0,2.25,0.25,0.425531914893617,69.66118460390503,2,88.8,0,1.0
17,12,7,5,4,3.75,1.1666666666666667,0.9090909090909091,72.0256010711639,5,477.1,6,0.0
22,25,14,11,5,6.0,1.1666666666666667,1.1475409836065575,76.43252005222706,5,297.5,4,0.0
20,5,2,3,0,3.5,0.5,0.2777777777777778,62.23959158332366,3,130.5,0,1.0
26,13,7,6,2,4.5,1.0,0.7608695652173914,66.46876106675886,5,444.3,2,0.0
23,25,10,15,5,4.5,0.625,1.0869565217391306,63.40115949948447,7,598.0,4,0.0
23,17,7,10,3,5.25,0.6363636363636364,0.6542056074766356,64.65298519051608,3,263.9,2,0.0
35,4,1,3,0,1.75,0.25,0.27027027027027023,65.77493752615719,1,140.10000000000002,0,1.0
35,8,6,2,4,3.5,2.0,0.8333333333333333,66.0136247784915,4,152.7,2,0.0
27,10,2,8,0,2.75,0.2222222222222222,0.3508771929824561,72.85494844718457,3,122.4,0,1.0
35,13,10,3,3,3.0,2.5,1.6129032258064515,60.90763657788595,7,367.8,2,0.0
20,18,4,14,2,3.25,0.26666666666666666,0.5970149253731343,61.10601958353723,8,365.40000000000003,2,0.0
39,20,5,15,4,6.5,0.3125,0.3787878787878788,80.86025297002178,7,569.7,5,0.0
37,10,4,6,2,6.25,0.5714285714285714,0.31496062992125984,76.00981796513075,5,246.1,3,0.0
24,16,9,7,4,4.75,1.125,0.9278350515463918,69.44154190341364,5,422.2,1,0.0
39,11,5,6,3,3.5,0.7142857142857143,0.6944444444444444,55.28617985371068,2,251.2,3,0.0
24,18,11,7,5,4.5,1.375,1.1956521739130437,69.47334015225596,5,539.1,3,0.0
18,21,11,10,5,4.25,1.0,1.264367816091954,74.48797666450696,2,552.2,2,0.0
36,8,1,7,0,5.5,0.125,0.08928571428571429,64.43118962741777,2,65.8,1,1.0
16,26,11,15,5,4.0,0.6875,1.3414634146341464,81.4636826784992,4,421.09999999999997,4,0.0
39,30,17,13,10,5.0,1.2142857142857142,1.6666666666666667,72.08153017920334,6,230.0,3,0.0
18,19,8,11,4,3.0,0.6666666666666666,1.2903225806451613,52.61710598267114,6,280.0,5,0.0
27,14,8,6,6,4.5,1.1428571428571428,0.8695652173913044,41.53322380691077,4,110.8,1,0.0
41,21,9,12,5,4.5,0.6923076923076923,0.9782608695652175,69.87661644656673,7,448.09999999999997,1,0.0
20,7,2,5,0,3.0,0.3333333333333333,0.3225806451612903,56.871811564348505,0,102.6,1,1.0
27,18,9,9,2,4.75,0.9,0.9278350515463918,47.81974919997721,4,317.4,4,0.0
28,10,7,3,4,4.5,1.75,0.7608695652173914,72.47679437848959,6,339.79999999999995,0,0.0
43,19,8,11,4,5.75,0.6666666666666666,0.6837606837606838,71.44811801988041,2,438.3,1,0.0
43,17,11,6,6,5.5,1.5714285714285714,0.9821428571428572,65.28614130037653,3,175.1,2,0.0
23,25,13,12,6,2.25,1.0,2.7659574468085104,70.59769070146515,4,168.20000000000002,2,0.0
34,7,4,3,2,1.25,1.0,1.4814814814814814,51.17057660561034,1,123.8,3,0.0
17,4,1,3,0,3.0,0.25,0.16129032258064516,58.295478279706415,2,189.2,0,1.0
38,22,13,9,6,4.5,1.3,1.4130434782608696,69.33520259940164,3,637.2,2,0.0
42,5,1,4,0,2.0,0.2,0.23809523809523808,58.93768647894316,3,147.7,1,1.0
44,7,2,5,1,2.5,0.3333333333333333,0.3846153846153846,55.726534082151716,3,385.0,2,0.0
35,21,12,9,9,4.75,1.2,1.2371134020618557,74.26429253267985,5,263.0,3,0.0
36,14,6,8,4,3.75,0.6666666666666666,0.7792207792207793,61.389062612624386,4,225.2,3,0.0
39,13,3,10,3,4.75,0.2727272727272727,0.30927835051546393,36.45790860717565,2,340.5,6,0.0
41,5,4,1,2,2.25,2.0,0.851063829787234,61.913885646371654,1,223.1,2,0.0
20,5,2,3,1,1.75,0.5,0.5405405405405405,50.11258332699569,2,89.4,0,0.0
20,13,4,9,3,4.0,0.4,0.48780487804878053,80.98369283784068,6,527.6,3,0.0
34,14,10,4,5,4.25,2.0,1.149425287356322,77.31643623152004,6,238.29999999999998,2,0.0
40,12,5,7,3,3.0,0.625,0.8064516129032258,54.98041791252793,3,169.9,1,0.0
40,14,8,6,4,3.25,1.1428571428571428,1.1940298507462686,48.341917903964365,2,448.0,2,0.0
40,14,4,10,1,5.0,0.36363636363636365,0.3921568627450981,76.68704725284327,7,453.29999999999995,1,0.0
44,15,9,6,5,5.75,1.2857142857142858,0.7692307692307693,70.12335595652868,7,438.70000000000005,2,0.0
25,24,10,14,3,5.25,0.6666666666666666,0.9345794392523366,78.67489509560966,8,507.1,3,0.0
20,19,9,10,2,4.0,0.8181818181818182,1.0975609756097562,63.607180878041035,3,299.1,2,0.0
23,4,3,1,3,2.25,1.5,0.6382978723404255,40.805209708052104,3,243.5,3,0.0
21,9,3,6,2,3.5,0.42857142857142855,0.41666666666666663,66.47038648353134,2,334.9,1,0.0
19,16,9,7,6,4.5,1.125,0.9782608695652175,57.998714236920065,5,237.1,2,0.0
32,16,9,7,4,4.75,1.125,0.9278350515463918,78.63905354984546,7,395.2,6,0.0
18,15,8,7,5,2.75,1.0,1.4035087719298245,56.25839748784653,5,284.2,2,0.0
39,2,2,0,1,0.75,2.0,1.1764705882352942,44.37942133615253,0,85.1,0,0.0
24,23,10,13,7,5.0,0.7142857142857143,0.9803921568627452,67.25798079009219,5,291.9,1,0.0
27,18,13,5,6,5.0,2.1666666666666665,1.2745098039215688,76.72951322829013,6,500.0,4,0.0
33,12,4,8,1,2.5,0.4444444444444444,0.7692307692307692,52.15019149798372,1,188.29999999999998,0,0.0
27,12,4,8,2,4.75,0.4444444444444444,0.4123711340206186,74.67798852263066,3,298.8,1,0.0
39,31,18,13,6,6.75,1.2857142857142858,1.3138686131386863,80.44976927944819,8,389.8,3,0.0
32,27,14,13,1,6.0,1.0,1.1475409836065575,83.72447986336196,7,472.0,4,0.0
39,20,11,9,5,5.25,1.1,1.0280373831775702,72.51455446043539,7,268.1,5,0.0
39,11,5,6,3,4.25,0.7142857142857143,0.574712643678161,65.48422338540277,5,301.7,1,0.0
36,16,9,7,4,3.75,1.125,1.1688311688311688,65.98688185717083,3,113.2,3,0.0
41,14,7,7,3,3.25,0.875,1.044776119402985,61.76791633007164,3,142.4,1,0.0
19,32,13,19,5,7.75,0.65,0.8280254777070064,71.03783343556037,8,379.0,1,0.0
24,24,14,10,6,3.5,1.2727272727272727,1.9444444444444444,81.66185711693683,4,426.8,1,0.0
33,11,6,5,3,3.25,1.0,0.8955223880597015,54.34939645590961,5,275.8,1,0.0
19,9,4,5,0,3.25,0.6666666666666666,0.5970149253731343,52.2115454569532,3,126.0,1,1.0
32,14,7,7,4,4.5,0.875,0.7608695652173914,69.0311147778408,5,167.0,4,0.0
20,13,7,6,3,2.25,1.0,1.4893617021276595,50.49605468581712,4,209.39999999999998,2,0.0
36,21,8,13,5,3.0,0.5714285714285714,1.2903225806451613,65.30098318053824,5,384.9,2,0.0
23,24,11,13,7,4.5,0.7857142857142857,1.1956521739130437,71.97617131057218,6,411.6,3,0.0
16,20,11,9,9,7.0,1.1,0.7746478873239437,68.51668838864254,6,386.3,4,0.0
41,21,7,14,4,3.25,0.4666666666666667,1.044776119402985,62.96229939495883,6,423.1,4,0.0
25,14,7,7,1,3.75,0.875,0.9090909090909091,50.554217093963004,4,273.5,1,0.0
16,13,9,4,3,3.25,1.8,1.3432835820895521,60.18424234485194,5,120.9,3,0.0
24,18,12,6,4,6.0,1.7142857142857142,0.9836065573770493,82.12463268807309,7,225.1,3,0.0
29,16,11,5,9,4.5,1.8333333333333333,1.1956521739130437,64.70409049928804,4,340.5,4,0.0
34,16,9,7,6,3.25,1.125,1.3432835820895521,61.77200251682492,6,249.4,1,0.0
38,15,7,8,2,4.5,0.7777777777777778,0.7608695652173914,58.11855998973754,3,442.7,0,0.0
31,17,8,9,3,3.75,0.8,1.0389610389610389,64.54414248009496,2,233.20000000000002,5,0.0
18,17,11,6,6,2.5,1.5714285714285714,2.1153846153846154,57.59295376877836,3,234.1,4,0.0
27,17,7,10,4,7.0,0.6363636363636364,0.49295774647887325,70.39877830452406,6,510.20000000000005,3,0.0
37,25,14,11,8,8.0,1.1666666666666667,0.8641975308641976,78.38935094449809,6,577.9,4,0.0
30,15,8,7,4,2.25,1.0,1.702127659574468,71.42398475826914,6,564.0,5,0.0
30,10,4,6,1,4.25,0.5714285714285714,0.4597701149425288,76.7477806876935,5,125.7,0,0.0
40,21,11,10,4,5.5,1.0,0.9821428571428572,62.24371136293352,4,475.6,3,0.0
35,18,7,11,6,4.75,0.5833333333333334,0.7216494845360826,75.06651974262218,6,464.9,3,0.0
38,12,8,4,5,3.75,1.6,1.0389610389610389,60.48039297798018,4,186.1,2,0.0
16,24,10,14,2,5.0,0.6666666666666666,0.9803921568627452,77.76866055309345,6,457.7,1,0.0
23,13,3,10,2,6.0,0.2727272727272727,0.24590163934426232,71.2201604849194,3,162.6,1,0.0
20,8,3,5,1,4.0,0.5,0.3658536585365854,49.47458898074922,3,319.5,2,0.0
21,12,4,8,0,2.5,0.4444444444444444,0.7692307692307692,56.96957148164361,4,169.70000000000002,2,1.0
44,12,4,8,4,2.75,0.4444444444444444,0.7017543859649122,45.93698584079376,0,54.5,0,0.0
41,23,13,10,5,4.75,1.1818181818181819,1.3402061855670104,81.77066372863575,7,376.6,4,0.0
21,10,2,8,0,1.5,0.2222222222222222,0.625,54.81082711404851,0,128.9,1,1.0
16,10,3,7,1,3.0,0.375,0.48387096774193544,57.43353969432735,5,258.9,5,0.0
17,12,6,6,3,3.5,0.8571428571428571,0.8333333333333333,60.03547097990413,2,231.2,3,0.0
23,6,3,3,2,3.5,0.75,0.41666666666666663,47.7012330044347,1,311.0,1,0.0
34,15,8,7,7,3.0,1.0,1.2903225806451613,64.85493587225535,4,207.4,1,0.0
31,14,6,8,4,4.25,0.6666666666666666,0.6896551724137931,64.04676990336064,5,411.9,5,0.0
20,20,11,9,5,7.5,1.1,0.7236842105263158,84.71265688119543,8,297.7,2,0.0
31,15,10,5,6,4.5,1.6666666666666667,1.0869565217391306,66.63989507196652,5,406.6,3,0.0
18,7,5,2,2,1.25,1.6666666666666667,1.8518518518518516,45.805105574392336,2,112.6,0,0.0
42,12,4,8,1,4.75,0.4444444444444444,0.4123711340206186,68.08398049201763,6,435.1,1,0.0
31,5,3,2,1,0.75,1.0,1.7647058823529411,36.9465896790813,0,60.5,1,0.0
43,20,10,10,7,4.25,0.9090909090909091,1.149425287356322,84.86505777700356,7,443.2,2,0.0
40,20,11,9,7,4.0,1.1,1.3414634146341464,79.97891511195064,6,284.7,2,0.0
32,1,1,0,1,0.5,1.0,0.8333333333333334,37.63563369079594,0,68.7,1,0.0
18,26,14,12,6,6.0,1.0769230769230769,1.1475409836065575,68.80731580886429,7,396.40000000000003,5,0.0
35,14,5,9,2,2.5,0.5,0.9615384615384615,58.52248432934849,2,402.4,2,0.0
21,13,8,5,7,3.25,1.3333333333333333,1.1940298507462686,69.915370236181,4,169.2,1,0.0
31,16,7,9,5,4.25,0.7,0.8045977011494253,55.26825997570857,5,409.9,1,0.0
26,13,8,5,2,2.25,1.3333333333333333,1.702127659574468,49.87715487690904,2,244.0,2,0.0
43,18,5,13,3,4.25,0.35714285714285715,0.574712643678161,65.91168875228428,4,481.0,2,0.0
38,18,6,12,4,3.0,0.46153846153846156,0.9677419354838709,69.43827740743077,3,476.09999999999997,2,0.0
40,10,3,7,2,2.75,0.375,0.5263157894736842,64.39101145938791,1,254.5,1,0.0
38,19,11,8,3,2.75,1.2222222222222223,1.9298245614035088,67.20633110807103,5,275.8,3,0.0
24,16,8,8,4,6.75,0.8888888888888888,0.5839416058394161,69.62503258410477,7,395.3,4,0.0
31,7,2,5,1,3.25,0.3333333333333333,0.29850746268656714,50.60525474183171,1,164.7,0,0.0
36,10,6,4,3,3.75,1.2,0.7792207792207793,58.256657297703924,5,359.6,1,0.0
24,4,2,2,1,0.25,0.6666666666666666,2.857142857142857,60.30904853389757,0,41.8,0,0.0
17,13,8,5,5,4.0,1.3333333333333333,0.9756097560975611,47.62539143452015,5,269.6,3,0.0
44,2,1,1,0,1.5,0.5,0.3125,56.39658201831894,0,105.2,1,1.0
40,25,13,12,2,3.0,1.0,2.096774193548387,66.3230621793977,4,336.1,4,0.0
43,19,7,12,4,5.0,0.5384615384615384,0.6862745098039216,77.41042906183158,7,666.4,1,0.0
26,3,1,2,0,2.25,0.3333333333333333,0.2127659574468085,,0,59.9,0,1.0
37,17,7,10,4,4.25,0.6363636363636364,0.8045977011494253,80.47693557560599,6,456.09999999999997,2,0.0
26,10,3,7,0,2.25,0.375,0.6382978723404255,59.49736098707592,1,137.29999999999998,1,1.0
37,12,6,6,3,4.0,0.8571428571428571,0.7317073170731708,47.490767115960466,2,273.8,0,0.0
17,24,10,14,5,6.75,0.6666666666666666,0.7299270072992701,81.89164231426925,7,533.3,2,0.0
41,4,2,2,0,0.5,0.6666666666666666,1.6666666666666667,42.058156336957026,0,52.5,0,1.0
23,8,3,5,3,3.0,0.5,0.48387096774193544,57.339102252945594,4,148.1,0,0.0
19,19,11,8,6,8.0,1.2222222222222223,0.6790123456790124,83.39132461397367,8,493.5,4,0.0
43,1,1,0,1,0.75,1.0,0.5882352941176471,38.21979777787355,0,53.1,1,0.0
37,11,6,5,3,3.5,1.0,0.8333333333333333,38.334791709998306,1,134.9,1,0.0
22,27,13,14,6,6.75,0.8666666666666667,0.9489051094890512,84.34531904972872,8,654.6,5,0.0
32,19,12,7,7,4.0,1.5,1.4634146341463417,70.25206569031707,4,416.7,3,0.0
16,11,2,9,0,2.0,0.2,0.47619047619047616,58.92620896796879,4,299.6,1,1.0
27,17,9,8,6,5.25,1.0,0.8411214953271029,64.79124458828069,5,364.2,3,0.0
37,14,9,5,5,4.5,1.5,0.9782608695652175,69.5129805131943,8,407.8,1,0.0
22,13,7,6,5,2.5,1.0,1.346153846153846,56.95480634591132,6,284.0,0,0.0
30,11,4,7,3,4.25,0.5,0.4597701149425288,53.16716864169985,5,124.39999999999999,1,0.0
21,14,6,8,0,4.0,0.6666666666666666,0.7317073170731708,63.061224391295674,3,92.2,4,1.0
31,28,15,13,10,8.0,1.0714285714285714,0.9259259259259259,82.3031073942392,8,373.0,3,0.0
28,22,18,4,8,6.25,3.6,1.4173228346456694,64.42064085585214,5,457.5,2,0.0
17,14,7,7,3,2.75,0.875,1.2280701754385965,41.58047433378293,1,144.79999999999998,0,0.0
37,17,11,6,5,2.75,1.5714285714285714,1.9298245614035088,60.49871486323494,6,288.4,1,0.0
36,21,8,13,6,5.25,0.5714285714285714,0.7476635514018692,84.78161078579149,8,451.5,5,0.0
36,17,10,7,2,2.75,1.25,1.7543859649122806,63.37812766252775,3,574.9,2,0.0
22,22,11,11,6,4.5,0.9166666666666666,1.1956521739130437,64.0089785129105,8,324.0,4,0.0
23,21,11,10,5,3.5,1.0,1.5277777777777777,82.28826169479916,6,530.7,2,0.0
23,9,2,7,0,4.0,0.25,0.24390243902439027,69.30141332159012,4,332.0,2,1.0
23,14,5,9,3,2.5,0.5,0.9615384615384615,63.79397288350594,6,251.3,3,0.0
17,25,12,13,5,5.0,0.8571428571428571,1.1764705882352942,71.72860031485864,6,505.2,2,0.0
18,8,4,4,2,5.25,0.8,0.3738317757009346,59.084955617923654,2,148.3,3,0.0
21,18,4,14,2,3.75,0.26666666666666666,0.5194805194805194,65.13905098363496,7,222.7,2,0.0
32,22,11,11,4,4.25,0.9166666666666666,1.264367816091954,78.5737315156728,7,315.8,5,0.0
41,14,10,4,4,3.0,2.0,1.6129032258064515,50.47310952778223,4,147.7,2,0.0
40,14,8,6,5,3.25,1.1428571428571428,1.1940298507462686,63.59198241781731,1,234.70000000000002,2,0.0
20,9,4,5,4,1.75,0.6666666666666666,1.081081081081081,54.327567275498915,5,224.70000000000002,1,0.0
19,18,9,9,5,5.5,0.9,0.8035714285714286,70.03347586523608,2,414.9,2,0.0
37,24,14,10,6,8.0,1.2727272727272727,0.8641975308641976,76.22736734379212,6,415.0,6,0.0
28,22,16,6,8,5.5,2.2857142857142856,1.4285714285714286,79.22991324563442,7,492.9,1,0.0
30,22,10,12,4,2.75,0.7692307692307693,1.7543859649122806,76.85185685039806,5,582.8,3,0.0
20,6,2,4,0,1.5,0.4,0.625,53.64830422500735,3,404.4,2,1.0
31,6,2,4,1,2.75,0.4,0.3508771929824561,59.79426674059774,5,135.9,0,0.0
42,7,3,4,2,5.25,0.6,0.28037383177570097,60.854148168092735,5,230.8,3,0.0
19,12,5,7,2,1.0,0.625,2.2727272727272725,57.52172969714641,1,161.6,2,0.0
16,11,4,7,4,2.75,0.5,0.7017543859649122,67.36321389616546,3,251.1,3,0.0
44,22,10,12,4,8.75,0.7692307692307693,0.5649717514124294,76.05702724574301,6,320.6,5,0.0
38,7,2,5,0,5.5,0.3333333333333333,0.17857142857142858,69.71498857060855,0,202.6,2,1.0
27,18,3,15,2,3.5,0.1875,0.41666666666666663,67.20625177636805,4,382.1,2,0.0
27,14,5,9,3,4.0,0.5,0.6097560975609757,67.73980047475865,2,339.3,0,0.0
39,18,8,10,3,3.75,0.7272727272727273,1.0389610389610389,69.77879428949785,4,411.7,6,0.0
21,8,3,5,0,2.25,0.5,0.6382978723404255,52.6640899515108,3,261.4,3,1.0
21,11,4,7,1,2.0,0.5,0.9523809523809523,49.54243096099486,2,253.5,2,0.0
31,8,4,4,2,1.75,0.8,1.081081081081081,39.120905779638505,0,226.9,0,0.0
34,14,6,8,2,5.0,0.6666666666666666,0.5882352941176471,53.61311937425669,6,291.8,1,0.0
37,15,6,9,2,3.0,0.6,0.9677419354838709,58.511485301418574,2,216.2,1,0.0
25,4,3,1,2,0.75,1.5,1.7647058823529411,36.90260739829699,0,50.5,0,0.0
29,21,8,13,6,6.25,0.5714285714285714,0.6299212598425197,80.23419890082387,7,554.9,1,0.0
33,17,10,7,3,6.5,1.25,0.7575757575757576,81.95668902467403,6,499.40000000000003,1,0.0
42,8,4,4,1,2.0,0.8,0.9523809523809523,49.73614914020552,3,338.3,2,0.0
17,14,10,4,4,3.5,2.0,1.3888888888888888,64.66606640067084,0,135.6,0,0.0
40,9,6,3,4,4.0,1.5,0.7317073170731708,64.49237594499861,5,246.6,6,0.0
25,23,14,9,8,6.25,1.4,1.1023622047244095,74.25029109409263,6,432.2,2,0.0
22,8,4,4,1,3.5,0.8,0.5555555555555556,65.35777300299657,4,229.0,2,0.0
44,18,9,9,5,5.75,0.9,0.7692307692307693,76.36517587053235,6,407.3,3,0.0
41,8,3,5,0,4.0,0.5,0.3658536585365854,60.04125524106732,5,183.7,3,1.0
32,11,7,4,5,3.75,1.4,0.9090909090909091,56.837149086122594,4,333.7,2,0.0
38,7,2,5,0,1.5,0.3333333333333333,0.625,64.78587718455975,1,17.599999999999998,1,1.0
36,22,11,11,6,3.25,0.9166666666666666,1.6417910447761193,57.61974588136203,4,312.09999999999997,4,0.0
39,18,9,9,6,4.5,0.9,0.9782608695652175,67.32660893076984,1,273.1,2,0.0
21,5,2,3,0,2.5,0.5,0.3846153846153846,45.15258740283877,0,203.9,0,1.0
24,19,12,7,5,4.75,1.5,1.2371134020618557,63.70567287894974,5,415.0,2,0.0
19,23,10,13,5,6.25,0.7142857142857143,0.7874015748031497,82.87878399989951,8,391.8,3,0.0
21,27,11,16,6,8.5,0.6470588235294118,0.6395348837209303,81.41320519885052,6,449.7,3,0.0
34,15,9,6,5,3.0,1.2857142857142858,1.4516129032258065,53.23361152329258,3,171.7,2,0.0
23,21,10,11,7,6.75,0.8333333333333334,0.7299270072992701,64.11600143865896,4,303.7,4,0.0
18,14,3,11,1,5.0,0.25,0.29411764705882354,57.201205150189494,3,97.5,1,0.0
27,11,2,9,2,3.25,0.2,0.29850746268656714,48.65127875876783,2,232.7,2,0.0
26,13,3,10,2,3.25,0.2727272727272727,0.44776119402985076,53.913820637951915,4,353.5,4,0.0
16,10,6,4,1,2.0,1.2,1.4285714285714286,50.60966569131602,2,198.9,3,0.0
23,19,10,9,2,3.5,1.0,1.3888888888888888,70.65345331654423,7,253.5,4,0.0
16,10,4,6,2,4.0,0.5714285714285714,0.48780487804878053,68.599656171441,5,400.0,2,0.0
37,12,8,4,4,2.75,1.6,1.4035087719298245,56.293008541915775,2,220.89999999999998,2,0.0
38,21,8,13,3,3.5,0.5714285714285714,1.1111111111111112,64.91021347998205,7,593.7,3,0.0
20,13,9,4,2,3.5,1.8,1.25,53.25977668632169,5,317.0,1,0.0
41,19,13,6,10,3.75,1.8571428571428572,1.6883116883116882,62.7955140177039,4,263.4,4,0.0
23,12,5,7,5,3.75,0.625,0.6493506493506493,67.2064742632688,2,93.0,0,0.0
38,8,7,1,3,3.75,3.5,0.9090909090909091,67.63405239547089,4,532.4,1,0.0
34,13,5,8,1,2.75,0.5555555555555556,0.8771929824561403,74.65848010058426,5,257.1,4,0.0
36,27,10,17,7,7.25,0.5555555555555556,0.6802721088435374,71.35031290887818,8,484.3,0,0.0
23,9,4,5,2,3.0,0.6666666666666666,0.6451612903225806,60.01079913442821,3,117.5,1,0.0
25,8,2,6,1,3.0,0.2857142857142857,0.3225806451612903,61.27695358909801,3,269.6,2,0.0
16,19,9,10,5,6.0,0.8181818181818182,0.7377049180327869,74.00421990754575,5,288.5,2,0.0
25,19,6,13,6,3.5,0.42857142857142855,0.8333333333333333,68.98719756933345,6,308.3,1,0.0
30,15,6,9,3,4.75,0.6,0.6185567010309279,78.36373009769443,6,445.0,5,0.0
21,15,5,10,3,3.75,0.45454545454545453,0.6493506493506493,71.56571257407083,7,430.3,3,0.0
24,6,2,4,2,4.75,0.4,0.2061855670103093,65.75094351803632,4,205.29999999999998,3,0.0
44,5,2,3,1,2.75,0.5,0.3508771929824561,30.5862982052042,3,234.9,0,0.0
42,19,9,10,2,2.75,0.8181818181818182,1.5789473684210527,73.47264483419384,5,192.9,2,0.0
42,16,9,7,5,5.75,1.125,0.7692307692307693,77.50152332652284,7,689.7,0,0.0
35,21,9,12,5,5.5,0.6923076923076923,0.8035714285714286,72.61466813569092,7,271.7,5,0.0
20,9,3,6,1,2.5,0.42857142857142855,0.5769230769230769,76.4587341279895,2,229.6,0,0.0
43,23,14,9,8,3.5,1.4,1.9444444444444444,60.582677617208915,7,276.5,4,0.0
16,11,5,6,3,3.25,0.7142857142857143,0.7462686567164178,64.457427462565,2,208.5,3,0.0
30,8,6,2,2,2.5,2.0,1.1538461538461537,70.33093862461116,1,276.40000000000003,6,0.0
24,3,1,2,0,2.75,0.3333333333333333,0.17543859649122806,,1,65.2,1,1.0
30,17,9,8,7,2.5,1.0,1.7307692307692306,70.10072122309462,3,154.1,3,0.0
34,16,10,6,5,4.0,1.4285714285714286,1.2195121951219514,54.410415278380654,3,320.0,3,0.0
43,6,3,3,3,1.25,0.75,1.111111111111111,49.773795059293725,1,218.7,0,0.0
32,19,9,10,6,5.0,0.8181818181818182,0.8823529411764707,81.96921135666435,7,343.7,1,0.0
19,13,7,6,3,4.0,1.0,0.853658536585366,50.20094822841146,5,361.2,1,0.0
42,18,12,6,7,7.25,1.7142857142857142,0.8163265306122449,77.92194212113255,7,365.2,5,0.0
21,15,5,10,3,3.5,0.45454545454545453,0.6944444444444444,71.69057961312184,6,143.5,4,0.0
21,17,10,7,5,4.5,1.25,1.0869565217391306,59.369895354643376,3,131.7,1,0.0
21,19,8,11,4,3.0,0.6666666666666666,1.2903225806451613,73.9520238812026,7,333.6,0,0.0
36,12,6,6,3,3.5,0.8571428571428571,0.8333333333333333,60.50947378827691,5,243.7,3,0.0
41,15,8,7,4,3.5,1.0,1.1111111111111112,75.79421862336586,4,505.3,4,0.0
34,19,11,8,8,3.25,1.2222222222222223,1.6417910447761193,72.40456150989807,7,663.1,3,0.0
44,11,2,9,2,2.5,0.2,0.3846153846153846,60.56136254381172,0,189.3,3,0.0
18,21,15,6,6,3.0,2.142857142857143,2.4193548387096775,64.3685055567659,6,226.4,4,0.0
31,10,5,5,3,3.25,0.8333333333333334,0.7462686567164178,64.39682472791716,3,150.0,2,0.0
27,24,16,8,10,5.75,1.7777777777777777,1.3675213675213675,84.68919952373189,8,451.6,4,0.0
29,23,15,8,9,5.5,1.6666666666666667,1.3392857142857144,80.31745978588503,5,534.5,7,0.0
35,8,5,3,4,1.5,1.25,1.5625,61.44038597047712,6,320.9,0,0.0
23,17,11,6,5,4.75,1.5714285714285714,1.1340206185567012,57.89795201440521,8,293.8,2,0.0
26,17,7,10,3,2.75,0.6363636363636364,1.2280701754385965,60.188284287493985,2,340.2,2,0.0
26,4,1,3,0,2.0,0.25,0.23809523809523808,62.35042655111067,1,68.9,0,1.0
25,17,11,6,8,3.0,1.5714285714285714,1.7741935483870968,81.10306102409791,4,269.1,4,0.0
38,6,3,3,1,1.25,0.75,1.111111111111111,42.30915712106645,0,207.10000000000002,0,0.0
39,13,7,6,3,3.75,1.0,0.9090909090909091,58.66325952820365,5,437.6,2,0.0
26,12,4,8,1,4.25,0.4444444444444444,0.4597701149425288,58.43390959707567,4,406.6,0,0.0
17,21,7,14,2,5.5,0.4666666666666667,0.625,88.1435129873966,7,537.7,4,0.0
22,18,11,7,3,3.0,1.375,1.7741935483870968,51.78290053010554,2,368.5,1,0.0
33,9,5,4,2,3.25,1.0,0.7462686567164178,77.42525827355809,4,164.1,1,0.0
23,23,17,6,8,3.5,2.4285714285714284,2.361111111111111,72.8215305991948,7,409.2,5,0.0
30,15,7,8,5,3.0,0.7777777777777778,1.129032258064516,71.1124091926378,5,228.8,0,0.0
32,27,12,15,9,4.75,0.75,1.2371134020618557,75.6579275618267,8,239.8,2,0.0
29,8,1,7,0,2.25,0.125,0.2127659574468085,68.32560443438987,0,178.0,1,1.0
38,11,4,7,2,2.5,0.5,0.7692307692307692,69.0621082744029,5,354.5,0,0.0
22,33,15,18,8,5.75,0.7894736842105263,1.2820512820512822,71.41360148933599,8,438.0,6,0.0
40,23,7,16,4,6.5,0.4117647058823529,0.5303030303030303,75.55123482811233,3,373.5,6,0.0
43,12,8,4,5,2.0,1.6,1.9047619047619047,63.206506879665284,5,161.4,2,0.0
19,13,7,6,3,1.5,1.0,2.1875,62.41185694200107,6,388.3,0,0.0
31,18,9,9,6,2.75,0.9,1.5789473684210527,60.759002433938605,2,472.4,4,0.0
39,13,2,11,0,2.75,0.16666666666666666,0.3508771929824561,65.67703308842843,1,272.5,1,1.0
42,19,6,13,3,4.25,0.42857142857142855,0.6896551724137931,64.98986298561724,5,232.0,2,0.0
39,7,1,6,0,3.0,0.14285714285714285,0.16129032258064516,65.26203785520106,2,145.70000000000002,0,1.0
24,15,7,8,2,3.25,0.7777777777777778,1.044776119402985,51.86200597105275,0,232.79999999999998,1,0.0
19,19,11,8,6,3.75,1.2222222222222223,1.4285714285714286,54.36627886852785,3,90.3,2,0.0
23,6,4,2,3,1.0,1.3333333333333333,1.8181818181818181,62.937422692902004,3,321.7,1,0.0
26,3,1,2,0,0.75,0.3333333333333333,0.5882352941176471,51.50028006967173,0,93.4,0,1.0
39,13,5,8,4,3.5,0.5555555555555556,0.6944444444444444,61.00825194486484,3,195.7,4,0.0
44,7,4,3,4,2.25,1.0,0.851063829787234,48.56772709479436,3,384.8,1,0.0
42,3,1,2,0,1.75,0.3333333333333333,0.27027027027027023,50.37517655457307,2,73.5,1,1.0
33,21,9,12,5,3.5,0.6923076923076923,1.25,64.12261826067154,3,183.8,5,0.0
21,10,4,6,2,3.0,0.5714285714285714,0.6451612903225806,56.13738430683603,3,207.29999999999998,6,0.0
38,13,7,6,4,4.5,1.0,0.7608695652173914,65.6618187295804,3,212.89999999999998,3,0.0
41,20,7,13,4,3.5,0.5,0.9722222222222222,61.883896116183685,5,383.6,2,0.0
32,22,11,11,4,3.25,0.9166666666666666,1.6417910447761193,71.65000697085172,6,281.4,3,0.0
24,13,6,7,3,3.5,0.75,0.8333333333333333,57.898962194677786,3,282.2,1,0.0
26,22,10,12,3,4.0,0.7692307692307693,1.2195121951219514,73.96188008679222,7,757.0999999999999,7,0.0
17,4,1,3,1,0.75,0.25,0.5882352941176471,43.87812702754391,1,48.8,1,0.0
36,7,3,4,1,7.25,0.6,0.20408163265306123,71.69223420656147,5,286.2,1,0.0
17,13,8,5,3,3.0,1.3333333333333333,1.2903225806451613,59.130984377839525,3,174.9,0,0.0
18,13,6,7,4,2.25,0.75,1.276595744680851,54.55055462693725,5,347.4,1,0.0
40,18,7,11,3,7.25,0.5833333333333334,0.4761904761904762,66.8798543307451,7,547.3,2,0.0
33,15,6,9,3,3.75,0.6,0.7792207792207793,64.86253820857476,4,235.8,2,0.0
40,19,7,12,4,2.5,0.5384615384615384,1.346153846153846,69.92753559583032,5,424.8,2,0.0
39,11,7,4,1,2.25,1.4,1.4893617021276595,26.781758030043157,0,95.60000000000001,1,0.0
16,33,20,13,14,5.0,1.4285714285714286,1.9607843137254903,69.11875399753649,7,459.6,4,0.0
41,22,16,6,8,6.25,2.2857142857142856,1.2598425196850394,66.09453192363821,6,363.6,5,0.0
35,27,13,14,10,6.75,0.8666666666666667,0.9489051094890512,76.95829797370291,8,227.60000000000002,0,0.0
39,13,7,6,5,3.75,1.0,0.9090909090909091,63.570484762529446,4,217.3,2,0.0
30,18,8,10,4,4.5,0.7272727272727273,0.8695652173913044,71.94743351067135,3,329.3,3,0.0
20,10,2,8,1,4.25,0.2222222222222222,0.2298850574712644,61.86790908880783,3,231.4,1,0.0
31,16,9,7,5,2.5,1.125,1.7307692307692306,58.23219934245127,3,192.6,1,0.0
22,9,7,2,6,3.5,2.3333333333333335,0.9722222222222222,58.455007693765886,5,261.3,2,0.0
19,15,10,5,4,2.5,1.6666666666666667,1.923076923076923,65.0850079645453,6,492.29999999999995,1,0.0
18,15,7,8,6,3.0,0.7777777777777778,1.129032258064516,58.3753001335305,4,285.20000000000005,1,0.0
23,15,6,9,2,4.0,0.6,0.7317073170731708,74.44295707434162,8,575.0,4,0.0
41,25,11,14,4,3.75,0.7333333333333333,1.4285714285714286,51.60177450690287,4,380.2,4,0.0
33,24,11,13,6,5.75,0.7857142857142857,0.9401709401709403,84.06323037475703,7,391.2,1,0.0
44,15,10,5,5,4.0,1.6666666666666667,1.2195121951219514,50.78168316945562,7,220.6,1,0.0
25,13,8,5,3,1.75,1.3333333333333333,2.162162162162162,68.14726693985222,4,173.0,2,0.0
36,26,12,14,4,4.75,0.8,1.2371134020618557,73.03784153519265,6,376.7,3,0.0
19,8,5,3,2,1.75,1.25,1.3513513513513513,53.499044995494245,3,225.3,2,0.0
16,15,6,9,4,2.75,0.6,1.0526315789473684,67.63907121131602,4,415.9,3,0.0
34,19,9,10,2,5.0,0.8181818181818182,0.8823529411764707,63.63207340288949,4,311.59999999999997,0,0.0
37,17,7,10,5,4.5,0.6363636363636364,0.7608695652173914,72.37199244764112,8,388.6,4,0.0
29,16,9,7,5,4.0,1.125,1.0975609756097562,72.93166415470336,6,550.9,0,0.0
29,18,7,11,6,2.75,0.5833333333333334,1.2280701754385965,62.624105057711446,6,249.5,3,0.0
20,19,8,11,4,4.25,0.6666666666666666,0.9195402298850576,66.36905340200806,4,357.1,1,0.0
39,22,8,14,3,3.0,0.5333333333333333,1.2903225806451613,55.80085383190859,6,185.6,2,0.0
27,18,8,10,3,4.0,0.7272727272727273,0.9756097560975611,67.08501544648617,5,449.1,2,0.0
40,11,5,6,5,3.0,0.7142857142857143,0.8064516129032258,53.88981902771413,3,175.39999999999998,2,0.0
26,16,7,9,4,3.5,0.7,0.9722222222222222,76.21564023029616,5,255.7,1,0.0
27,14,6,8,4,5.25,0.6666666666666666,0.5607476635514019,72.94813906235012,7,422.4,1,0.0
40,16,9,7,6,3.75,1.125,1.1688311688311688,79.02623676120331,5,316.0,4,0.0
16,21,11,10,5,5.25,1.0,1.0280373831775702,79.66972942750597,6,152.2,4,0.0
38,15,9,6,5,4.5,1.2857142857142858,0.9782608695652175,51.458766040411106,3,302.0,1,0.0
24,12,5,7,2,5.5,0.625,0.44642857142857145,79.74595168838816,4,284.7,1,0.0
29,28,15,13,8,4.25,1.0714285714285714,1.7241379310344829,78.52190691875897,4,725.3000000000001,2,0.0
43,9,1,8,0,3.0,0.1111111111111111,0.16129032258064516,68.51605256666258,1,160.60000000000002,1,1.0
40,13,7,6,4,3.0,1.0,1.129032258064516,70.00066501354414,6,338.8,2,0.0
32,13,9,4,6,4.0,1.8,1.0975609756097562,69.4968109141472,1,247.1,2,0.0
30,18,12,6,9,4.75,1.7142857142857142,1.2371134020618557,73.1219070723135,6,186.8,3,0.0
33,20,6,14,5,5.75,0.4,0.5128205128205129,71.66920277983427,5,557.0,4,0.0
43,11,6,5,3,2.25,1.0,1.276595744680851,63.90938153480556,4,336.2,3,0.0
33,7,6,1,4,3.25,3.0,0.8955223880597015,50.772465217776954,5,160.9,3,0.0
41,13,4,9,1,4.5,0.4,0.4347826086956522,67.64809196237577,3,159.79999999999998,0,0.0
25,15,9,6,5,2.75,1.2857142857142858,1.5789473684210527,85.24072481110318,5,264.1,1,0.0
23,10,4,6,3,4.75,0.5714285714285714,0.4123711340206186,63.3820675434885,6,203.8,3,0.0
22,20,10,10,3,2.75,0.9090909090909091,1.7543859649122806,77.46666172991866,2,485.9,2,0.0
37,16,4,12,2,3.75,0.3076923076923077,0.5194805194805194,75.12870555609912,6,308.5,5,0.0
41,15,8,7,5,5.25,1.0,0.7476635514018692,68.12098609351023,5,421.5,2,0.0
35,4,4,0,0,3.25,4.0,0.5970149253731343,61.0413696071951,4,125.2,1,1.0
29,19,11,8,5,4.25,1.2222222222222223,1.264367816091954,74.30513301854022,6,517.8000000000001,4,0.0
34,15,10,5,5,4.25,1.6666666666666667,1.149425287356322,58.46050818273195,5,100.0,0,0.0
27,22,13,9,7,6.75,1.3,0.9489051094890512,62.82259704072079,4,400.9,2,0.0
21,10,4,6,3,4.75,0.5714285714285714,0.4123711340206186,85.86972773984158,7,421.7,6,0.0
20,21,12,9,5,5.75,1.2,1.0256410256410258,73.27903762066943,6,604.3,4,0.0
41,7,3,4,0,3.5,0.6,0.41666666666666663,46.494942016793686,5,356.4,1,1.0
28,14,5,9,2,7.25,0.5,0.3401360544217687,76.9200217403698,8,628.0,3,0.0
40,14,5,9,3,5.25,0.5,0.4672897196261683,65.36670215016156,8,267.7,2,0.0
19,8,1,7,0,2.75,0.125,0.17543859649122806,61.34581658093214,0,44.1,0,1.0
31,19,8,11,4,5.5,0.6666666666666666,0.7142857142857143,59.17965905480421,6,430.40000000000003,2,0.0
19,16,7,9,4,4.25,0.7,0.8045977011494253,57.78863258986499,5,165.9,3,0.0
35,16,11,5,5,4.0,1.8333333333333333,1.3414634146341464,75.00351940477755,4,363.4,5,0.0
19,15,7,8,2,4.0,0.7777777777777778,0.853658536585366,64.86079751256553,3,259.1,2,0.0
29,13,8,5,4,3.25,1.3333333333333333,1.1940298507462686,62.08721711809144,3,189.70000000000002,3,0.0
21,20,9,11,5,5.5,0.75,0.8035714285714286,73.94455119581626,6,552.9,0,0.0
26,15,7,8,2,2.75,0.7777777777777778,1.2280701754385965,72.01744321573413,6,254.60000000000002,1,0.0
27,20,10,10,6,3.5,0.9090909090909091,1.3888888888888888,63.7648193190795,7,187.8,1,0.0
19,33,17,16,8,4.5,1.0,1.847826086956522,84.69244398961493,7,414.9,8,0.0
16,8,4,4,2,1.25,0.8,1.4814814814814814,39.30633278895957,1,155.6,1,0.0
43,28,14,14,12,4.75,0.9333333333333333,1.4432989690721651,78.18974393749738,8,336.7,1,0.0
40,22,10,12,3,4.75,0.7692307692307693,1.0309278350515465,65.46566230097663,5,297.3,4,0.0
18,5,1,4,0,2.25,0.2,0.2127659574468085,50.06759259843024,1,340.2,2,1.0
34,3,1,2,0,1.0,0.3333333333333333,0.45454545454545453,56.77527318915524,0,104.0,2,1.0
26,21,12,9,10,3.5,1.2,1.6666666666666665,74.14201798098279,7,564.5,4,0.0
44,9,1,8,0,3.0,0.1111111111111111,0.16129032258064516,63.05852504344671,3,209.8,2,1.0
30,18,11,7,4,3.75,1.375,1.4285714285714286,56.30316365163194,4,447.0,6,0.0
29,18,14,4,6,5.0,2.8,1.3725490196078431,60.19757755923716,5,364.9,4,0.0
27,17,9,8,8,3.0,1.0,1.4516129032258065,61.022712491149534,4,173.3,1,0.0
43,20,7,13,1,5.0,0.5,0.6862745098039216,72.40490506480933,7,271.9,6,0.0
38,16,7,9,6,3.5,0.7,0.9722222222222222,61.002141384152765,4,331.1,0,0.0
29,15,9,6,3,3.0,1.2857142857142858,1.4516129032258065,72.89617733240256,1,189.1,2,0.0
34,13,5,8,3,4.75,0.5555555555555556,0.5154639175257733,51.63766972841666,3,280.9,3,0.0
35,13,2,11,1,5.0,0.16666666666666666,0.19607843137254904,59.65108336261551,6,283.6,4,0.0
44,16,11,5,7,4.25,1.8333333333333333,1.264367816091954,62.14729363650658,3,140.3,4,0.0
18,24,6,18,5,2.5,0.3157894736842105,1.1538461538461537,71.40895050326672,3,389.0,1,0.0
17,5,3,2,2,3.0,1.0,0.48387096774193544,50.64433321880569,1,122.3,1,0.0
20,12,9,3,4,1.5,2.25,2.8125,70.57438355706226,2,375.40000000000003,1,0.0
24,13,6,7,2,3.5,0.75,0.8333333333333333,47.49419997497079,3,144.70000000000002,0,0.0
40,15,9,6,5,3.0,1.2857142857142858,1.4516129032258065,63.94935719674724,4,257.6,0,0.0
21,17,7,10,3,3.0,0.6363636363636364,1.129032258064516,50.25471953940733,2,220.3,1,0.0
16,10,6,4,3,2.25,1.2,1.276595744680851,65.46979920890483,5,326.7,2,0.0
27,21,10,11,3,5.25,0.8333333333333334,0.9345794392523366,78.48917898657476,5,315.4,2,0.0
33,17,10,7,5,5.0,1.25,0.9803921568627452,68.20200377741662,4,330.2,0,0.0
30,5,1,4,0,5.25,0.2,0.09345794392523366,68.2315237396473,2,221.1,0,1.0
23,13,6,7,4,3.0,0.75,0.9677419354838709,67.8678731645192,3,194.1,3,0.0
16,8,4,4,0,2.5,0.8,0.7692307692307692,56.40720387530479,4,170.5,0,1.0
21,10,6,4,3,5.0,1.2,0.5882352941176471,75.57095763416557,5,391.2,2,0.0
40,12,4,8,2,2.25,0.4444444444444444,0.851063829787234,47.83515732013293,4,244.9,3,0.0
27,7,1,6,1,1.25,0.14285714285714285,0.37037037037037035,55.91623224119612,0,77.3,0,0.0
23,20,13,7,4,6.25,1.625,1.0236220472440944,78.13137226951585,6,390.1,2,0.0
24,11,7,4,5,3.75,1.4,0.9090909090909091,65.40252861789918,1,218.8,3,0.0
43,9,3,6,2,2.5,0.42857142857142855,0.5769230769230769,52.7147703144389,4,418.4,0,0.0
31,14,5,9,1,3.75,0.5,0.6493506493506493,62.74548911592381,6,448.9,3,0.0
43,17,8,9,5,2.0,0.8,1.9047619047619047,51.89101435637181,2,142.2,0,0.0
26,15,7,8,5,6.5,0.7777777777777778,0.5303030303030303,73.95831357995577,6,381.5,3,0.0
16,19,9,10,6,3.5,0.8181818181818182,1.25,63.58456072688699,7,263.5,4,0.0
16,21,15,6,8,3.5,2.142857142857143,2.0833333333333335,66.35535247289758,7,241.7,0,0.0
16,16,10,6,7,2.25,1.4285714285714286,2.127659574468085,59.284942541377305,5,298.0,2,0.0
38,14,6,8,5,3.75,0.6666666666666666,0.7792207792207793,70.05230843655202,5,164.3,0,0.0
37,14,9,5,6,2.5,1.5,1.7307692307692306,60.72464295503833,5,183.7,1,0.0
39,18,10,8,5,5.0,1.1111111111111112,0.9803921568627452,81.3576066423796,5,425.3,0,0.0
20,10,7,3,2,3.5,1.75,0.9722222222222222,50.94090994254798,2,468.7,2,0.0
20,25,12,13,6,5.0,0.8571428571428571,1.1764705882352942,70.66056895680717,7,461.1,2,0.0
34,16,7,9,4,2.0,0.7,1.6666666666666665,68.79164709894671,3,300.8,1,0.0
35,14,5,9,2,4.5,0.5,0.5434782608695653,69.2993701300181,5,463.3,2,0.0
41,18,8,10,4,3.75,0.7272727272727273,1.0389610389610389,71.93529575884222,6,252.10000000000002,1,0.0
20,14,7,7,5,4.5,0.875,0.7608695652173914,78.73896691134065,6,479.6,3,0.0
32,22,13,9,8,4.75,1.3,1.3402061855670104,70.58822403928627,5,281.3,2,0.0
43,15,10,5,3,5.5,1.6666666666666667,0.8928571428571429,74.07773906807242,2,314.8,3,0.0
23,14,7,7,2,5.25,0.875,0.6542056074766356,72.25677938306956,6,214.7,5,0.0
22,8,2,6,0,1.0,0.2857142857142857,0.9090909090909091,50.442759144900464,1,141.9,0,1.0
16,9,3,6,1,3.25,0.42857142857142855,0.44776119402985076,50.15974754162216,3,186.1,0,0.0
41,11,9,2,3,3.0,3.0,1.4516129032258065,70.72088317963603,6,593.2,1,0.0
38,19,14,5,8,6.25,2.3333333333333335,1.1023622047244095,78.61769799340996,6,347.8,1,0.0
42,14,10,4,3,2.75,2.0,1.7543859649122806,58.46108896970988,5,189.8,2,0.0
36,14,7,7,3,5.0,0.875,0.6862745098039216,59.226383781670535,3,222.3,2,0.0
42,16,7,9,4,3.5,0.7,0.9722222222222222,72.3920368181796,7,289.6,5,0.0
44,13,5,8,3,4.25,0.5555555555555556,0.574712643678161,76.50630209017464,5,526.0,0,0.0
42,17,8,9,1,4.0,0.8,0.9756097560975611,72.63436334716427,5,445.1,2,0.0
28,11,6,5,2,1.5,1.0,1.875,58.94023392233811,2,202.8,0,0.0
27,17,2,15,0,8.0,0.125,0.1234567901234568,64.38773450240313,2,89.7,1,1.0
28,27,14,13,9,5.25,1.0,1.3084112149532712,77.50378335072556,6,630.6,3,0.0
43,17,8,9,2,4.0,0.8,0.9756097560975611,60.133842389498916,6,330.3,4,0.0
37,25,12,13,8,8.0,0.8571428571428571,0.7407407407407408,82.82235114872248,7,734.3,3,0.0
34,14,7,7,3,1.75,0.875,1.8918918918918919,57.49359172552063,3,164.0,3,0.0
30,14,4,10,4,2.25,0.36363636363636365,0.851063829787234,50.52951598016617,3,237.5,3,0.0
28,11,4,7,3,1.75,0.5,1.081081081081081,57.71060324881596,2,243.39999999999998,1,0.0
17,15,6,9,1,4.5,0.6,0.6521739130434783,80.1047383215626,7,435.1,1,0.0
38,22,12,10,5,2.75,1.0909090909090908,2.1052631578947367,60.3414902912244,5,295.8,3,0.0
41,23,12,11,7,3.25,1.0,1.791044776119403,79.91107857733314,4,352.5,0,0.0
40,12,5,7,0,4.5,0.625,0.5434782608695653,74.067594028539,4,219.6,0,1.0
32,17,12,5,7,5.5,2.0,1.0714285714285714,84.5678375670477,4,174.6,2,0.0
26,12,8,4,3,3.5,1.6,1.1111111111111112,61.04529063795546,3,305.59999999999997,5,0.0
42,16,5,11,1,5.5,0.4166666666666667,0.44642857142857145,74.60000848095967,4,423.1,1,0.0
26,23,14,9,9,3.75,1.4,1.8181818181818181,59.29855266390712,5,410.3,4,0.0
27,22,13,9,8,5.5,1.3,1.1607142857142858,73.10850169469794,5,349.3,2,0.0
31,19,13,6,4,4.75,1.8571428571428572,1.3402061855670104,75.25489190534464,6,689.0,3,0.0
20,10,7,3,5,2.5,1.75,1.346153846153846,43.50666533377818,0,276.6,2,0.0
21,10,4,6,2,2.5,0.5714285714285714,0.7692307692307692,73.78833919629331,3,320.1,4,0.0
31,11,6,5,0,4.75,1.0,0.6185567010309279,81.41546205575573,7,653.5,4,1.0
38,18,13,5,6,6.75,2.1666666666666665,0.9489051094890512,71.42383470521723,7,90.3,1,0.0
22,14,7,7,5,3.25,0.875,1.044776119402985,63.4783300343621,6,308.90000000000003,4,0.0
37,10,4,6,3,3.75,0.5714285714285714,0.5194805194805194,72.21698646343482,2,449.6,3,0.0
27,13,4,9,2,4.5,0.4,0.4347826086956522,68.07006665684929,6,577.7,3,0.0
16,9,6,3,4,2.25,1.5,1.276595744680851,57.62149051453343,4,192.3,5,0.0
20,13,3,10,0,3.0,0.2727272727272727,0.48387096774193544,49.291183485676605,5,273.7,0,1.0
26,16,8,8,4,5.0,0.8888888888888888,0.7843137254901962,65.80016307689291,7,212.3,2,0.0
30,21,9,12,4,3.25,0.6923076923076923,1.3432835820895521,68.48018344067862,7,354.9,2,0.0
40,4,3,1,2,1.0,1.5,1.3636363636363635,59.594077372302706,0,67.3,0,0.0
29,12,6,6,2,4.75,0.8571428571428571,0.6185567010309279,73.10104679323622,6,268.1,1,0.0
25,16,7,9,5,4.5,0.7,0.7608695652173914,57.99590474033845,3,262.0,2,0.0
35,15,5,10,4,4.25,0.45454545454545453,0.574712643678161,74.06353167790326,6,278.7,2,0.0
19,4,1,3,0,2.0,0.25,0.23809523809523808,51.22941629295791,0,69.60000000000001,0,1.0
37,3,1,2,0,1.0,0.3333333333333333,0.45454545454545453,,1,30.099999999999998,0,1.0
26,16,6,10,1,4.5,0.5454545454545454,0.6521739130434783,66.23984778859977,4,208.1,2,0.0
44,24,18,6,5,2.75,2.5714285714285716,3.1578947368421053,77.87382918325915,5,313.3,2,0.0
30,3,2,1,0,1.25,1.0,0.7407407407407407,54.18971045336034,4,160.4,0,1.0
19,14,6,8,2,4.5,0.6666666666666666,0.6521739130434783,67.08655743372105,6,151.1,2,0.0
30,20,11,9,3,6.25,1.1,0.8661417322834646,67.13797751156139,8,790.0,1,0.0
40,5,2,3,0,3.5,0.5,0.2777777777777778,39.42192290306345,2,117.6,2,1.0
31,15,8,7,4,4.5,1.0,0.8695652173913044,54.35321318436735,3,351.8,2,0.0
43,23,12,11,5,4.25,1.0,1.3793103448275863,71.69755823858067,7,701.1,4,0.0
26,9,3,6,2,4.5,0.42857142857142855,0.32608695652173914,58.37643336648499,4,235.2,4,0.0
42,13,9,4,4,2.75,1.8,1.5789473684210527,79.09500298437662,3,334.2,1,0.0
34,16,9,7,4,3.0,1.125,1.4516129032258065,72.69872227380591,5,431.2,3,0.0
29,11,3,8,1,1.5,0.3333333333333333,0.9375,74.47314379778095,2,180.5,1,0.0
31,9,1,8,0,4.25,0.1111111111111111,0.1149425287356322,59.62791150288459,3,186.4,3,1.0
43,23,11,12,7,4.0,0.8461538461538461,1.3414634146341464,74.50248686278296,6,159.4,3,0.0
40,16,8,8,5,3.5,0.8888888888888888,1.1111111111111112,62.27156977999422,4,249.4,2,0.0
33,10,5,5,2,2.25,0.8333333333333334,1.0638297872340425,62.5968748419362,3,418.3,5,0.0
40,16,8,8,5,2.75,0.8888888888888888,1.4035087719298245,57.46596422963402,3,183.3,1,0.0
34,17,8,9,4,4.0,0.8,0.9756097560975611,69.24384396906026,4,307.5,0,0.0
19,7,2,5,1,2.0,0.3333333333333333,0.47619047619047616,61.644048689676026,4,99.7,1,0.0
38,7,3,4,2,2.25,0.6,0.6382978723404255,46.64533867432204,1,123.7,2,0.0
30,14,10,4,4,2.25,2.0,2.127659574468085,50.518156036346554,3,330.09999999999997,2,0.0
29,18,5,13,1,3.25,0.35714285714285715,0.7462686567164178,65.18720678180833,5,172.79999999999998,2,0.0
39,12,9,3,7,3.0,2.25,1.4516129032258065,71.88158340269251,6,188.8,2,0.0
26,11,5,6,4,3.0,0.7142857142857143,0.8064516129032258,64.08326804427968,4,213.9,5,0.0
21,18,10,8,5,3.75,1.1111111111111112,1.2987012987012987,70.19926715057613,5,325.2,2,0.0
33,17,5,12,2,6.5,0.38461538461538464,0.3787878787878788,81.35680569209795,7,796.9,1,0.0
17,19,9,10,5,4.75,0.8181818181818182,0.9278350515463918,79.87436837239866,7,274.20000000000005,2,0.0
19,12,7,5,2,2.5,1.1666666666666667,1.346153846153846,58.1088627663342,3,63.400000000000006,3,0.0
26,26,15,11,6,5.25,1.25,1.4018691588785048,74.44679089903146,7,330.0,3,0.0
22,10,4,6,2,4.0,0.5714285714285714,0.48780487804878053,61.74200337920457,4,296.2,3,0.0
19,27,11,16,5,7.0,0.6470588235294118,0.7746478873239437,70.76099119174502,7,578.5,1,0.0
24,18,9,9,3,2.5,0.9,1.7307692307692306,65.23530162189195,3,358.1,1,0.0
39,8,4,4,3,1.75,0.8,1.081081081081081,50.368624986842775,1,213.7,3,0.0
24,15,7,8,2,3.5,0.7777777777777778,0.9722222222222222,57.755769194240855,7,417.4,2,0.0
40,17,5,12,2,2.0,0.38461538461538464,1.1904761904761905,61.8152169946955,4,199.0,0,0.0
35,17,10,7,4,3.5,1.25,1.3888888888888888,73.12982970299446,4,323.09999999999997,1,0.0
37,17,9,8,4,4.5,1.0,0.9782608695652175,60.491166343636316,6,486.7,2,0.0
40,19,13,6,4,4.5,1.8571428571428572,1.4130434782608696,65.5735636576211,3,306.0,4,0.0
16,10,4,6,2,6.5,0.5714285714285714,0.30303030303030304,63.057302454685164,2,351.6,2,0.0
28,4,1,3,0,3.25,0.25,0.14925373134328357,56.93065252055156,4,217.4,0,1.0
43,19,10,9,5,3.5,1.0,1.3888888888888888,63.64082552862835,7,156.4,1,0.0
20,6,4,2,2,0.5,1.3333333333333333,3.3333333333333335,45.80439313297154,1,99.8,0,0.0
30,10,5,5,3,2.5,0.8333333333333334,0.9615384615384615,62.027502706160035,4,273.09999999999997,2,0.0
20,8,7,1,4,3.0,3.5,1.129032258064516,53.77072361329451,2,240.8,2,0.0
38,11,6,5,1,2.25,1.0,1.276595744680851,71.14881312926022,3,250.4,2,0.0
28,19,10,9,3,4.0,1.0,1.2195121951219514,63.266422016489514,3,238.70000000000002,2,0.0
42,13,7,6,1,6.5,1.0,0.5303030303030303,63.8827141971884,6,136.2,1,0.0
27,15,10,5,5,7.0,1.6666666666666667,0.7042253521126761,77.74809892181831,5,273.6,5,0.0
39,5,1,4,0,0.75,0.2,0.5882352941176471,22.304334700405008,2,70.6,0,1.0
29,6,5,1,2,3.0,2.5,0.8064516129032258,61.60441894572884,2,228.9,1,0.0
28,7,2,5,0,3.75,0.3333333333333333,0.2597402597402597,62.67278029610244,2,329.7,2,1.0
29,21,16,5,9,5.5,2.6666666666666665,1.4285714285714286,73.48265478864144,6,376.29999999999995,3,0.0
28,3,1,2,1,1.0,0.3333333333333333,0.45454545454545453,30.59364061070939,0,53.5,0,0.0
41,21,10,11,5,6.0,0.8333333333333334,0.819672131147541,75.99005985849384,5,272.7,5,0.0
16,5,4,1,0,3.5,2.0,0.5555555555555556,41.31229952214256,3,115.69999999999999,2,1.0
36,6,1,5,1,2.0,0.16666666666666666,0.23809523809523808,56.180402925343316,1,135.29999999999998,1,0.0
21,6,4,2,2,3.25,1.3333333333333333,0.5970149253731343,48.66531661217195,2,127.0,2,0.0
40,14,6,8,2,2.5,0.6666666666666666,1.1538461538461537,59.74212593884067,2,135.8,2,0.0
19,9,5,4,3,3.25,1.0,0.7462686567164178,64.9227815699658,2,192.3,1,0.0
20,12,6,6,4,3.75,0.8571428571428571,0.7792207792207793,50.0232749568972,2,99.8,1,0.0
18,25,13,12,8,5.75,1.0,1.1111111111111112,68.92931580662777,7,400.7,3,0.0
37,19,12,7,6,3.25,1.5,1.791044776119403,42.17356115834727,3,330.2,0,0.0
21,16,10,6,5,5.0,1.4285714285714286,0.9803921568627452,65.19668231646051,4,248.3,2,0.0
18,16,8,8,5,5.0,0.8888888888888888,0.7843137254901962,70.83852650750089,6,336.2,2,0.0
29,17,9,8,7,3.5,1.0,1.25,68.24910816857508,6,260.4,0,0.0
36,10,5,5,2,2.5,0.8333333333333334,0.9615384615384615,57.88546934813968,2,292.8,4,0.0
22,24,13,11,2,4.25,1.0833333333333333,1.4942528735632186,68.09646575307833,3,175.5,3,0.0
38,6,3,3,0,2.5,0.75,0.5769230769230769,56.531854352113434,1,98.6,0,1.0
44,17,12,5,6,5.75,2.0,1.0256410256410258,55.503697807119266,6,250.0,0,0.0
20,16,8,8,5,4.25,0.8888888888888888,0.9195402298850576,61.70634343021436,4,254.5,2,0.0
20,29,21,8,8,6.0,2.3333333333333335,1.7213114754098362,82.2988720330614,7,324.5,3,0.0
29,26,10,16,5,7.75,0.5882352941176471,0.6369426751592357,72.82943239386239,6,466.2,1,0.0
31,13,4,9,1,4.0,0.4,0.48780487804878053,52.26150091064835,5,188.5,0,0.0
19,4,2,2,2,2.25,0.6666666666666666,0.425531914893617,55.45938780527205,2,107.10000000000001,1,0.0
19,13,9,4,4,4.25,1.8,1.0344827586206897,75.19442344693289,5,204.10000000000002,4,0.0
17,17,9,8,3,5.5,1.0,0.8035714285714286,73.65106355868811,5,297.1,0,0.0
43,8,2,6,1,4.5,0.2857142857142857,0.2173913043478261,54.730018097910154,5,512.1,4,0.0
44,11,5,6,1,3.75,0.7142857142857143,0.6493506493506493,58.307568508539795,4,493.5,1,0.0
43,15,6,9,2,3.25,0.6,0.8955223880597015,60.39170261689807,5,314.2,1,0.0
34,6,2,4,1,2.5,0.4,0.3846153846153846,61.4211962220874,2,188.6,1,0.0
29,13,3,10,2,2.5,0.2727272727272727,0.5769230769230769,61.8799053198369,6,415.2,0,0.0
42,20,10,10,6,5.5,0.9090909090909091,0.8928571428571429,83.43726480891124,8,645.0,3,0.0
35,22,12,10,5,4.75,1.0909090909090908,1.2371134020618557,60.28473878162018,6,195.0,4,0.0
21,9,7,2,4,2.5,2.3333333333333335,1.346153846153846,48.24493791068937,6,141.7,4,0.0
19,19,9,10,5,4.5,0.8181818181818182,0.9782608695652175,63.249998938686396,2,293.1,2,0.0
33,15,7,8,3,4.25,0.7777777777777778,0.8045977011494253,58.29905848534158,5,253.7,2,0.0
16,8,3,5,0,3.75,0.5,0.38961038961038963,55.01775118146656,4,137.7,2,1.0
34,14,8,6,7,4.0,1.1428571428571428,0.9756097560975611,66.10879629454564,4,283.5,2,0.0
18,5,2,3,1,2.0,0.5,0.47619047619047616,46.78094290086249,0,171.6,2,0.0
33,23,9,14,5,4.25,0.6,1.0344827586206897,80.74863453781198,7,357.3,1,0.0
37,24,12,12,4,6.25,0.9230769230769231,0.9448818897637796,77.90676652533263,6,597.7,4,0.0
37,19,8,11,3,4.5,0.6666666666666666,0.8695652173913044,75.64690970880625,5,497.3,2,0.0
39,20,7,13,1,6.0,0.5,0.5737704918032788,70.92125454882043,6,294.5,3,0.0
24,15,6,9,5,3.5,0.6,0.8333333333333333,69.83078084466129,8,810.2,1,0.0
22,17,3,14,3,6.25,0.2,0.2362204724409449,80.44408942135651,7,386.90000000000003,3,0.0
44,7,5,2,3,1.75,1.6666666666666667,1.3513513513513513,54.57480789914988,1,171.6,0,0.0
21,14,8,6,3,3.0,1.1428571428571428,1.2903225806451613,60.55228328426801,1,363.8,1,0.0
26,14,7,7,3,2.25,0.875,1.4893617021276595,66.8723831059899,6,152.70000000000002,0,0.0
35,13,6,7,3,2.75,0.75,1.0526315789473684,66.58600340755832,2,157.4,2,0.0
39,27,11,16,7,4.5,0.6470588235294118,1.1956521739130437,85.00939371817358,8,473.0,7,0.0
44,13,7,6,3,4.25,1.0,0.8045977011494253,83.61686664769198,6,361.0,1,0.0
40,15,8,7,5,7.5,1.0,0.5263157894736842,77.45753597956248,8,213.1,5,0.0
16,28,18,10,11,5.25,1.6363636363636365,1.6822429906542058,60.97737951217923,2,278.9,2,0.0
44,6,2,4,1,1.75,0.4,0.5405405405405405,51.32818116889993,2,122.80000000000001,3,0.0
40,12,7,5,2,1.25,1.1666666666666667,2.5925925925925926,56.64642869062629,4,253.4,2,0.0
20,12,5,7,3,4.25,0.625,0.574712643678161,59.78271125290092,5,268.4,2,0.0
31,17,8,9,4,3.5,0.8,1.1111111111111112,80.55368018123423,5,632.2,1,0.0
31,16,5,11,4,4.5,0.4166666666666667,0.5434782608695653,69.2233713916824,3,362.3,3,0.0
37,21,11,10,6,5.5,1.0,0.9821428571428572,89.4155728613676,8,471.5,5,0.0
23,5,1,4,0,3.0,0.2,0.16129032258064516,44.813168523662135,0,43.2,1,1.0
27,26,14,12,5,5.25,1.0769230769230769,1.3084112149532712,77.00398463033602,7,590.1,6,0.0
28,15,6,9,4,3.25,0.6,0.8955223880597015,57.63804005801836,5,180.6,4,0.0
43,11,7,4,3,4.0,1.4,0.853658536585366,54.978052992725196,3,265.8,1,0.0
27,16,7,9,3,5.25,0.7,0.6542056074766356,75.92938841738736,5,380.7,1,0.0
16,4,3,1,0,1.0,1.5,1.3636363636363635,26.203311446392068,3,181.7,0,1.0
31,14,9,5,3,3.5,1.5,1.25,61.74037016234271,3,131.3,3,0.0
17,15,8,7,2,4.25,1.0,0.9195402298850576,70.48373845199463,3,686.1,2,0.0
37,15,10,5,7,3.25,1.6666666666666667,1.4925373134328357,44.19354919166208,2,163.5,0,0.0
39,13,5,8,2,5.0,0.5555555555555556,0.4901960784313726,61.60721259315587,6,572.1,6,0.0
37,16,6,10,3,5.0,0.5454545454545454,0.5882352941176471,60.29210720568801,3,365.40000000000003,1,0.0
30,18,9,9,3,4.25,0.9,1.0344827586206897,58.10001246021682,4,160.3,3,0.0
35,17,11,6,7,5.5,1.5714285714285714,0.9821428571428572,76.57971589949018,5,560.9,2,0.0
27,15,10,5,5,7.0,1.6666666666666667,0.7042253521126761,79.47892038457665,7,291.3,6,0.0
22,14,5,9,5,3.5,0.5,0.6944444444444444,62.690309389393306,4,393.7,3,0.0
32,16,7,9,4,3.75,0.7,0.9090909090909091,59.73898806701625,4,294.8,3,0.0
26,19,12,7,6,3.25,1.5,1.791044776119403,61.092237039816524,3,144.9,1,0.0
30,10,5,5,3,2.5,0.8333333333333334,0.9615384615384615,66.62276495754801,5,310.2,3,0.0
34,15,6,9,5,4.25,0.6,0.6896551724137931,72.42030144253413,8,478.6,1,0.0
32,16,7,9,5,3.75,0.7,0.9090909090909091,68.60498534435258,4,528.3,0,0.0
27,22,9,13,6,4.25,0.6428571428571429,1.0344827586206897,64.85282350720273,6,266.0,1,0.0
22,6,4,2,2,2.0,1.3333333333333333,0.9523809523809523,58.62507316032933,2,252.7,2,0.0
39,20,9,11,3,4.5,0.75,0.9782608695652175,72.83448154325974,7,301.6,3,0.0
32,24,8,16,3,7.0,0.47058823529411764,0.5633802816901409,89.00030170692784,5,417.0,7,0.0
17,25,9,16,2,6.25,0.5294117647058824,0.7086614173228347,81.60999166305987,8,665.5,2,0.0
26,16,8,8,3,5.0,0.8888888888888888,0.7843137254901962,66.08994083070958,4,157.4,1,0.0
44,26,12,14,7,6.25,0.8,0.9448818897637796,74.8872566968958,7,379.6,3,0.0
34,16,7,9,3,3.0,0.7,1.129032258064516,71.95019908850031,8,349.3,2,0.0
41,21,12,9,6,4.25,1.2,1.3793103448275863,66.46945163012143,5,248.70000000000002,3,0.0
17,15,7,8,3,3.5,0.7777777777777778,0.9722222222222222,58.79110654663678,4,257.09999999999997,2,0.0
21,4,3,1,2,1.0,1.5,1.3636363636363635,41.2378453728181,1,50.1,0,0.0
18,16,8,8,4,5.5,0.8888888888888888,0.7142857142857143,76.31092101583779,7,540.7,4,0.0
37,17,9,8,4,3.0,1.0,1.4516129032258065,59.94759701610338,3,391.0,3,0.0
31,22,8,14,3,3.0,0.5333333333333333,1.2903225806451613,51.6571957253773,6,248.0,0,0.0
29,17,10,7,7,7.75,1.25,0.6369426751592357,81.8305146289978,7,536.7,2,0.0
34,15,10,5,6,4.75,1.6666666666666667,1.0309278350515465,81.06956766993316,6,366.6,3,0.0
25,28,10,18,7,4.25,0.5263157894736842,1.149425287356322,80.10173363812599,8,295.4,7,0.0
42,11,4,7,0,2.5,0.5,0.7692307692307692,80.38452721179418,4,200.0,1,1.0
21,22,11,11,4,4.75,0.9166666666666666,1.1340206185567012,77.40439897550496,5,454.70000000000005,4,0.0
35,11,3,8,2,3.5,0.3333333333333333,0.41666666666666663,67.79666812417777,4,415.0,2,0.0
19,16,9,7,4,1.5,1.125,2.8125,64.3329161082385,6,269.2,1,0.0
26,16,9,7,5,5.0,1.125,0.8823529411764707,52.66981389948589,4,274.3,1,0.0
35,2,1,1,1,3.75,0.5,0.12987012987012986,53.905855189276906,4,83.8,1,0.0
24,20,13,7,6,5.5,1.625,1.1607142857142858,69.36499684108122,5,475.7,3,0.0
22,17,3,14,0,4.0,0.2,0.3658536585365854,73.24704467615344,2,189.6,2,1.0
27,9,4,5,2,0.75,0.6666666666666666,2.3529411764705883,44.5817015065884,5,190.9,3,0.0
19,5,1,4,1,2.5,0.2,0.1923076923076923,61.78032827306693,2,184.4,0,0.0
19,3,2,1,0,1.5,1.0,0.625,33.55733022379829,0,49.1,1,1.0
25,7,3,4,1,6.25,0.6,0.2362204724409449,71.51733937782927,3,278.9,2,0.0
44,23,14,9,9,5.0,1.4,1.3725490196078431,72.25227601448674,5,319.7,2,0.0
18,18,7,11,2,3.25,0.5833333333333334,1.044776119402985,61.32628552452422,4,236.5,2,0.0
24,12,6,6,2,2.25,0.8571428571428571,1.276595744680851,55.356967462428905,3,218.1,1,0.0
42,26,14,12,7,5.0,1.0769230769230769,1.3725490196078431,72.82585959554186,3,253.4,4,0.0
20,24,14,10,6,3.75,1.2727272727272727,1.8181818181818181,76.31729356900254,6,461.4,3,0.0
43,7,4,3,1,1.75,1.0,1.081081081081081,48.32562721623758,4,159.9,4,0.0
17,10,3,7,0,2.0,0.375,0.7142857142857143,64.10276547886149,3,235.1,0,1.0
22,21,10,11,5,6.0,0.8333333333333334,0.819672131147541,88.26222112056081,7,551.3,1,0.0
30,14,8,6,5,3.0,1.1428571428571428,1.2903225806451613,57.60648136993549,4,261.4,4,0.0
41,4,3,1,2,0.0,1.5,15.0,44.10199325414739,1,109.1,1,0.0
38,12,5,7,3,3.5,0.625,0.6944444444444444,57.646220663841206,1,322.3,3,0.0
32,8,4,4,2,3.75,0.8,0.5194805194805194,69.23585364803682,4,341.6,1,0.0
27,6,1,5,0,2.75,0.16666666666666666,0.17543859649122806,82.5524036379473,3,128.0,0,1.0
43,19,9,10,4,2.0,0.8181818181818182,2.142857142857143,66.6554847325828,3,332.3,1,0.0
18,16,10,6,7,4.0,1.4285714285714286,1.2195121951219514,65.43794631082784,5,269.7,1,0.0
16,12,5,7,2,1.75,0.625,1.3513513513513513,41.14570381258975,2,192.29999999999998,3,0.0
29,14,7,7,3,4.5,0.875,0.7608695652173914,64.28278887772491,5,234.6,1,0.0
36,14,8,6,2,5.0,1.1428571428571428,0.7843137254901962,72.93453730242945,6,255.9,2,0.0
35,17,9,8,3,4.75,1.0,0.9278350515463918,72.64324902541132,8,389.8,3,0.0
20,17,8,9,3,3.5,0.8,1.1111111111111112,66.9467747599187,4,244.0,3,0.0
26,15,10,5,5,4.5,1.6666666666666667,1.0869565217391306,78.89945333200814,8,383.6,2,0.0
34,8,4,4,2,0.75,0.8,2.3529411764705883,50.06218887135356,5,300.0,2,0.0
40,21,9,12,5,4.5,0.6923076923076923,0.9782608695652175,68.11043810218365,5,326.9,1,0.0
22,9,7,2,4,1.75,2.3333333333333335,1.8918918918918919,68.66680519828547,3,216.4,2,0.0
25,15,5,10,1,4.5,0.45454545454545453,0.5434782608695653,55.290646634765004,7,307.40000000000003,3,0.0
35,16,8,8,5,6.75,0.8888888888888888,0.5839416058394161,74.3863141083003,6,675.3,2,0.0
21,14,10,4,5,4.75,2.0,1.0309278350515465,72.13415777942947,5,416.4,3,0.0
30,9,4,5,2,2.75,0.6666666666666666,0.7017543859649122,60.087290346940875,0,112.9,1,0.0
41,27,7,20,4,3.25,0.3333333333333333,1.044776119402985,74.77102220303894,6,409.2,1,0.0
34,21,12,9,9,4.5,1.2,1.3043478260869565,68.07654635477232,4,307.4,1,0.0
37,32,20,12,12,7.5,1.5384615384615385,1.3157894736842106,82.06505533114856,8,509.1,1,0.0
28,16,5,11,3,5.75,0.4166666666666667,0.4273504273504274,63.23091397329507,6,469.4,2,0.0
20,20,9,11,4,2.75,0.75,1.5789473684210527,69.79441434952187,6,234.2,1,0.0
36,21,8,13,2,6.0,0.5714285714285714,0.6557377049180328,84.2593835610308,8,329.9,4,0.0
24,6,3,3,3,2.25,0.75,0.6382978723404255,47.72651519632159,2,89.8,0,0.0
33,14,6,8,3,3.25,0.6666666666666666,0.8955223880597015,61.24569216216735,5,264.7,1,0.0
34,27,13,14,5,4.25,0.8666666666666667,1.4942528735632186,75.9088983595372,8,320.8,1,0.0
35,21,6,15,3,4.75,0.375,0.6185567010309279,61.4849070492271,8,341.7,2,0.0
22,19,7,12,4,4.5,0.5384615384615384,0.7608695652173914,64.6341083397034,4,238.2,4,0.0
22,5,2,3,1,2.0,0.5,0.47619047619047616,64.83561611833315,2,140.7,1,0.0
43,20,10,10,6,3.5,0.9090909090909091,1.3888888888888888,65.05816475929828,8,390.3,1,0.0
31,21,6,15,2,4.25,0.375,0.6896551724137931,74.74326628733769,3,581.4,4,0.0
39,12,7,5,1,2.25,1.1666666666666667,1.4893617021276595,59.065714893432634,4,321.0,1,0.0
44,12,2,10,0,3.0,0.18181818181818182,0.3225806451612903,53.18391512844522,2,228.5,3,1.0
16,15,6,9,5,4.0,0.6,0.7317073170731708,69.80259248906513,8,428.8,4,0.0
24,6,2,4,2,2.75,0.4,0.3508771929824561,56.36701217408188,3,265.4,0,0.0
25,18,6,12,2,6.25,0.46153846153846156,0.4724409448818898,74.52945122846431,4,337.4,4,0.0
32,25,14,11,6,5.0,1.1666666666666667,1.3725490196078431,67.41166299831073,8,290.4,0,0.0
24,17,9,8,4,5.75,1.0,0.7692307692307693,77.67465127240845,7,332.5,1,0.0
25,26,14,12,7,3.75,1.0769230769230769,1.8181818181818181,67.68803681852845,8,366.7,2,0.0
16,9,4,5,0,2.5,0.6666666666666666,0.7692307692307692,52.138177510532785,2,127.60000000000001,0,1.0
16,12,6,6,3,1.5,0.8571428571428571,1.875,65.23905323211463,2,263.2,0,0.0
44,31,20,11,9,6.75,1.6666666666666667,1.4598540145985401,79.86171712735842,8,429.3,1,0.0
21,15,7,8,2,3.75,0.7777777777777778,0.9090909090909091,63.46226721901025,3,506.59999999999997,2,0.0
44,22,10,12,6,4.5,0.7692307692307693,1.0869565217391306,81.44479589030468,7,715.0,3,0.0
43,8,3,5,0,2.75,0.5,0.5263157894736842,66.2345678616866,3,100.9,0,1.0
32,14,7,7,7,3.25,0.875,1.044776119402985,52.91950814146284,5,176.8,2,0.0
41,8,4,4,2,3.5,0.8,0.5555555555555556,65.08999014367276,4,265.1,2,0.0
44,23,10,13,7,4.75,0.7142857142857143,1.0309278350515465,72.42275862108978,5,359.20000000000005,1,0.0
32,10,6,4,2,2.0,1.2,1.4285714285714286,63.27319884829607,3,215.9,1,0.0
25,18,12,6,8,4.5,1.7142857142857142,1.3043478260869565,75.22598224138108,3,261.8,1,0.0
21,4,1,3,0,1.5,0.25,0.3125,50.123155951140554,3,156.6,2,1.0
16,8,3,5,0,5.5,0.5,0.26785714285714285,71.60770044360491,3,159.6,3,1.0
23,8,3,5,1,2.75,0.5,0.5263157894736842,62.59934726917277,3,211.6,2,0.0
28,11,4,7,0,3.0,0.5,0.6451612903225806,59.94737643713597,4,415.2,2,1.0
22,22,15,7,7,4.5,1.875,1.6304347826086958,71.68882828234233,6,324.2,2,0.0
39,17,9,8,4,2.0,1.0,2.142857142857143,54.98861512810649,4,353.8,0,0.0
30,14,7,7,3,5.0,0.875,0.6862745098039216,69.9428437147826,6,508.3,2,0.0
29,20,9,11,5,1.75,0.75,2.4324324324324325,67.0232150204095,1,251.39999999999998,3,0.0
35,23,10,13,4,5.0,0.7142857142857143,0.9803921568627452,58.23340842508732,6,326.20000000000005,4,0.0
35,8,3,5,0,3.0,0.5,0.48387096774193544,59.65478614142751,6,188.1,7,1.0
18,14,7,7,2,3.75,0.875,0.9090909090909091,64.36786498974436,5,409.2,2,0.0
21,21,14,7,10,4.0,1.75,1.707317073170732,68.29069285360072,5,602.9,0,0.0
33,3,1,2,1,1.25,0.3333333333333333,0.37037037037037035,57.7939171200197,1,110.7,0,0.0
35,32,15,17,9,8.5,0.8333333333333334,0.872093023255814,73.33817547480774,6,641.6,4,0.0
21,16,4,12,0,2.0,0.3076923076923077,0.9523809523809523,68.79415542295646,0,181.4,1,1.0
16,17,9,8,1,3.0,1.0,1.4516129032258065,49.42560085430452,4,219.39999999999998,2,0.0
43,22,9,13,4,4.25,0.6428571428571429,1.0344827586206897,72.60811178105538,5,220.5,1,0.0
41,17,7,10,2,4.5,0.6363636363636364,0.7608695652173914,69.17967588604952,7,319.1,2,0.0
21,9,2,7,0,4.25,0.25,0.2298850574712644,69.47078314826365,2,118.2,0,1.0
20,20,7,13,4,2.5,0.5,1.346153846153846,65.60462278958285,1,384.9,2,0.0
32,18,10,8,5,3.5,1.1111111111111112,1.3888888888888888,68.87564584813508,4,218.6,1,0.0
37,16,7,9,4,5.25,0.7,0.6542056074766356,69.55558342045214,8,589.5,2,0.0
32,26,15,11,11,7.25,1.25,1.0204081632653061,83.21565709023297,8,668.7,3,0.0
30,20,6,14,2,3.5,0.4,0.8333333333333333,62.62863774711487,3,328.0,2,0.0
16,3,1,2,1,1.5,0.3333333333333333,0.3125,49.11163558398905,2,137.3,0,0.0
33,13,7,6,2,2.0,1.0,1.6666666666666665,70.047651453875,5,262.2,1,0.0
30,8,2,6,1,2.25,0.2857142857142857,0.425531914893617,63.09274435766786,2,113.7,2,0.0
24,6,3,3,3,3.0,0.75,0.48387096774193544,65.41621635266415,2,212.2,1,0.0
38,19,9,10,3,3.75,0.8181818181818182,1.1688311688311688,81.43784985725856,4,379.40000000000003,7,0.0
43,2,1,1,0,1.25,0.5,0.37037037037037035,46.727001145429746,0,83.7,1,1.0
25,37,18,19,7,5.0,0.9,1.7647058823529413,69.60500644764024,5,193.6,2,0.0
38,22,7,15,3,3.75,0.4375,0.9090909090909091,71.31324267118052,4,357.3,1,0.0
17,19,9,10,6,3.0,0.8181818181818182,1.4516129032258065,65.54488114572922,5,444.8,3,0.0
18,24,10,14,3,7.0,0.6666666666666666,0.7042253521126761,78.91479149473018,8,387.2,6,0.0
16,11,7,4,2,3.25,1.4,1.044776119402985,58.333618367692914,1,246.1,1,0.0
38,23,10,13,4,5.0,0.7142857142857143,0.9803921568627452,69.41861627332669,7,746.2,4,0.0
44,18,8,10,4,3.5,0.7272727272727273,1.1111111111111112,63.533852628139314,4,464.0,4,0.0
19,18,7,11,1,3.5,0.5833333333333334,0.9722222222222222,67.74456513075852,5,563.5,1,0.0
33,17,7,10,2,5.0,0.6363636363636364,0.6862745098039216,72.49875356563562,6,332.8,1,0.0
19,5,3,2,1,2.5,1.0,0.5769230769230769,58.840577240765725,2,204.4,2,0.0
42,6,1,5,0,4.0,0.16666666666666666,0.12195121951219513,64.6569181668694,3,438.09999999999997,1,1.0
23,31,18,13,9,6.0,1.2857142857142858,1.4754098360655739,83.33844144760471,6,367.0,4,0.0
44,9,2,7,0,3.75,0.25,0.2597402597402597,58.88455955499203,3,362.5,2,1.0
17,19,11,8,4,6.0,1.2222222222222223,0.9016393442622951,73.86856480434646,7,655.0,4,0.0
30,3,2,1,1,1.0,1.0,0.9090909090909091,39.51868927267721,2,146.0,0,0.0
23,23,13,10,5,4.75,1.1818181818181819,1.3402061855670104,79.35911274410823,8,265.2,4,0.0
41,17,7,10,6,3.75,0.6363636363636364,0.9090909090909091,42.53466145653609,7,298.0,1,0.0
28,11,7,4,4,2.25,1.4,1.4893617021276595,66.72519611688553,0,91.9,1,0.0
24,10,5,5,3,1.75,0.8333333333333334,1.3513513513513513,61.84273574286364,2,240.5,1,0.0
20,25,8,17,4,5.5,0.4444444444444444,0.7142857142857143,67.36358111130801,3,410.70000000000005,0,0.0
30,13,7,6,4,4.25,1.0,0.8045977011494253,73.45859547353328,4,364.2,5,0.0
29,16,10,6,6,3.0,1.4285714285714286,1.6129032258064515,64.89343483168574,5,543.3,2,0.0
27,11,4,7,0,4.75,0.5,0.4123711340206186,67.44525087502973,7,241.5,2,1.0
19,9,1,8,1,1.0,0.1111111111111111,0.45454545454545453,38.64162762881321,1,110.39999999999999,1,0.0
42,19,12,7,4,6.0,1.5,0.9836065573770493,68.93935547845406,6,307.2,4,0.0
41,7,5,2,2,4.75,1.6666666666666667,0.5154639175257733,76.18951730190214,4,247.6,1,0.0
16,23,16,7,10,5.5,2.0,1.4285714285714286,79.53975923096445,6,370.5,5,0.0
22,24,11,13,4,4.25,0.7857142857142857,1.264367816091954,61.11995042258843,5,362.3,0,0.0
40,25,11,14,7,6.5,0.7333333333333333,0.8333333333333334,75.18992947229673,6,467.4,4,0.0
19,21,13,8,5,3.25,1.4444444444444444,1.9402985074626866,65.60568346493348,4,227.2,4,0.0
24,4,1,3,0,0.75,0.25,0.5882352941176471,48.81805459321242,1,102.3,0,1.0
17,15,9,6,6,4.75,1.2857142857142858,0.9278350515463918,77.59959293201462,7,606.9,0,0.0
20,27,16,11,11,5.75,1.3333333333333333,1.3675213675213675,68.14917812129069,4,381.09999999999997,3,0.0
42,14,7,7,1,3.25,0.875,1.044776119402985,66.31144711755591,3,337.3,3,0.0
40,8,3,5,3,1.5,0.5,0.9375,56.19398533518,2,245.9,0,0.0
34,18,12,6,10,6.25,1.7142857142857142,0.9448818897637796,70.49182262841225,4,210.3,6,0.0
24,10,4,6,2,4.5,0.5714285714285714,0.4347826086956522,61.833498503203565,3,251.10000000000002,4,0.0
38,10,2,8,0,2.5,0.2222222222222222,0.3846153846153846,63.67783233369395,1,115.80000000000001,3,1.0
22,13,6,7,1,5.0,0.75,0.5882352941176471,82.17215181976597,7,198.79999999999998,5,0.0
33,2,1,1,1,0.5,0.5,0.8333333333333334,51.22888551271848,0,49.9,0,0.0
36,12,5,7,2,4.25,0.625,0.574712643678161,59.80170710086429,3,314.2,1,0.0
41,20,6,14,0,5.75,0.4,0.5128205128205129,86.80189982134303,5,186.1,2,1.0
37,6,3,3,1,0.5,0.75,2.5,50.67996934205243,1,190.89999999999998,0,0.0
37,20,9,11,6,3.75,0.75,1.1688311688311688,62.907626936784624,4,499.3,3,0.0
39,17,2,15,0,4.75,0.125,0.2061855670103093,49.06282244821493,3,326.8,0,1.0
25,20,7,13,1,3.75,0.5,0.9090909090909091,64.00428204767316,3,347.7,3,0.0
22,30,16,14,7,5.0,1.0666666666666667,1.5686274509803924,81.06834759915375,7,471.09999999999997,6,0.0
24,22,13,9,9,4.5,1.3,1.4130434782608696,81.58893842047537,6,385.70000000000005,4,0.0
28,12,2,10,2,4.0,0.18181818181818182,0.24390243902439027,52.14495723176798,3,301.0,0,0.0
27,11,6,5,2,4.25,1.0,0.6896551724137931,65.18807812747177,6,381.90000000000003,5,0.0
18,19,13,6,7,5.0,1.8571428571428572,1.2745098039215688,64.09269273933664,6,437.90000000000003,3,0.0
17,13,7,6,4,1.0,1.0,3.1818181818181817,60.275317107172455,1,252.3,0,0.0
24,21,6,15,3,4.75,0.375,0.6185567010309279,63.507103680438966,4,160.3,3,0.0
26,13,6,7,4,4.25,0.75,0.6896551724137931,65.12023262892139,4,286.8,2,0.0
40,23,16,7,7,5.0,2.0,1.5686274509803924,79.06661548092558,5,345.8,4,0.0
42,19,8,11,3,5.25,0.6666666666666666,0.7476635514018692,67.31388123723652,4,302.1,2,0.0
27,5,3,2,1,0.75,1.0,1.7647058823529411,38.89372212249913,0,101.5,0,0.0
16,22,8,14,6,2.5,0.5333333333333333,1.5384615384615383,72.85008859955799,4,355.0,1,0.0
35,10,6,4,4,3.5,1.2,0.8333333333333333,67.79527942585949,3,333.8,2,0.0
32,10,6,4,3,3.75,1.2,0.7792207792207793,67.9731528860623,3,226.5,2,0.0
16,21,11,10,9,5.25,1.0,1.0280373831775702,76.3496173595174,2,142.7,5,0.0
30,19,6,13,3,3.75,0.42857142857142855,0.7792207792207793,79.54957526463802,4,254.8,2,0.0
43,23,7,16,0,5.25,0.4117647058823529,0.6542056074766356,59.287677597216636,8,522.6,4,1.0
21,18,7,11,5,4.5,0.5833333333333334,0.7608695652173914,65.25096641354732,7,253.7,2,0.0
44,10,1,9,1,3.5,0.1,0.1388888888888889,63.93552853630232,2,144.2,2,0.0
37,12,4,8,3,4.25,0.4444444444444444,0.4597701149425288,63.87884792606992,3,293.8,3,0.0
28,18,10,8,4,7.0,1.1111111111111112,0.7042253521126761,83.4047589951655,7,288.3,2,0.0
41,15,8,7,2,3.0,1.0,1.2903225806451613,66.51937656097589,5,300.3,1,0.0
23,28,10,18,4,8.75,0.5263157894736842,0.5649717514124294,80.75958188702992,8,276.5,3,0.0
26,15,7,8,5,4.5,0.7777777777777778,0.7608695652173914,64.31069783449009,6,410.4,3,0.0
29,4,2,2,0,3.0,0.6666666666666666,0.3225806451612903,60.39083771374638,0,116.39999999999999,0,1.0
34,8,2,6,2,4.75,0.2857142857142857,0.2061855670103093,51.296003779770096,3,294.8,3,0.0
22,11,8,3,5,4.75,2.0,0.8247422680412372,46.370110761497926,4,190.1,1,0.0
36,8,5,3,1,3.75,1.25,0.6493506493506493,59.46676468818167,3,447.8,1,0.0
35,13,8,5,2,3.0,1.3333333333333333,1.2903225806451613,61.888930187974175,6,518.3,0,0.0
23,13,8,5,3,2.75,1.3333333333333333,1.4035087719298245,52.09465464162179,5,196.8,3,0.0
28,15,8,7,2,3.25,1.0,1.1940298507462686,68.94634219996419,3,272.7,2,0.0
40,12,6,6,4,4.0,0.8571428571428571,0.7317073170731708,64.35418188481012,4,398.3,5,0.0
44,15,9,6,5,5.25,1.2857142857142858,0.8411214953271029,58.57454818134103,6,348.3,5,0.0
30,10,4,6,0,2.0,0.5714285714285714,0.9523809523809523,62.193104629892495,3,159.1,0,1.0
44,14,7,7,5,2.75,0.875,1.2280701754385965,55.26845196792481,5,259.3,3,0.0
37,17,8,9,2,3.5,0.8,1.1111111111111112,55.28329136771068,6,369.8,2,0.0
39,6,3,3,0,1.5,0.75,0.9375,49.52418663845322,3,181.9,0,1.0
21,6,4,2,1,1.25,1.3333333333333333,1.4814814814814814,58.44703003266398,0,43.9,0,0.0
41,12,9,3,6,3.25,2.25,1.3432835820895521,54.05221404720231,4,258.6,2,0.0
38,6,4,2,3,3.0,1.3333333333333333,0.6451612903225806,45.39136545114342,0,130.1,0,0.0
39,9,5,4,3,1.75,1.0,1.3513513513513513,52.00983756879723,2,148.9,3,0.0
17,14,11,3,5,3.5,2.75,1.5277777777777777,69.68716792242832,3,267.6,4,0.0
34,16,7,9,4,3.5,0.7,0.9722222222222222,63.70495905176666,3,170.8,0,0.0
20,19,10,9,5,5.25,1.0,0.9345794392523366,72.78604589749816,7,465.3,2,0.0
18,12,6,6,3,3.5,0.8571428571428571,0.8333333333333333,67.98459073213847,5,326.90000000000003,1,0.0
42,5,2,3,1,3.0,0.5,0.3225806451612903,59.895333468800814,3,185.5,2,0.0
22,16,4,12,1,4.0,0.3076923076923077,0.48780487804878053,62.77298160802275,6,191.8,4,0.0
16,7,1,6,0,3.0,0.14285714285714285,0.16129032258064516,60.85557742292,5,131.7,4,1.0
22,5,4,1,2,2.75,2.0,0.7017543859649122,56.9556949527734,2,244.1,2,0.0
21,17,13,4,3,2.75,2.6,2.280701754385965,62.54771163214949,7,343.09999999999997,3,0.0
29,5,2,3,0,3.0,0.5,0.3225806451612903,86.10165672163438,2,263.90000000000003,1,1.0
19,14,6,8,1,4.5,0.6666666666666666,0.6521739130434783,70.55178981073381,3,359.1,4,0.0
19,12,5,7,2,2.25,0.625,1.0638297872340425,53.96922424992747,5,244.6,1,0.0
35,8,5,3,3,3.5,1.25,0.6944444444444444,65.48201319989964,3,461.5,4,0.0
29,24,13,11,5,2.25,1.0833333333333333,2.7659574468085104,62.73885473892377,2,550.8,1,0.0
18,19,11,8,6,4.25,1.2222222222222223,1.264367816091954,61.352688333116994,4,150.6,2,0.0
33,16,5,11,3,4.5,0.4166666666666667,0.5434782608695653,81.50523380781445,5,444.6,3,0.0
25,10,4,6,2,4.25,0.5714285714285714,0.4597701149425288,70.44485757936127,4,346.2,2,0.0
19,19,11,8,6,4.75,1.2222222222222223,1.1340206185567012,77.97545139896596,6,265.2,0,0.0
27,10,4,6,3,1.75,0.5714285714285714,1.081081081081081,58.9124369191899,3,136.9,0,0.0
21,15,9,6,6,5.75,1.2857142857142858,0.7692307692307693,65.1046154406257,4,315.0,4,0.0
42,18,9,9,4,5.0,0.9,0.8823529411764707,71.0665216075737,5,355.8,3,0.0
39,21,7,14,1,4.0,0.4666666666666667,0.853658536585366,65.0583162778386,4,615.0,5,0.0
22,22,15,7,8,6.0,1.875,1.2295081967213115,71.83113527978273,4,538.4,2,0.0
37,12,9,3,4,5.5,2.25,0.8035714285714286,65.12060993618125,7,266.2,5,0.0
23,9,8,1,1,1.0,4.0,3.6363636363636362,46.710665458966325,5,100.4,1,0.0
34,9,5,4,4,3.75,1.0,0.6493506493506493,60.20941204510137,4,272.5,1,0.0
22,19,11,8,5,4.0,1.2222222222222223,1.3414634146341464,62.081580880065836,6,155.1,4,0.0
42,18,11,7,5,5.0,1.375,1.0784313725490198,66.51429558664967,6,406.20000000000005,3,0.0
24,14,4,10,2,2.75,0.36363636363636365,0.7017543859649122,56.59431964134225,2,214.89999999999998,2,0.0
41,19,10,9,3,4.75,1.0,1.0309278350515465,59.830149741557825,3,309.6,1,0.0
43,8,4,4,3,4.5,0.8,0.4347826086956522,65.37211912593976,5,292.3,3,0.0
27,23,9,14,3,6.25,0.6,0.7086614173228347,74.56739008551055,5,660.3,4,0.0
42,23,11,12,5,7.25,0.8461538461538461,0.7482993197278912,78.09227590437996,7,560.8,3,0.0
31,14,8,6,6,5.25,1.1428571428571428,0.7476635514018692,68.99509286189893,4,528.3,3,0.0
33,14,7,7,3,5.75,0.875,0.5982905982905983,81.79392213436387,7,430.40000000000003,5,0.0
39,10,6,4,4,1.5,1.2,1.875,48.81080452376875,2,113.6,3,0.0
38,17,7,10,4,4.75,0.6363636363636364,0.7216494845360826,63.54482114169406,6,279.4,2,0.0
20,12,7,5,3,3.0,1.1666666666666667,1.129032258064516,63.11051761003549,6,366.2,4,0.0
28,6,3,3,1,3.0,0.75,0.48387096774193544,66.75125036996873,2,135.2,0,0.0
30,23,14,9,5,7.25,1.4,0.9523809523809524,78.21631789819548,6,259.6,2,0.0
22,16,7,9,3,2.25,0.7,1.4893617021276595,52.73764833205902,5,550.0,2,0.0
21,24,9,15,6,3.25,0.5625,1.3432835820895521,62.047516709375934,3,208.70000000000002,2,0.0
29,16,7,9,4,2.75,0.7,1.2280701754385965,60.40679642488617,5,332.1,1,0.0
30,9,6,3,2,3.25,1.5,0.8955223880597015,56.154063750177265,2,172.5,2,0.0
35,19,15,4,8,5.25,3.0,1.4018691588785048,74.2894322371202,7,299.5,2,0.0
33,27,9,18,6,4.5,0.47368421052631576,0.9782608695652175,64.7238305855018,2,339.3,1,0.0
40,15,6,9,2,3.0,0.6,0.9677419354838709,65.02759040456174,4,314.3,2,0.0
30,15,6,9,3,3.5,0.6,0.8333333333333333,55.60160152190651,3,209.0,3,0.0
25,17,12,5,3,4.25,2.0,1.3793103448275863,56.7658608501808,3,245.60000000000002,3,0.0
41,7,1,6,1,4.5,0.14285714285714285,0.10869565217391305,58.38849890915911,3,184.4,2,0.0
24,19,6,13,3,5.25,0.42857142857142855,0.5607476635514019,62.493126909197514,6,485.9,4,0.0
22,16,10,6,7,3.0,1.4285714285714286,1.6129032258064515,70.79274368821841,4,378.90000000000003,3,0.0
23,29,12,17,5,4.0,0.6666666666666666,1.4634146341463417,58.47835260688424,2,397.3,1,0.0
16,26,13,13,8,5.75,0.9285714285714286,1.1111111111111112,79.56328458974266,7,463.8,3,0.0
40,25,14,11,7,5.5,1.1666666666666667,1.25,79.04029795247982,3,726.4000000000001,3,0.0
27,22,11,11,6,3.25,0.9166666666666666,1.6417910447761193,67.18171874171031,4,287.7,2,0.0
24,10,8,2,4,3.75,2.6666666666666665,1.0389610389610389,72.55728277083328,2,611.7,2,0.0
17,7,1,6,0,1.25,0.14285714285714285,0.37037037037037035,53.181213495174404,2,136.20000000000002,0,1.0
41,4,3,1,1,3.0,1.5,0.48387096774193544,63.057926648594155,2,192.4,2,0.0
28,9,2,7,1,6.75,0.25,0.14598540145985403,73.20712726532129,5,378.6,3,0.0
19,13,5,8,4,2.25,0.5555555555555556,1.0638297872340425,55.49027617429573,3,249.9,2,0.0
32,15,5,10,4,2.75,0.45454545454545453,0.8771929824561403,65.0119311430753,3,295.4,0,0.0
34,21,10,11,6,3.75,0.8333333333333334,1.2987012987012987,65.88463264560889,4,292.6,2,0.0
20,5,3,2,1,2.0,1.0,0.7142857142857143,47.77535964082762,0,59.5,0,0.0
23,28,17,11,10,4.0,1.4166666666666667,2.073170731707317,69.4006685252896,8,346.1,3,0.0
25,21,6,15,1,4.25,0.375,0.6896551724137931,61.477507218166195,5,276.5,3,0.0
21,3,2,1,0,3.0,1.0,0.3225806451612903,50.47007695581286,3,87.0,0,1.0
39,7,2,5,1,4.0,0.3333333333333333,0.24390243902439027,72.52759689189138,6,536.4,2,0.0
32,7,1,6,0,2.75,0.14285714285714285,0.17543859649122806,43.49641399759185,1,36.5,0,1.0
29,18,10,8,4,4.5,1.1111111111111112,1.0869565217391306,71.2686223626819,6,252.0,1,0.0
39,10,6,4,5,2.0,1.2,1.4285714285714286,55.41661123701984,3,138.8,4,0.0
32,27,15,12,7,5.5,1.1538461538461537,1.3392857142857144,69.73706486878632,7,261.0,4,0.0
29,16,6,10,2,5.75,0.5454545454545454,0.5128205128205129,64.50399197025493,5,476.0,1,0.0
24,18,10,8,5,4.25,1.1111111111111112,1.149425287356322,75.47145037125826,5,372.09999999999997,4,0.0
17,10,2,8,2,3.0,0.2222222222222222,0.3225806451612903,70.91206091672254,1,189.0,1,0.0
30,18,6,12,4,3.5,0.46153846153846156,0.8333333333333333,70.18049515102517,6,160.20000000000002,5,0.0
28,9,2,7,0,2.75,0.25,0.3508771929824561,50.58348465233362,3,197.39999999999998,1,1.0
32,13,5,8,2,3.25,0.5555555555555556,0.7462686567164178,57.06743094454011,4,233.6,1,0.0
36,16,11,5,7,5.0,1.8333333333333333,1.0784313725490198,60.649746571983755,4,263.6,2,0.0
24,12,8,4,2,3.5,1.6,1.1111111111111112,56.06076587982175,3,187.9,4,0.0
35,10,5,5,1,5.25,0.8333333333333334,0.4672897196261683,72.85825493627378,5,363.7,2,0.0
18,7,1,6,1,3.25,0.14285714285714285,0.14925373134328357,63.53410403719789,3,183.1,1,0.0
40,20,9,11,2,7.25,0.75,0.6122448979591837,82.82665597910929,6,668.0,4,0.0
22,32,12,20,6,5.0,0.5714285714285714,1.1764705882352942,71.79547407710687,7,241.8,3,0.0
37,26,9,17,3,4.5,0.5,0.9782608695652175,68.19362850960641,7,363.0,2,0.0
31,13,7,6,6,4.0,1.0,0.853658536585366,61.11039644159862,4,209.79999999999998,1,0.0
20,10,6,4,5,2.75,1.2,1.0526315789473684,67.66875340066719,1,315.5,2,0.0
40,12,3,9,0,1.75,0.3,0.8108108108108107,60.328680464054784,5,157.0,3,1.0
35,18,13,5,6,4.5,2.1666666666666665,1.4130434782608696,63.08513571491866,7,305.4,3,0.0
34,24,14,10,7,4.5,1.2727272727272727,1.5217391304347827,63.58590335211684,6,227.3,3,0.0
37,12,5,7,1,2.0,0.625,1.1904761904761905,58.236182399982795,4,174.9,1,0.0
43,18,9,9,5,3.0,0.9,1.4516129032258065,71.75517434054942,5,515.1,4,0.0
19,14,6,8,1,3.25,0.6666666666666666,0.8955223880597015,64.97060662441294,4,471.90000000000003,1,0.0
23,14,6,8,2,2.25,0.6666666666666666,1.276595744680851,64.13286870486331,2,118.7,1,0.0
28,30,13,17,9,5.75,0.7222222222222222,1.1111111111111112,85.3197902742786,8,340.1,3,0.0
24,5,2,3,0,1.0,0.5,0.9090909090909091,47.27072273550855,0,105.89999999999999,3,1.0
33,14,5,9,2,3.5,0.5,0.6944444444444444,72.8033865868253,2,390.4,3,0.0
26,18,10,8,4,2.25,1.1111111111111112,2.127659574468085,64.5399276454845,5,211.79999999999998,3,0.0
27,15,9,6,7,4.0,1.2857142857142858,1.0975609756097562,56.80601723882329,5,288.2,1,0.0
26,13,6,7,0,3.5,0.75,0.8333333333333333,60.49044993316125,3,376.9,0,1.0
31,5,1,4,0,2.0,0.2,0.23809523809523808,61.79227231624524,0,27.7,0,1.0
20,19,12,7,5,4.75,1.5,1.2371134020618557,65.01122654628473,3,184.0,0,0.0
20,12,5,7,5,2.0,0.625,1.1904761904761905,56.601032269166716,5,207.7,0,0.0
41,20,8,12,4,5.5,0.6153846153846154,0.7142857142857143,67.15929217638339,5,326.0,3,0.0
27,8,2,6,0,1.75,0.2857142857142857,0.5405405405405405,53.66322142118534,2,158.5,1,1.0
33,11,5,6,2,4.5,0.7142857142857143,0.5434782608695653,48.700356949961716,4,223.2,3,0.0
41,11,8,3,2,3.75,2.0,1.0389610389610389,61.44862270881888,4,146.5,0,0.0
19,21,10,11,7,2.75,0.8333333333333334,1.7543859649122806,61.669438065610706,6,279.7,4,0.0
26,9,5,4,3,1.25,1.0,1.8518518518518516,59.29776427866278,3,153.5,2,0.0
20,9,2,7,0,2.25,0.25,0.425531914893617,66.44099723568871,3,76.1,1,1.0
31,9,4,5,2,4.25,0.6666666666666666,0.4597701149425288,53.328674707819616,3,133.5,2,0.0
16,8,3,5,2,3.75,0.5,0.38961038961038963,66.67432723929144,3,283.1,5,0.0
44,19,10,9,5,4.75,1.0,1.0309278350515465,70.9170970232326,5,217.6,3,0.0
42,3,1,2,0,2.5,0.3333333333333333,0.1923076923076923,50.56822251637965,1,165.20000000000002,2,1.0
38,3,1,2,1,1.5,0.3333333333333333,0.3125,45.70363025464505,1,65.1,0,0.0
23,10,6,4,4,2.5,1.2,1.1538461538461537,68.95038722013913,5,154.1,6,0.0
23,13,7,6,3,5.0,1.0,0.6862745098039216,91.03650282064373,8,607.9,5,0.0
29,7,3,4,1,3.0,0.6,0.48387096774193544,58.52038416496973,1,190.79999999999998,1,0.0
18,12,5,7,3,3.75,0.625,0.6493506493506493,70.63532731240866,5,477.4,2,0.0
41,13,7,6,5,4.5,1.0,0.7608695652173914,62.56981629344011,3,501.1,3,0.0
36,10,4,6,2,2.5,0.5714285714285714,0.7692307692307692,60.612595435431594,5,166.6,3,0.0
42,31,18,13,7,5.5,1.2857142857142858,1.6071428571428572,82.58350450305323,7,358.8,2,0.0
24,11,1,10,1,4.75,0.09090909090909091,0.10309278350515465,79.38084947203663,1,208.1,2,0.0
34,12,4,8,1,1.75,0.4444444444444444,1.081081081081081,56.83834819265863,5,142.5,0,0.0
42,10,4,6,2,2.0,0.5714285714285714,0.9523809523809523,47.39411071338373,5,312.2,0,0.0
22,20,12,8,6,4.25,1.3333333333333333,1.3793103448275863,63.13043665804816,6,358.9,0,0.0
16,21,9,12,1,2.5,0.6923076923076923,1.7307692307692306,52.20871061164891,2,192.7,0,0.0
35,7,5,2,2,2.5,1.6666666666666667,0.9615384615384615,62.07742975308387,4,99.6,2,0.0
20,17,9,8,3,3.25,1.0,1.3432835820895521,70.29154816204206,5,458.1,2,0.0
19,26,15,11,7,6.0,1.25,1.2295081967213115,76.78220121953129,5,568.3,2,0.0
27,5,1,4,0,2.0,0.2,0.23809523809523808,50.24779530810332,1,127.3,0,1.0
28,19,11,8,5,4.5,1.2222222222222223,1.1956521739130437,70.18679520993248,8,519.8000000000001,4,0.0
24,6,2,4,1,2.25,0.4,0.425531914893617,55.80023554268159,2,195.8,1,0.0
38,21,10,11,7,5.5,0.8333333333333334,0.8928571428571429,65.34321921203193,5,398.29999999999995,2,0.0
26,9,4,5,3,2.5,0.6666666666666666,0.7692307692307692,54.13900391264154,2,298.7,1,0.0
26,9,6,3,1,3.5,1.5,0.8333333333333333,61.90108259045543,0,101.5,1,0.0
25,20,8,12,5,2.25,0.6153846153846154,1.702127659574468,80.5725374542648,6,836.6,2,0.0
35,19,7,12,3,3.5,0.5384615384615384,0.9722222222222222,58.816083097719044,3,234.5,3,0.0
21,12,7,5,4,1.5,1.1666666666666667,2.1875,61.90608915988156,5,321.5,3,0.0
19,21,9,12,6,5.25,0.6923076923076923,0.8411214953271029,78.94061795230711,8,302.5,5,0.0
24,17,6,11,1,4.0,0.5,0.7317073170731708,67.85556514561158,6,565.0,2,0.0
25,21,10,11,5,3.75,0.8333333333333334,1.2987012987012987,64.46524283084456,5,286.6,2,0.0
33,7,3,4,3,0.75,0.6,1.7647058823529411,65.87416044864831,3,456.0,1,0.0
18,26,10,16,6,6.5,0.5882352941176471,0.7575757575757576,81.52219494478267,7,437.5,6,0.0
32,5,4,1,2,2.75,2.0,0.7017543859649122,55.74661025866626,5,251.3,3,0.0
40,6,5,1,0,2.25,2.5,1.0638297872340425,51.889956106095795,1,85.5,3,1.0
31,14,9,5,5,3.5,1.5,1.25,73.69275632569824,5,307.0,3,0.0
44,11,3,8,0,4.0,0.3333333333333333,0.3658536585365854,56.016643702738975,6,211.8,0,1.0
40,21,10,11,2,4.25,0.8333333333333334,1.149425287356322,69.3649388551107,6,248.5,2,0.0
18,19,13,6,6,3.25,1.8571428571428572,1.9402985074626866,70.8569007961752,5,271.2,0,0.0
33,15,8,7,4,4.25,1.0,0.9195402298850576,62.75173900763313,5,303.2,2,0.0
37,14,4,10,2,4.75,0.36363636363636365,0.4123711340206186,65.80771357205656,6,200.9,2,0.0
30,15,8,7,4,3.0,1.0,1.2903225806451613,50.27585275909103,6,271.5,1,0.0
19,26,12,14,10,3.5,0.8,1.6666666666666665,72.68418156061702,5,274.8,1,0.0
19,16,8,8,6,4.25,0.8888888888888888,0.9195402298850576,61.91396733174897,4,304.8,4,0.0
33,14,8,6,3,2.5,1.1428571428571428,1.5384615384615383,64.5880551510094,5,258.7,3,0.0
18,17,9,8,1,4.0,1.0,1.0975609756097562,59.40637818566252,5,330.9,4,0.0
38,9,3,6,2,2.75,0.42857142857142855,0.5263157894736842,50.82994150759578,2,235.8,1,0.0
29,17,9,8,2,2.0,1.0,2.142857142857143,61.22124307850285,3,295.2,1,0.0
18,15,7,8,3,3.75,0.7777777777777778,0.9090909090909091,58.38515964549894,4,93.5,1,0.0
21,15,6,9,3,3.25,0.6,0.8955223880597015,57.022450165712684,3,119.1,2,0.0
42,19,9,10,6,4.75,0.8181818181818182,0.9278350515463918,68.83834270880634,5,221.3,3,0.0
19,18,8,10,5,3.5,0.7272727272727273,1.1111111111111112,72.14689699504828,6,536.8000000000001,1,0.0
32,9,4,5,1,3.25,0.6666666666666666,0.5970149253731343,57.98967685855754,5,220.0,1,0.0
29,12,3,9,2,4.0,0.3,0.3658536585365854,60.327280756276245,2,221.1,0,0.0
20,6,3,3,2,2.0,0.75,0.7142857142857143,42.808538808268175,2,176.9,4,0.0
42,13,8,5,5,2.5,1.3333333333333333,1.5384615384615383,71.36344729283898,5,287.3,3,0.0
23,10,8,2,3,1.5,2.6666666666666665,2.5,35.83949182785667,3,125.8,2,0.0
42,17,8,9,4,3.5,0.8,1.1111111111111112,62.429044720780745,4,288.2,3,0.0
44,11,3,8,0,3.5,0.3333333333333333,0.41666666666666663,57.51732939466898,1,189.9,1,1.0
30,27,10,17,5,4.5,0.5555555555555556,1.0869565217391306,74.93360554746201,7,770.2,3,0.0
35,23,12,11,7,3.25,1.0,1.791044776119403,73.65018232285327,7,504.2,1,0.0
18,18,9,9,6,5.0,0.9,0.8823529411764707,74.42851017534602,6,791.8,5,0.0
34,29,17,12,8,8.75,1.3076923076923077,0.96045197740113,86.48172128224843,8,377.4,2,0.0
39,13,7,6,4,3.25,1.0,1.044776119402985,58.64617048090137,6,209.4,4,0.0
20,19,10,9,5,3.5,1.0,1.3888888888888888,63.184581452105505,4,418.7,0,0.0
44,24,12,12,4,3.25,0.9230769230769231,1.791044776119403,66.0404928714114,7,262.3,2,0.0
19,21,13,8,5,3.5,1.4444444444444444,1.8055555555555556,64.47492179919095,8,430.3,3,0.0
23,11,2,9,1,1.25,0.2,0.7407407407407407,48.27586007389437,5,267.5,2,0.0
24,14,6,8,1,3.25,0.6666666666666666,0.8955223880597015,36.041356046090456,3,226.9,1,0.0
42,11,8,3,3,3.75,2.0,1.0389610389610389,66.9204830918245,6,277.3,4,0.0
38,11,6,5,4,2.0,1.0,1.4285714285714286,59.19977061179127,2,136.3,2,0.0
17,5,2,3,1,1.0,0.5,0.9090909090909091,47.64645121247653,2,115.5,0,0.0
24,12,4,8,2,4.25,0.4444444444444444,0.4597701149425288,59.35081396299259,2,252.1,0,0.0
44,9,3,6,0,2.75,0.42857142857142855,0.5263157894736842,71.05947544230858,3,58.300000000000004,0,1.0
42,5,3,2,2,3.25,1.0,0.44776119402985076,56.64545974113679,3,119.4,2,0.0
19,3,1,2,0,1.0,0.3333333333333333,0.45454545454545453,51.200976094889285,0,41.7,1,1.0
27,18,7,11,2,5.5,0.5833333333333334,0.625,77.90623588819554,7,219.2,5,0.0
31,23,9,14,4,5.75,0.6,0.7692307692307693,87.44317678435989,8,298.9,2,0.0
44,8,1,7,0,1.5,0.125,0.3125,39.65829472565076,0,217.39999999999998,2,1.0
33,12,8,4,6,2.0,1.6,1.9047619047619047,54.987426358239176,3,156.20000000000002,0,0.0
19,6,4,2,3,2.75,1.3333333333333333,0.7017543859649122,46.09958636653613,2,60.199999999999996,0,0.0
16,16,7,9,3,4.75,0.7,0.7216494845360826,74.28613076246026,4,434.2,3,0.0
34,13,6,7,4,2.5,0.75,1.1538461538461537,54.55337392573662,0,226.9,2,0.0
17,21,12,9,7,4.75,1.2,1.2371134020618557,69.55265982777503,4,399.4,3,0.0
24,7,3,4,0,2.75,0.6,0.5263157894736842,50.490759728306784,1,124.7,2,1.0
30,10,4,6,3,2.75,0.5714285714285714,0.7017543859649122,60.91798321953312,2,222.3,3,0.0
24,12,5,7,4,3.25,0.625,0.7462686567164178,65.26444148531372,5,297.40000000000003,2,0.0
35,23,13,10,5,4.0,1.1818181818181819,1.5853658536585367,86.27996590414803,6,404.5,1,0.0
28,25,10,15,6,4.25,0.625,1.149425287356322,59.23912203215874,4,493.09999999999997,1,0.0
18,12,8,4,6,4.5,1.6,0.8695652173913044,81.33458589242566,6,329.0,4,0.0
20,17,11,6,4,2.75,1.5714285714285714,1.9298245614035088,63.237676792517995,4,245.5,2,0.0
23,19,10,9,6,4.25,1.0,1.149425287356322,74.07885849885213,6,428.8,4,0.0
27,9,3,6,2,4.0,0.42857142857142855,0.3658536585365854,74.44522336412618,1,212.7,4,0.0
44,6,4,2,2,2.0,1.3333333333333333,0.9523809523809523,49.845632399437754,2,131.8,1,0.0
17,19,12,7,5,6.25,1.5,0.9448818897637796,76.23796023006815,5,162.1,2,0.0
26,21,14,7,5,5.75,1.75,1.1965811965811965,62.49454434042425,5,349.2,3,0.0
43,7,3,4,3,1.0,0.6,1.3636363636363635,42.11125734400145,1,104.8,0,0.0
27,18,9,9,4,2.75,0.9,1.5789473684210527,83.99255288125033,6,386.8,2,0.0
31,15,7,8,4,5.25,0.7777777777777778,0.6542056074766356,65.92018505385403,5,265.5,6,0.0
40,29,16,13,10,4.0,1.1428571428571428,1.9512195121951221,63.84840464497557,5,257.90000000000003,2,0.0
40,20,9,11,6,3.75,0.75,1.1688311688311688,75.3680359706176,7,306.9,4,0.0
44,12,5,7,3,2.25,0.625,1.0638297872340425,65.84332499122904,6,275.9,2,0.0
29,28,14,14,6,4.0,0.9333333333333333,1.707317073170732,73.88464222502117,5,580.4,0,0.0
26,17,4,13,3,2.0,0.2857142857142857,0.9523809523809523,49.121663933316206,3,256.1,3,0.0
25,8,4,4,3,2.0,0.8,0.9523809523809523,49.67300872279855,0,225.0,1,0.0
23,16,10,6,4,4.0,1.4285714285714286,1.2195121951219514,58.78013441883803,4,304.0,0,0.0
43,14,7,7,3,4.0,0.875,0.853658536585366,81.86267695628761,6,280.8,0,0.0
35,29,17,12,6,6.5,1.3076923076923077,1.2878787878787878,71.62145339455492,6,323.3,1,0.0
34,21,14,7,7,4.5,1.75,1.5217391304347827,63.97117332432692,6,255.3,2,0.0
36,17,12,5,7,3.0,2.0,1.9354838709677418,69.25407122313642,5,113.8,0,0.0
31,5,2,3,0,3.25,0.5,0.29850746268656714,56.6484069046393,3,138.1,1,1.0
43,16,9,7,4,4.5,1.125,0.9782608695652175,58.34389529202762,3,231.1,3,0.0
44,12,11,1,7,2.5,5.5,2.1153846153846154,58.75882197076118,5,393.7,2,0.0
28,16,9,7,5,3.75,1.125,1.1688311688311688,74.86374331660822,6,611.7,5,0.0
22,19,11,8,5,4.0,1.2222222222222223,1.3414634146341464,65.83434210224681,7,244.70000000000002,0,0.0
38,14,7,7,4,3.25,0.875,1.044776119402985,66.81371962471907,7,569.8,1,0.0
43,29,13,16,7,5.25,0.7647058823529411,1.2149532710280375,65.00617282126133,6,319.4,4,0.0
21,23,10,13,6,7.5,0.7142857142857143,0.6578947368421053,88.52256270907169,8,420.9,1,0.0
31,7,2,5,0,6.5,0.3333333333333333,0.15151515151515152,74.77967561862576,0,88.0,1,1.0
17,9,5,4,1,2.25,1.0,1.0638297872340425,60.373001717892,1,145.4,1,0.0
31,3,1,2,1,0.5,0.3333333333333333,0.8333333333333334,54.11132279801576,1,42.1,1,0.0
41,20,8,12,3,4.25,0.6153846153846154,0.9195402298850576,71.7766739390018,8,695.9,1,0.0
19,12,5,7,2,5.25,0.625,0.4672897196261683,60.56040763226066,3,324.5,0,0.0
39,8,2,6,1,1.25,0.2857142857142857,0.7407407407407407,50.18501172902485,2,110.8,2,0.0
29,20,7,13,4,4.0,0.5,0.853658536585366,88.12096844808468,8,361.8,4,0.0
44,21,10,11,6,8.5,0.8333333333333334,0.5813953488372093,89.91019121264145,8,334.5,5,0.0
28,13,5,8,1,6.5,0.5555555555555556,0.3787878787878788,65.22638386117694,7,382.0,1,0.0
39,16,8,8,3,4.0,0.8888888888888888,0.9756097560975611,67.37167197602717,5,182.4,2,0.0
25,2,1,1,1,1.5,0.5,0.3125,45.82194579045995,4,111.5,0,0.0
32,25,14,11,9,5.5,1.1666666666666667,1.25,68.25592392723797,6,418.4,4,0.0
44,13,6,7,4,2.5,0.75,1.1538461538461537,61.47709347602085,1,178.8,1,0.0
21,7,5,2,1,2.25,1.6666666666666667,1.0638297872340425,63.1639395918552,2,224.7,4,0.0
19,17,8,9,0,5.0,0.8,0.7843137254901962,65.36125299113577,3,193.6,0,1.0
16,26,13,13,9,4.75,0.9285714285714286,1.3402061855670104,70.60574807060671,8,589.1,3,0.0
42,14,7,7,0,3.25,0.875,1.044776119402985,74.5780022276623,5,63.0,2,1.0
27,12,4,8,1,3.75,0.4444444444444444,0.5194805194805194,60.178590967485064,0,417.8,2,0.0
33,11,6,5,2,2.75,1.0,1.0526315789473684,59.90884208104981,3,255.10000000000002,1,0.0
41,18,8,10,5,1.25,0.7272727272727273,2.962962962962963,59.144088894882195,2,350.9,1,0.0
42,7,2,5,1,1.0,0.3333333333333333,0.9090909090909091,63.22119766228759,1,196.7,1,0.0
22,12,5,7,2,6.0,0.625,0.4098360655737705,61.559721962083614,5,236.9,1,0.0
30,8,6,2,4,2.25,2.0,1.276595744680851,75.06419773337426,4,224.10000000000002,2,0.0
33,23,12,11,5,4.0,1.0,1.4634146341463417,61.43926557096023,6,392.0,3,0.0
24,10,5,5,3,4.0,0.8333333333333334,0.6097560975609757,64.17811287352009,5,197.5,0,0.0
21,11,5,6,3,3.25,0.7142857142857143,0.7462686567164178,58.60133588369638,3,411.8,2,0.0
19,12,3,9,1,2.5,0.3,0.5769230769230769,56.42870838909711,2,168.1,2,0.0
39,22,10,12,4,7.0,0.7692307692307693,0.7042253521126761,76.88355973005856,7,678.9,4,0.0
18,2,1,1,0,1.25,0.5,0.37037037037037035,62.39971492112558,1,57.900000000000006,0,1.0
27,18,8,10,4,7.0,0.7272727272727273,0.5633802816901409,68.82599587877074,5,361.9,4,0.0
28,19,8,11,4,3.75,0.6666666666666666,1.0389610389610389,62.52683310440131,6,194.0,3,0.0
44,18,9,9,6,3.5,0.9,1.25,60.53627449919125,0,176.2,1,0.0
25,16,10,6,5,5.25,1.4285714285714286,0.9345794392523366,80.88863973762196,6,241.89999999999998,5,0.0
32,14,6,8,3,2.5,0.6666666666666666,1.1538461538461537,43.250563400391925,1,250.0,0,0.0
23,13,7,6,2,5.25,1.0,0.6542056074766356,65.01123011709518,1,193.9,1,0.0
43,11,4,7,2,1.75,0.5,1.081081081081081,66.22592761190396,4,364.3,2,0.0
24,16,5,11,3,3.5,0.4166666666666667,0.6944444444444444,66.72392196507849,3,144.1,0,0.0
33,23,7,16,2,7.25,0.4117647058823529,0.4761904761904762,75.46923283798445,7,332.8,3,0.0
41,22,11,11,5,4.0,0.9166666666666666,1.3414634146341464,69.95300675023879,6,197.4,1,0.0
32,21,9,12,5,4.25,0.6923076923076923,1.0344827586206897,80.66770103426195,4,427.9,1,0.0
18,11,5,6,1,0.5,0.7142857142857143,4.166666666666667,44.746530467371,1,103.1,1,0.0
41,10,8,2,2,1.75,2.6666666666666665,2.162162162162162,61.89142464946019,2,206.2,4,0.0
29,10,4,6,1,2.0,0.5714285714285714,0.9523809523809523,40.4632096146196,0,67.7,2,0.0
44,8,3,5,1,2.0,0.5,0.7142857142857143,72.22965037744615,3,212.9,2,0.0
23,24,11,13,8,4.25,0.7857142857142857,1.264367816091954,69.54094801846355,6,569.9,1,0.0
40,28,17,11,9,4.0,1.4166666666666667,2.073170731707317,73.88758953342075,5,312.9,2,0.0
29,12,5,7,1,6.0,0.625,0.4098360655737705,61.79980243723793,5,371.2,3,0.0
37,9,2,7,2,2.0,0.25,0.47619047619047616,61.74925880983644,5,335.3,0,0.0
30,9,5,4,1,3.25,1.0,0.7462686567164178,59.688472336011735,4,95.7,1,0.0
22,9,5,4,1,1.0,1.0,2.2727272727272725,40.38780691002858,3,141.8,1,0.0
16,28,11,17,5,3.5,0.6111111111111112,1.5277777777777777,67.04177488157538,6,170.3,2,0.0
21,12,1,11,0,6.5,0.08333333333333333,0.07575757575757576,87.89762180233782,3,295.0,2,1.0
24,12,6,6,2,2.5,0.8571428571428571,1.1538461538461537,67.16558591393667,1,210.8,2,0.0
30,24,10,14,7,4.5,0.6666666666666666,1.0869565217391306,71.63740226425777,5,235.3,1,0.0
19,14,5,9,1,4.5,0.5,0.5434782608695653,67.8366705786833,7,154.20000000000002,0,0.0
17,13,8,5,2,3.75,1.3333333333333333,1.0389610389610389,65.00791037193595,4,178.6,2,0.0
20,6,3,3,2,1.75,0.75,0.8108108108108107,52.140260586822556,1,202.6,1,0.0
42,3,1,2,0,1.25,0.3333333333333333,0.37037037037037035,47.242809174828956,4,179.1,5,1.0
34,18,8,10,4,4.0,0.7272727272727273,0.9756097560975611,66.23859068275459,6,600.0,5,0.0
38,11,3,8,3,2.75,0.3333333333333333,0.5263157894736842,68.4442959483978,1,198.8,3,0.0
29,17,8,9,6,3.0,0.8,1.2903225806451613,53.39670533287675,3,145.7,3,0.0
39,16,9,7,9,3.5,1.125,1.25,69.1348121313357,4,265.5,5,0.0
23,26,14,12,6,5.25,1.0769230769230769,1.3084112149532712,85.58960885843692,5,519.3,2,0.0
16,15,5,10,3,5.0,0.45454545454545453,0.4901960784313726,73.81747838275444,8,168.8,2,0.0
20,9,4,5,2,3.5,0.6666666666666666,0.5555555555555556,61.92412587552147,1,118.3,1,0.0
27,15,8,7,4,2.75,1.0,1.4035087719298245,74.44609240732564,6,241.20000000000002,5,0.0
38,16,6,10,4,4.25,0.5454545454545454,0.6896551724137931,63.71657776907399,2,377.1,2,0.0
25,14,7,7,5,3.0,0.875,1.129032258064516,73.58611248568457,6,323.9,0,0.0
33,9,7,2,2,3.75,2.3333333333333335,0.9090909090909091,63.22236781433255,3,371.0,2,0.0
43,8,3,5,0,3.75,0.5,0.38961038961038963,50.55643188262516,5,310.5,2,1.0
25,16,8,8,1,2.5,0.8888888888888888,1.5384615384615383,63.55585110400534,2,236.5,5,0.0
33,6,3,3,2,1.0,0.75,1.3636363636363635,43.48881641067868,4,103.60000000000001,1,0.0
27,11,5,6,2,2.5,0.7142857142857143,0.9615384615384615,55.92718882990478,1,176.70000000000002,3,0.0
43,10,6,4,6,4.0,1.2,0.7317073170731708,70.59958397858838,2,637.2,4,0.0
33,17,8,9,3,4.0,0.8,0.9756097560975611,68.78529369749093,7,241.6,0,0.0
44,10,5,5,0,5.25,0.8333333333333334,0.4672897196261683,70.82513732416014,2,189.6,2,1.0
43,10,3,7,3,2.0,0.375,0.7142857142857143,54.560935633223814,5,377.6,1,0.0
21,5,1,4,1,2.25,0.2,0.2127659574468085,52.35280824106863,4,251.7,0,0.0
27,13,7,6,3,4.5,1.0,0.7608695652173914,61.165518060906464,6,464.29999999999995,5,0.0
44,12,7,5,3,5.5,1.1666666666666667,0.625,59.133005137937396,5,360.1,2,0.0
32,18,6,12,4,3.5,0.46153846153846156,0.8333333333333333,70.84614217313333,2,415.7,5,0.0
38,10,6,4,3,2.25,1.2,1.276595744680851,44.25821198503559,2,438.7,1,0.0
32,15,7,8,4,3.0,0.7777777777777778,1.129032258064516,57.79289849605152,4,309.4,0,0.0
31,22,11,11,8,6.5,0.9166666666666666,0.8333333333333334,72.01858391239301,5,261.1,2,0.0
26,15,5,10,1,5.25,0.45454545454545453,0.4672897196261683,75.36529105817931,6,343.8,1,0.0
34,8,5,3,2,4.0,1.25,0.6097560975609757,52.70090109759622,2,189.8,2,0.0
17,8,3,5,0,2.75,0.5,0.5263157894736842,48.23579458039231,2,133.7,1,1.0
36,15,8,7,4,2.75,1.0,1.4035087719298245,54.46664028749714,2,273.6,3,0.0
31,14,7,7,4,4.25,0.875,0.8045977011494253,66.97970873201243,5,203.9,1,0.0
41,20,9,11,6,5.0,0.75,0.8823529411764707,65.64144942601109,5,281.3,1,0.0
25,7,3,4,2,1.5,0.6,0.9375,59.12539316616471,3,287.5,2,0.0
42,22,8,14,4,7.25,0.5333333333333333,0.54421768707483,62.583669941170946,6,199.9,1,0.0
32,4,2,2,1,3.25,0.6666666666666666,0.29850746268656714,45.35059901798551,2,99.1,3,0.0
21,20,8,12,4,6.5,0.6153846153846154,0.6060606060606061,72.68459654367115,7,258.5,4,0.0
24,16,7,9,3,3.0,0.7,1.129032258064516,72.53799330623754,7,332.7,3,0.0
44,17,9,8,6,5.5,1.0,0.8035714285714286,58.50335423181493,4,169.7,4,0.0
30,18,10,8,5,4.0,1.1111111111111112,1.2195121951219514,64.18369097375287,4,346.9,2,0.0
25,16,7,9,2,2.5,0.7,1.346153846153846,68.16599159654848,4,234.20000000000002,1,0.0
23,21,14,7,5,3.75,1.75,1.8181818181818181,59.532367531206916,7,510.59999999999997,1,0.0
39,9,4,5,2,1.5,0.6666666666666666,1.25,47.58625136658372,3,123.5,3,0.0
17,24,14,10,5,4.0,1.2727272727272727,1.707317073170732,79.31265129571229,5,204.6,7,0.0
21,8,4,4,2,0.75,0.8,2.3529411764705883,35.231315093923065,0,135.5,1,0.0
22,13,4,9,2,2.0,0.4,0.9523809523809523,68.67380673745028,2,284.9,1,0.0
20,20,7,13,2,3.0,0.5,1.129032258064516,66.0229704446284,7,369.0,2,0.0
19,19,11,8,7,6.0,1.2222222222222223,0.9016393442622951,76.02555767409133,5,387.1,2,0.0
16,6,2,4,0,2.0,0.4,0.47619047619047616,42.65965383480656,0,58.4,1,1.0
26,15,8,7,4,3.25,1.0,1.1940298507462686,54.82774339786778,4,358.1,3,0.0
36,18,6,12,2,5.5,0.46153846153846156,0.5357142857142857,68.8242838885726,6,443.5,2,0.0
25,10,2,8,0,1.25,0.2222222222222222,0.7407407407407407,48.21882081225438,0,62.9,0,1.0
44,10,4,6,0,3.75,0.5714285714285714,0.5194805194805194,73.30853843472994,4,308.2,2,1.0
44,17,10,7,0,5.5,1.25,0.8928571428571429,86.79507864620781,6,361.79999999999995,1,1.0
30,17,12,5,7,2.75,2.0,2.1052631578947367,63.92493620682081,3,346.0,5,0.0
37,12,5,7,1,3.0,0.625,0.8064516129032258,61.12888677890834,2,215.10000000000002,1,0.0
25,19,8,11,3,4.0,0.6666666666666666,0.9756097560975611,67.8233699451085,4,767.6,3,0.0
27,13,7,6,4,2.5,1.0,1.346153846153846,68.33380374184401,5,455.2,3,0.0
19,7,1,6,0,2.5,0.14285714285714285,0.1923076923076923,56.74679296424752,3,252.1,1,1.0
25,9,2,7,0,3.5,0.25,0.2777777777777778,53.15462139020026,2,110.8,2,1.0
41,13,6,7,3,2.0,0.75,1.4285714285714286,69.96797470111746,5,395.5,2,0.0
16,20,9,11,6,4.25,0.75,1.0344827586206897,75.46614123057043,7,344.90000000000003,1,0.0
32,13,6,7,3,4.0,0.75,0.7317073170731708,71.65837010406193,5,218.3,1,0.0
19,23,11,12,7,5.0,0.8461538461538461,1.0784313725490198,82.25227494229203,7,290.4,4,0.0
32,19,12,7,6,2.5,1.5,2.3076923076923075,49.79147069894898,3,278.7,2,0.0
22,15,8,7,5,3.0,1.0,1.2903225806451613,81.86101753307126,7,326.9,5,0.0
25,12,6,6,1,2.0,0.8571428571428571,1.4285714285714286,60.82711356361003,1,276.1,1,0.0
35,12,2,10,0,2.75,0.18181818181818182,0.3508771929824561,59.199596413799725,2,140.6,0,1.0
26,8,5,3,1,1.25,1.25,1.8518518518518516,62.11231988617092,3,222.3,2,0.0
31,19,7,12,5,2.25,0.5384615384615384,1.4893617021276595,67.2025317008549,6,299.3,2,0.0
23,14,13,1,9,5.5,6.5,1.1607142857142858,61.91268606494539,7,267.4,2,0.0
18,18,7,11,1,5.25,0.5833333333333334,0.6542056074766356,75.33147564794407,6,225.7,1,0.0
17,12,5,7,2,4.25,0.625,0.574712643678161,61.14027258887651,4,366.4,2,0.0
41,20,10,10,6,6.0,0.9090909090909091,0.819672131147541,78.37733283200306,6,263.8,8,0.0
24,21,11,10,6,4.25,1.0,1.264367816091954,63.69100687125003,4,461.2,3,0.0
18,15,10,5,8,2.75,1.6666666666666667,1.7543859649122806,61.35686959670272,7,414.9,0,0.0
33,27,15,12,8,3.75,1.1538461538461537,1.948051948051948,74.54011543461442,8,465.3,1,0.0
31,7,4,3,1,2.0,1.0,0.9523809523809523,64.53963808888068,0,90.8,0,0.0
19,15,8,7,7,5.75,1.0,0.6837606837606838,84.10052651585082,6,461.5,3,0.0
16,18,11,7,4,4.5,1.375,1.1956521739130437,69.98437102737384,7,635.2,6,0.0
26,4,1,3,0,2.0,0.25,0.23809523809523808,55.486864438526176,0,108.0,1,1.0
17,10,1,9,0,3.5,0.1,0.1388888888888889,57.896583499876414,0,304.1,0,1.0
32,18,5,13,2,5.5,0.35714285714285715,0.44642857142857145,64.70571180615397,7,360.6,2,0.0
29,23,6,17,2,5.5,0.3333333333333333,0.5357142857142857,68.35679366775024,6,522.5,7,0.0
43,13,2,11,1,4.0,0.16666666666666666,0.24390243902439027,64.99332911882473,3,356.4,2,0.0
31,20,13,7,8,4.75,1.625,1.3402061855670104,73.97343732067003,4,356.6,2,0.0
20,8,3,5,2,3.75,0.5,0.38961038961038963,50.691650004165616,0,217.4,0,0.0
37,8,2,6,0,5.75,0.2857142857142857,0.17094017094017094,76.03460264725028,4,140.3,2,1.0
21,16,5,11,3,2.25,0.4166666666666667,1.0638297872340425,62.72394636375853,7,263.8,2,0.0
33,3,2,1,0,2.25,1.0,0.425531914893617,28.942788605609486,1,87.2,0,1.0
26,16,9,7,4,5.75,1.125,0.7692307692307693,82.70223108448457,7,247.1,2,0.0
30,9,3,6,3,3.5,0.42857142857142855,0.41666666666666663,54.24145891346541,2,174.0,2,0.0
27,19,9,10,5,7.25,0.8181818181818182,0.6122448979591837,92.02176340380151,7,357.1,3,0.0
21,19,12,7,5,7.0,1.5,0.8450704225352114,78.61579529802249,8,454.3,2,0.0
34,7,3,4,2,4.0,0.6,0.3658536585365854,59.50578246216672,3,97.0,1,0.0
20,15,7,8,3,2.75,0.7777777777777778,1.2280701754385965,73.66314051271475,4,220.8,3,0.0
19,10,7,3,3,2.5,1.75,1.346153846153846,55.56369605266019,0,263.3,2,0.0
23,12,6,6,3,3.25,0.8571428571428571,0.8955223880597015,63.89557149545004,2,281.7,6,0.0
22,4,3,1,2,2.25,1.5,0.6382978723404255,44.075240809103114,2,97.6,0,0.0
20,18,7,11,4,3.25,0.5833333333333334,1.044776119402985,65.29247407964408,3,378.79999999999995,1,0.0
31,18,7,11,3,4.75,0.5833333333333334,0.7216494845360826,75.30528873083578,3,295.2,5,0.0
22,18,11,7,6,3.75,1.375,1.4285714285714286,73.90244099874646,5,460.7,1,0.0
35,21,12,9,7,7.25,1.2,0.8163265306122449,83.0000414095562,6,343.4,2,0.0
37,20,13,7,7,4.75,1.625,1.3402061855670104,73.70097746878606,6,812.4000000000001,3,0.0
18,13,7,6,3,4.5,1.0,0.7608695652173914,57.38039619678291,6,332.7,5,0.0
29,15,5,10,2,3.25,0.45454545454545453,0.7462686567164178,62.10473690045063,3,528.4,1,0.0
38,19,8,11,5,5.25,0.6666666666666666,0.7476635514018692,71.7445675405582,3,213.3,5,0.0
42,10,3,7,2,5.5,0.375,0.26785714285714285,56.35738943449284,5,343.8,2,0.0
27,16,4,12,1,2.5,0.3076923076923077,0.7692307692307692,52.074038770666135,3,192.4,4,0.0
28,16,10,6,4,4.0,1.4285714285714286,1.2195121951219514,71.64181246751231,7,242.60000000000002,4,0.0
37,18,10,8,3,1.5,1.1111111111111112,3.125,58.84786996228535,4,185.8,3,0.0
27,12,3,9,2,4.75,0.3,0.30927835051546393,64.1082366398442,4,358.90000000000003,2,0.0
40,21,9,12,0,6.25,0.6923076923076923,0.7086614173228347,76.15827656663538,2,280.2,3,1.0
18,9,1,8,1,3.0,0.1111111111111111,0.16129032258064516,44.64184479907067,3,154.8,2,0.0
39,10,3,7,0,3.75,0.375,0.38961038961038963,58.11245058120867,3,231.7,0,1.0
35,15,5,10,3,3.25,0.45454545454545453,0.7462686567164178,72.6711551360785,5,163.89999999999998,5,0.0
26,13,7,6,4,3.0,1.0,1.129032258064516,51.05920931115145,2,258.4,0,0.0
26,10,6,4,4,2.5,1.2,1.1538461538461537,62.405581165446286,1,149.1,2,0.0
26,7,3,4,1,0.25,0.6,4.285714285714286,37.84346267790877,0,159.7,3,0.0
43,20,7,13,6,6.25,0.5,0.5511811023622047,88.46964476006816,8,305.6,3,0.0
16,22,11,11,6,3.0,0.9166666666666666,1.7741935483870968,80.30304778815486,7,182.60000000000002,2,0.0
34,24,13,11,7,5.25,1.0833333333333333,1.2149532710280375,82.75288981306328,8,598.1,4,0.0
44,14,6,8,4,2.75,0.6666666666666666,1.0526315789473684,61.20999703169264,4,197.1,3,0.0
34,11,7,4,4,2.5,1.4,1.346153846153846,56.94139514553487,4,305.0,1,0.0
33,8,1,7,0,1.5,0.125,0.3125,65.0440410966936,5,189.9,2,1.0
34,11,5,6,4,3.25,0.7142857142857143,0.7462686567164178,44.55521593439356,3,255.3,2,0.0
42,19,8,11,2,5.0,0.6666666666666666,0.7843137254901962,58.90890556214549,4,288.0,2,0.0
36,17,9,8,4,4.25,1.0,1.0344827586206897,64.95865103198832,5,275.0,1,0.0
40,15,8,7,4,3.0,1.0,1.2903225806451613,53.258971695296594,2,244.7,3,0.0
41,12,7,5,1,3.25,1.1666666666666667,1.044776119402985,50.68542574569436,4,224.8,1,0.0
40,6,3,3,2,1.5,0.75,0.9375,39.33840504096254,2,86.5,0,0.0
35,5,3,2,3,3.25,1.0,0.44776119402985076,59.22840134699745,0,204.39999999999998,1,0.0
38,21,14,7,7,3.0,1.75,2.258064516129032,70.06255256953834,5,192.7,0,0.0
36,14,8,6,3,3.5,1.1428571428571428,1.1111111111111112,60.6038514890652,3,419.90000000000003,6,0.0
41,7,3,4,3,5.0,0.6,0.29411764705882354,51.40143180853044,3,301.9,1,0.0
34,5,3,2,1,2.75,1.0,0.5263157894736842,48.11703602862009,2,190.5,1,0.0
31,21,13,8,8,2.75,1.4444444444444444,2.280701754385965,58.833697569937605,3,149.6,4,0.0
41,14,5,9,3,1.5,0.5,1.5625,56.24773547376273,6,221.3,2,0.0
38,11,9,2,5,4.25,3.0,1.0344827586206897,68.25152011312197,5,476.5,1,0.0
18,21,13,8,8,4.25,1.4444444444444444,1.4942528735632186,66.43592005402897,7,456.29999999999995,4,0.0
41,12,2,10,0,3.25,0.18181818181818182,0.29850746268656714,45.87398910610367,3,344.4,2,1.0
43,21,12,9,4,5.25,1.2,1.1214953271028039,90.64135415423507,8,447.3,4,0.0
27,19,11,8,0,6.5,1.2222222222222223,0.8333333333333334,65.09804571090679,4,620.3000000000001,2,1.0
28,19,11,8,4,2.75,1.2222222222222223,1.9298245614035088,65.13964179862438,3,343.5,1,0.0
38,15,8,7,6,4.25,1.0,0.9195402298850576,61.51160515102699,4,257.5,1,0.0
28,17,6,11,4,3.0,0.5,0.9677419354838709,60.2336945240279,3,365.7,3,0.0
34,18,8,10,2,6.75,0.7272727272727273,0.5839416058394161,64.43052870657361,8,318.4,5,0.0
43,17,6,11,4,2.5,0.5,1.1538461538461537,83.74750654326982,7,358.8,2,0.0
23,10,5,5,3,4.25,0.8333333333333334,0.574712643678161,74.8182734074523,2,232.4,1,0.0
27,10,2,8,0,1.25,0.2222222222222222,0.7407407407407407,63.37583195350236,2,335.5,0,1.0
24,28,13,15,7,5.5,0.8125,1.1607142857142858,74.35445951136509,5,1165.8,2,0.0
35,4,2,2,0,1.0,0.6666666666666666,0.9090909090909091,40.551867887114234,0,75.89999999999999,0,1.0
26,8,1,7,1,1.25,0.125,0.37037037037037035,71.79103049613352,3,122.0,1,0.0
16,5,4,1,1,2.5,2.0,0.7692307692307692,43.32699932671189,2,216.20000000000002,2,0.0
35,10,5,5,3,4.25,0.8333333333333334,0.574712643678161,57.62777717092628,2,299.90000000000003,2,0.0
19,7,3,4,1,1.25,0.6,1.111111111111111,70.40814845488055,2,89.2,0,0.0
26,7,2,5,2,2.5,0.3333333333333333,0.3846153846153846,64.55857318932819,4,313.4,2,0.0
41,10,8,2,5,3.0,2.6666666666666665,1.2903225806451613,63.80441620226475,5,324.4,2,0.0
25,12,5,7,2,4.0,0.625,0.6097560975609757,66.80755971134454,7,341.9,2,0.0
42,26,18,8,8,4.5,2.0,1.956521739130435,63.249944944411766,6,290.0,3,0.0
43,17,8,9,5,3.5,0.8,1.1111111111111112,76.65053250256139,1,269.1,1,0.0
42,10,6,4,3,1.25,1.2,2.222222222222222,42.766061261586614,1,270.5,1,0.0
27,10,3,7,2,2.5,0.375,0.5769230769230769,59.58938440562389,5,160.3,3,0.0
25,10,2,8,0,6.0,0.2222222222222222,0.1639344262295082,62.9445742533019,5,306.3,0,1.0
39,14,8,6,3,4.75,1.1428571428571428,0.8247422680412372,50.6673597936043,6,395.2,1,0.0
31,14,7,7,2,2.5,0.875,1.346153846153846,57.33990293711347,5,349.1,1,0.0
37,12,8,4,2,4.0,1.6,0.9756097560975611,63.61612971919258,5,555.0,2,0.0
41,14,8,6,3,3.5,1.1428571428571428,1.1111111111111112,51.711035430273974,3,299.8,1,0.0
37,11,5,6,0,3.0,0.7142857142857143,0.8064516129032258,56.97748537904108,2,227.5,1,1.0
26,19,10,9,4,6.0,1.0,0.819672131147541,82.47584862528844,7,596.1,1,0.0
23,5,1,4,1,1.0,0.2,0.45454545454545453,,0,95.8,1,0.0
32,16,9,7,6,2.75,1.125,1.5789473684210527,64.23639739417071,4,121.2,3,0.0
40,16,9,7,6,5.25,1.125,0.8411214953271029,74.68399544378258,4,499.09999999999997,5,0.0
24,13,7,6,4,3.0,1.0,1.129032258064516,65.43682873573843,2,227.6,2,0.0
20,24,15,9,8,4.75,1.5,1.5463917525773196,87.49875197209872,7,342.20000000000005,2,0.0
25,12,6,6,4,4.75,0.8571428571428571,0.6185567010309279,63.06909522218242,5,240.0,1,0.0
33,12,4,8,2,2.0,0.4444444444444444,0.9523809523809523,60.39681470490365,2,183.5,0,0.0
22,27,15,12,9,3.25,1.1538461538461537,2.2388059701492535,52.78279377805448,4,253.1,6,0.0
27,18,9,9,7,4.5,0.9,0.9782608695652175,73.34371690216828,5,272.8,2,0.0
23,14,6,8,3,4.25,0.6666666666666666,0.6896551724137931,53.58335577782284,3,281.1,3,0.0
30,21,11,10,3,4.25,1.0,1.264367816091954,77.96713261738358,6,625.9,3,0.0
31,13,7,6,4,4.75,1.0,0.7216494845360826,75.26500697276892,5,870.2,2,0.0
16,3,1,2,0,2.5,0.3333333333333333,0.1923076923076923,84.84635832176104,2,91.10000000000001,1,1.0
23,18,7,11,3,4.0,0.5833333333333334,0.853658536585366,69.26662229700081,4,203.1,3,0.0
40,15,9,6,3,3.75,1.2857142857142858,1.1688311688311688,67.05774272500351,6,388.7,6,0.0
36,8,1,7,0,3.75,0.125,0.12987012987012986,69.03169343320542,1,57.0,0,1.0
38,10,5,5,2,3.0,0.8333333333333334,0.8064516129032258,56.59693824066993,5,201.0,1,0.0
32,23,8,15,5,5.0,0.5,0.7843137254901962,72.3839172922871,6,299.8,1,0.0
32,7,5,2,3,0.5,1.6666666666666667,4.166666666666667,40.31311454591152,1,63.0,0,0.0
20,16,8,8,6,7.0,0.8888888888888888,0.5633802816901409,58.652088793318164,5,170.3,3,0.0
24,23,11,12,7,4.5,0.8461538461538461,1.1956521739130437,66.65789503769543,7,497.3,3,0.0
34,7,5,2,2,2.25,1.6666666666666667,1.0638297872340425,56.78230613563078,4,239.8,1,0.0
35,26,13,13,10,6.25,0.9285714285714286,1.0236220472440944,78.33275238379427,7,642.2,4,0.0
23,15,5,10,0,2.5,0.45454545454545453,0.9615384615384615,58.6116621669936,2,158.4,3,1.0
34,5,3,2,1,1.5,1.0,0.9375,45.09937895221732,0,97.7,0,0.0
24,18,6,12,4,6.25,0.46153846153846156,0.4724409448818898,64.41530235624846,3,489.6,2,0.0
23,13,7,6,5,1.5,1.0,2.1875,53.71205183439455,3,199.1,0,0.0
33,20,10,10,4,6.0,0.9090909090909091,0.819672131147541,68.10856442842599,6,230.2,4,0.0
34,12,6,6,1,4.0,0.8571428571428571,0.7317073170731708,53.5399637613786,4,244.10000000000002,1,0.0
23,21,8,13,5,4.5,0.5714285714285714,0.8695652173913044,65.62434037109769,4,241.1,3,0.0
17,18,6,12,4,4.75,0.46153846153846156,0.6185567010309279,63.3924002548708,7,450.7,3,0.0
38,14,4,10,0,4.0,0.36363636363636365,0.48780487804878053,54.57623134107969,4,264.3,2,1.0
27,18,10,8,5,2.5,1.1111111111111112,1.923076923076923,61.26621547673535,4,157.8,1,0.0
34,16,5,11,3,5.0,0.4166666666666667,0.4901960784313726,74.53071679326429,8,397.7,1,0.0
21,6,1,5,1,2.0,0.16666666666666666,0.23809523809523808,62.999672292874166,7,163.1,2,0.0
25,8,2,6,1,2.0,0.2857142857142857,0.47619047619047616,56.60136242020316,4,240.70000000000002,1,0.0
19,16,7,9,6,3.25,0.7,1.044776119402985,63.7257855498734,2,301.6,1,0.0
36,12,6,6,3,1.5,0.8571428571428571,1.875,59.57816289762504,4,211.6,1,0.0
26,24,9,15,4,4.25,0.5625,1.0344827586206897,89.77091046980325,7,402.20000000000005,7,0.0
32,15,6,9,4,5.5,0.6,0.5357142857142857,59.78012782319171,6,201.2,2,0.0
36,10,6,4,3,4.5,1.2,0.6521739130434783,64.14255270811995,6,250.2,5,0.0
33,9,3,6,3,2.5,0.42857142857142855,0.5769230769230769,44.918337341835766,2,177.20000000000002,0,0.0
16,13,5,8,3,4.25,0.5555555555555556,0.574712643678161,71.44941305593034,6,289.3,3,0.0
22,9,4,5,3,3.0,0.6666666666666666,0.6451612903225806,61.478602062335746,5,182.4,1,0.0
17,23,12,11,5,3.5,1.0,1.6666666666666665,63.65736777230049,6,399.3,2,0.0
29,11,5,6,2,4.5,0.7142857142857143,0.5434782608695653,64.18312624875381,3,315.0,3,0.0
24,21,12,9,4,3.75,1.2,1.5584415584415585,70.4292199722668,3,336.7,3,0.0
18,11,5,6,3,3.0,0.7142857142857143,0.8064516129032258,65.9990836922276,3,384.8,3,0.0
33,21,8,13,3,3.0,0.5714285714285714,1.2903225806451613,77.30444794864069,8,144.4,1,0.0
26,15,7,8,5,4.0,0.7777777777777778,0.853658536585366,66.41876135428006,6,353.3,0,0.0
43,21,9,12,5,5.5,0.6923076923076923,0.8035714285714286,69.0493704579436,5,175.2,4,0.0
28,7,1,6,0,2.75,0.14285714285714285,0.17543859649122806,59.11104870657319,4,470.2,2,1.0
36,10,7,3,3,3.75,1.75,0.9090909090909091,57.51527402379553,5,188.1,3,0.0
36,17,11,6,7,3.25,1.5714285714285714,1.6417910447761193,79.5460519247484,5,246.0,4,0.0
26,21,11,10,4,2.25,1.0,2.3404255319148937,64.06998097654258,7,147.7,5,0.0
39,9,1,8,0,2.25,0.1111111111111111,0.2127659574468085,51.58788818208148,3,241.70000000000002,1,1.0
39,14,5,9,2,3.75,0.5,0.6493506493506493,75.12311798156954,3,359.90000000000003,3,0.0
30,16,8,8,5,5.25,0.8888888888888888,0.7476635514018692,62.00341409580841,5,247.4,2,0.0
41,4,1,3,0,2.25,0.25,0.2127659574468085,56.48667721950375,0,48.0,0,1.0
39,15,11,4,5,4.75,2.2,1.1340206185567012,67.76448865500804,8,441.2,4,0.0
44,12,3,9,0,3.5,0.3,0.41666666666666663,62.813769730836164,5,342.0,0,1.0
17,20,13,7,10,5.0,1.625,1.2745098039215688,84.4176304817625,5,482.8,2,0.0
40,10,8,2,4,2.25,2.6666666666666665,1.702127659574468,56.571387345445764,4,188.20000000000002,1,0.0
19,6,2,4,0,1.75,0.4,0.5405405405405405,52.63832657043396,0,76.9,0,1.0
18,31,13,18,5,5.0,0.6842105263157895,1.2745098039215688,81.65578089141586,6,734.3,1,0.0
38,15,7,8,3,5.5,0.7777777777777778,0.625,66.67609115351148,6,424.29999999999995,3,0.0
25,18,8,10,0,4.25,0.7272727272727273,0.9195402298850576,68.66536218877894,3,141.3,3,1.0
16,20,9,11,4,3.75,0.75,1.1688311688311688,55.98196070446235,4,260.5,0,0.0
42,12,9,3,6,4.75,2.25,0.9278350515463918,59.91266778158451,5,434.2,2,0.0
17,2,1,1,1,1.5,0.5,0.3125,38.4351765132339,1,55.8,2,0.0
28,3,1,2,1,0.75,0.3333333333333333,0.5882352941176471,57.992637775687434,1,37.7,1,0.0
26,16,4,12,3,5.0,0.3076923076923077,0.3921568627450981,64.87753472665,5,212.6,3,0.0
25,24,13,11,6,3.5,1.0833333333333333,1.8055555555555556,77.20892281712129,5,212.2,2,0.0
43,15,4,11,2,4.5,0.3333333333333333,0.4347826086956522,48.360526388818435,1,147.2,1,0.0
39,15,9,6,5,2.5,1.2857142857142858,1.7307692307692306,73.7852980268074,3,194.3,0,0.0
37,6,1,5,1,3.0,0.16666666666666666,0.16129032258064516,62.4975838783245,4,243.39999999999998,1,0.0
26,18,5,13,3,4.75,0.35714285714285715,0.5154639175257733,69.03403021286498,5,319.6,5,0.0
19,22,9,13,3,6.25,0.6428571428571429,0.7086614173228347,80.53885152490825,7,564.5,1,0.0
30,22,13,9,4,5.75,1.3,1.1111111111111112,87.7279997161744,6,272.0,6,0.0
41,10,6,4,4,5.0,1.2,0.5882352941176471,71.40206303503061,4,716.1,1,0.0
17,8,3,5,1,3.25,0.5,0.44776119402985076,75.02986618195592,3,431.4,1,0.0
36,10,7,3,4,2.0,1.75,1.6666666666666665,61.416252565560235,1,251.2,1,0.0
33,10,5,5,2,3.0,0.8333333333333334,0.8064516129032258,71.55731137341915,6,204.8,0,0.0
30,19,7,12,2,5.25,0.5384615384615384,0.6542056074766356,75.34271861182823,5,621.3,0,0.0
26,12,8,4,3,3.5,1.6,1.1111111111111112,66.91604797101671,3,139.8,3,0.0
19,19,6,13,2,4.75,0.42857142857142855,0.6185567010309279,74.68778011167383,5,388.7,2,0.0
38,5,2,3,0,1.25,0.5,0.7407407407407407,57.7601201184264,1,133.6,0,1.0
43,21,7,14,3,5.0,0.4666666666666667,0.6862745098039216,71.35353349818618,8,215.10000000000002,2,0.0
26,4,2,2,1,1.75,0.6666666666666666,0.5405405405405405,48.241463147431375,0,64.1,0,0.0
23,11,5,6,3,2.0,0.7142857142857143,1.1904761904761905,58.91534774468232,5,233.1,2,0.0
40,25,17,8,8,6.25,1.8888888888888888,1.3385826771653544,77.3392048732341,8,868.2,8,0.0
30,8,7,1,4,1.75,3.5,1.8918918918918919,58.1302349967116,4,226.2,3,0.0
33,10,5,5,3,4.5,0.8333333333333334,0.5434782608695653,65.40804294821726,6,179.1,0,0.0
37,16,5,11,0,4.0,0.4166666666666667,0.6097560975609757,75.5655211200335,3,342.2,1,1.0
31,21,5,16,2,6.25,0.29411764705882354,0.3937007874015748,68.26885583085325,7,202.9,4,0.0
21,18,11,7,4,6.25,1.375,0.8661417322834646,74.80166725876681,6,509.6,3,0.0
32,17,8,9,4,5.0,0.8,0.7843137254901962,80.13153865217626,3,605.8,1,0.0
24,17,9,8,3,4.0,1.0,1.0975609756097562,60.137655589941694,3,447.90000000000003,1,0.0
21,21,11,10,5,3.5,1.0,1.5277777777777777,74.46555994547337,3,356.2,1,0.0
18,14,10,4,4,5.75,2.0,0.8547008547008548,67.708248427624,4,331.1,0,0.0
29,17,10,7,6,3.0,1.25,1.6129032258064515,75.26276401897957,5,421.6,3,0.0
20,19,5,14,3,3.0,0.3333333333333333,0.8064516129032258,54.565645284182395,3,248.3,3,0.0
28,2,2,0,2,1.0,2.0,0.9090909090909091,51.58210892127601,2,130.6,0,0.0
21,16,10,6,5,2.5,1.4285714285714286,1.923076923076923,62.0699689483001,6,279.4,2,0.0
33,11,5,6,1,3.0,0.7142857142857143,0.8064516129032258,63.673695762749816,2,156.6,1,0.0
19,20,8,12,4,5.0,0.6153846153846154,0.7843137254901962,67.67263929098924,4,338.5,5,0.0
26,24,13,11,8,8.0,1.0833333333333333,0.8024691358024691,72.73220635575547,7,665.5,2,0.0
33,21,12,9,7,3.25,1.2,1.791044776119403,66.93618134137635,5,465.9,2,0.0
39,23,11,12,6,2.0,0.8461538461538461,2.619047619047619,72.18899482802881,3,394.4,3,0.0
35,17,10,7,5,4.75,1.25,1.0309278350515465,67.0056119798359,5,245.7,2,0.0
19,6,1,5,0,0.75,0.16666666666666666,0.5882352941176471,63.128250757801695,0,69.7,0,1.0
39,15,6,9,3,5.0,0.6,0.5882352941176471,75.45079681004496,3,508.5,0,0.0
42,7,5,2,2,3.25,1.6666666666666667,0.7462686567164178,59.77675876562093,3,85.6,2,0.0
21,16,7,9,3,5.75,0.7,0.5982905982905983,50.388099019657794,4,279.6,2,0.0
28,17,7,10,4,5.5,0.6363636363636364,0.625,82.9239973504284,8,380.3,3,0.0
29,11,5,6,4,3.0,0.7142857142857143,0.8064516129032258,58.27624376380828,3,546.9,1,0.0
41,10,5,5,4,5.0,0.8333333333333334,0.4901960784313726,65.47473835287904,4,311.1,1,0.0
26,13,6,7,4,3.5,0.75,0.8333333333333333,73.53714940514304,6,200.1,0,0.0
24,13,7,6,1,2.75,1.0,1.2280701754385965,54.08210211239531,3,232.6,2,0.0
20,12,4,8,1,6.5,0.4444444444444444,0.30303030303030304,67.8322815335688,7,326.29999999999995,4,0.0
20,11,2,9,1,4.0,0.2,0.24390243902439027,81.04784550675045,5,334.5,3,0.0
18,17,10,7,3,5.75,1.25,0.8547008547008548,71.32148229347519,8,301.29999999999995,1,0.0
25,16,4,12,0,3.0,0.3076923076923077,0.6451612903225806,64.7132075286801,5,193.6,1,1.0
21,32,16,16,9,4.5,0.9411764705882353,1.7391304347826089,84.22059307339693,7,554.1,3,0.0
21,23,10,13,7,4.5,0.7142857142857143,1.0869565217391306,52.327821012795596,4,329.9,3,0.0
29,10,5,5,1,3.5,0.8333333333333334,0.6944444444444444,63.514096593660966,3,441.3,1,0.0
26,19,12,7,5,5.0,1.5,1.1764705882352942,63.58535619287796,7,191.6,3,0.0
30,16,8,8,5,5.0,0.8888888888888888,0.7843137254901962,85.81184460855147,7,371.3,4,0.0
32,17,7,10,3,5.25,0.6363636363636364,0.6542056074766356,76.47392047723926,6,319.2,1,0.0
30,24,11,13,6,4.5,0.7857142857142857,1.1956521739130437,72.00683878791425,6,510.90000000000003,1,0.0
42,24,14,10,7,4.25,1.2727272727272727,1.6091954022988506,79.48373923249605,6,233.89999999999998,1,0.0
36,17,7,10,3,4.75,0.6363636363636364,0.7216494845360826,68.93568705662113,2,460.2,1,0.0
42,25,12,13,5,3.5,0.8571428571428571,1.6666666666666665,66.58632883006648,5,357.4,2,0.0
42,22,11,11,9,3.75,0.9166666666666666,1.4285714285714286,72.16423219327328,8,268.7,2,0.0
32,24,14,10,4,6.25,1.2727272727272727,1.1023622047244095,61.30483740482257,5,270.8,3,0.0
41,7,1,6,1,1.5,0.14285714285714285,0.3125,62.78416173514459,3,155.9,0,0.0
41,20,9,11,5,3.25,0.75,1.3432835820895521,72.68438699424044,4,336.40000000000003,3,0.0
34,11,5,6,3,5.0,0.7142857142857143,0.4901960784313726,73.07621642274877,6,371.6,4,0.0
29,11,2,9,1,2.5,0.2,0.3846153846153846,59.74104667851661,3,160.9,1,0.0
22,22,11,11,3,5.75,0.9166666666666666,0.9401709401709403,77.3889236783215,6,322.4,2,0.0
20,8,4,4,3,2.75,0.8,0.7017543859649122,54.27683351721514,1,280.6,3,0.0
24,9,4,5,2,4.0,0.6666666666666666,0.48780487804878053,45.328673584930655,4,355.4,5,0.0
37,12,6,6,4,1.25,0.8571428571428571,2.222222222222222,58.46201162693913,1,265.9,1,0.0
29,17,12,5,6,3.0,2.0,1.9354838709677418,59.94892506399153,3,476.6,2,0.0
27,16,6,10,3,2.75,0.5454545454545454,1.0526315789473684,61.07170337776901,7,373.09999999999997,5,0.0
34,6,4,2,2,2.25,1.3333333333333333,0.851063829787234,47.23931088310571,3,131.1,1,0.0
25,24,8,16,4,6.0,0.47058823529411764,0.6557377049180328,71.19294678353836,8,188.3,1,0.0
18,16,7,9,6,5.0,0.7,0.6862745098039216,69.07892044881825,6,359.6,1,0.0
36,14,10,4,6,4.5,2.0,1.0869565217391306,73.55756861522946,5,358.2,1,0.0
32,12,8,4,2,3.25,1.6,1.1940298507462686,65.35442486735182,5,470.29999999999995,1,0.0
30,21,8,13,5,4.25,0.5714285714285714,0.9195402298850576,62.338702034884754,6,614.0,2,0.0
43,13,8,5,4,4.25,1.3333333333333333,0.9195402298850576,67.94967146112742,5,362.3,5,0.0
18,23,15,8,7,3.5,1.6666666666666667,2.0833333333333335,59.66571489803803,6,368.5,1,0.0
41,5,4,1,2,1.0,2.0,1.8181818181818181,50.921497391967534,2,96.9,0,0.0
31,20,12,8,7,4.5,1.3333333333333333,1.3043478260869565,64.18098823034373,7,225.2,4,0.0
29,8,5,3,3,2.0,1.25,1.1904761904761905,32.54182403350466,2,75.5,1,0.0
44,18,8,10,2,2.75,0.7272727272727273,1.4035087719298245,82.12421453919869,5,230.10000000000002,1,0.0
29,15,3,12,2,5.0,0.23076923076923078,0.29411764705882354,77.50070836678896,6,341.2,5,0.0
38,5,1,4,1,1.0,0.2,0.45454545454545453,53.778626367895086,2,96.0,2,0.0
27,18,9,9,3,3.5,0.9,1.25,73.72313763478223,8,411.9,3,0.0
35,7,5,2,4,1.5,1.6666666666666667,1.5625,48.103847912723275,2,308.7,0,0.0
21,17,10,7,6,8.25,1.25,0.5988023952095809,84.98119417210862,6,524.6,4,0.0
26,21,7,14,3,6.75,0.4666666666666667,0.5109489051094891,69.6026704031856,7,267.1,3,0.0
18,23,15,8,6,4.5,1.6666666666666667,1.6304347826086958,63.48566808424253,6,565.0,3,0.0
43,19,13,6,7,5.0,1.8571428571428572,1.2745098039215688,72.05265253710516,4,315.6,1,0.0
44,5,1,4,0,1.5,0.2,0.3125,63.9063511378037,1,124.3,1,1.0
34,12,6,6,2,6.5,0.8571428571428571,0.4545454545454546,72.39278002124843,4,133.1,1,0.0
17,26,12,14,6,7.0,0.8,0.8450704225352114,80.93330944799018,6,530.0,10,0.0
24,4,1,3,0,4.0,0.25,0.12195121951219513,46.241623569618426,1,167.6,0,1.0
32,12,7,5,2,3.25,1.1666666666666667,1.044776119402985,61.35592025599371,3,267.8,1,0.0
31,11,3,8,3,4.75,0.3333333333333333,0.30927835051546393,65.74863649520701,2,150.2,1,0.0
16,6,5,1,1,2.5,2.5,0.9615384615384615,59.312611315015126,2,166.9,0,0.0
33,20,11,9,5,3.75,1.1,1.4285714285714286,65.54819350362126,6,256.40000000000003,5,0.0
28,24,9,15,4,7.5,0.5625,0.5921052631578948,74.40658402792009,7,375.5,4,0.0
28,15,9,6,8,4.0,1.2857142857142858,1.0975609756097562,66.87542645772933,5,271.1,3,0.0
35,17,5,12,3,1.0,0.38461538461538464,2.2727272727272725,62.2822412462541,5,297.3,3,0.0
35,14,7,7,5,3.75,0.875,0.9090909090909091,60.53007643150913,5,213.0,1,0.0
16,6,5,1,2,1.5,2.5,1.5625,40.52012777119091,1,38.8,2,0.0
30,15,8,7,6,4.5,1.0,0.8695652173913044,65.40881204088195,6,478.2,0,0.0
43,6,2,4,0,2.0,0.4,0.47619047619047616,44.491073156317604,0,70.7,0,1.0
27,5,2,3,2,1.75,0.5,0.5405405405405405,60.363669214263034,1,258.3,1,0.0
31,17,8,9,3,2.5,0.8,1.5384615384615383,65.22230186079979,7,240.9,1,0.0
25,15,6,9,2,4.5,0.6,0.6521739130434783,49.25933422406865,2,222.2,4,0.0
25,12,8,4,4,5.5,1.6,0.7142857142857143,76.6157265031479,6,306.8,2,0.0
32,7,4,3,4,1.75,1.0,1.081081081081081,40.66586145532079,2,122.0,1,0.0
17,24,11,13,3,6.5,0.7857142857142857,0.8333333333333334,77.95188759318944,5,245.5,4,0.0
41,9,5,4,3,2.75,1.0,0.8771929824561403,38.03807896884375,0,166.3,1,0.0
29,18,9,9,3,3.0,0.9,1.4516129032258065,56.17616501393281,5,324.70000000000005,4,0.0
28,19,9,10,5,2.5,0.8181818181818182,1.7307692307692306,61.711689417558745,1,155.9,4,0.0
29,20,9,11,1,4.75,0.75,0.9278350515463918,71.71069609374909,4,468.7,3,0.0
40,22,11,11,8,3.0,0.9166666666666666,1.7741935483870968,67.95345593080573,5,199.0,2,0.0
30,8,4,4,0,1.75,0.8,1.081081081081081,43.35999592374088,3,124.3,1,1.0
36,16,11,5,4,3.25,1.8333333333333333,1.6417910447761193,66.21201931037075,3,388.4,3,0.0
41,16,6,10,4,3.25,0.5454545454545454,0.8955223880597015,65.25773792495653,3,369.4,0,0.0
38,13,9,4,6,2.0,1.8,2.142857142857143,62.134389029074924,2,463.6,3,0.0
38,16,9,7,6,4.25,1.125,1.0344827586206897,81.83279790486003,6,429.4,4,0.0
29,7,2,5,1,2.75,0.3333333333333333,0.3508771929824561,54.925073264596584,4,174.9,1,0.0
25,22,11,11,4,3.0,0.9166666666666666,1.7741935483870968,59.82868808277201,5,353.8,2,0.0
32,17,10,7,8,4.75,1.25,1.0309278350515465,75.50704912764874,7,585.7,2,0.0
36,9,5,4,2,1.75,1.0,1.3513513513513513,51.47862400918066,2,138.6,1,0.0
22,12,7,5,4,1.25,1.1666666666666667,2.5925925925925926,47.32840508930979,4,228.2,0,0.0
16,18,9,9,3,5.0,0.9,0.8823529411764707,72.52403467404756,8,421.1,0,0.0
28,25,8,17,2,5.25,0.4444444444444444,0.7476635514018692,69.83383263808128,7,570.7,2,0.0
36,27,11,16,5,4.75,0.6470588235294118,1.1340206185567012,82.12956967601784,5,501.5,2,0.0
40,9,8,1,5,2.75,4.0,1.4035087719298245,51.864125432159696,1,239.8,2,0.0
43,12,8,4,4,4.5,1.6,0.8695652173913044,65.89710043046625,6,440.8,1,0.0
42,20,9,11,5,4.25,0.75,1.0344827586206897,61.2853336768811,3,240.7,2,0.0
40,24,7,17,3,5.25,0.3888888888888889,0.6542056074766356,67.95865897850285,5,714.8,4,0.0
40,21,10,11,7,5.25,0.8333333333333334,0.9345794392523366,68.48546025300756,7,298.4,1,0.0
44,12,5,7,2,4.25,0.625,0.574712643678161,65.46459368719937,3,489.1,2,0.0
26,11,4,7,2,2.25,0.5,0.851063829787234,57.93024815231226,3,179.1,3,0.0
39,13,6,7,1,3.75,0.75,0.7792207792207793,51.56292389576145,2,323.5,1,0.0
22,8,3,5,3,1.25,0.5,1.111111111111111,51.34875377140004,3,128.1,0,0.0
37,16,10,6,5,4.25,1.4285714285714286,1.149425287356322,62.3348000788651,4,182.8,2,0.0
43,10,5,5,4,2.25,0.8333333333333334,1.0638297872340425,52.626357458677326,6,243.4,3,0.0
20,15,7,8,2,3.25,0.7777777777777778,1.044776119402985,65.38122902957464,4,191.2,3,0.0
42,26,17,9,5,5.25,1.7,1.5887850467289721,73.93456736558608,8,426.6,8,0.0
33,13,7,6,6,3.5,1.0,0.9722222222222222,63.75162819534425,4,350.7,3,0.0
26,19,9,10,5,3.25,0.8181818181818182,1.3432835820895521,80.70485464295098,4,210.29999999999998,3,0.0
30,14,6,8,2,4.5,0.6666666666666666,0.6521739130434783,74.09691183896467,2,157.29999999999998,1,0.0
33,15,8,7,6,3.25,1.0,1.1940298507462686,57.0566909730487,3,171.7,4,0.0
40,20,9,11,5,4.0,0.75,1.0975609756097562,76.75581845455258,8,634.3,0,0.0
32,20,10,10,7,3.0,0.9090909090909091,1.6129032258064515,74.77886243503373,4,373.8,5,0.0
43,23,9,14,3,4.75,0.6,0.9278350515463918,68.95324917755462,6,432.9,3,0.0
37,11,5,6,3,4.25,0.7142857142857143,0.574712643678161,59.84193686479755,3,429.1,1,0.0
30,17,7,10,4,5.25,0.6363636363636364,0.6542056074766356,76.10881130331943,8,449.9,2,0.0
36,18,8,10,2,4.0,0.7272727272727273,0.9756097560975611,80.69047407130468,5,433.2,1,0.0
24,18,9,9,4,4.75,0.9,0.9278350515463918,57.09495890566737,6,437.2,5,0.0
25,15,8,7,4,5.0,1.0,0.7843137254901962,58.97899742718243,7,232.7,2,0.0
16,19,6,13,1,4.5,0.42857142857142855,0.6521739130434783,69.39450931844888,6,314.7,4,0.0
28,10,7,3,3,2.0,1.75,1.6666666666666665,59.190337655962985,3,146.89999999999998,0,0.0
41,26,10,16,6,4.25,0.5882352941176471,1.149425287356322,72.74272404594775,4,425.5,2,0.0
20,11,5,6,3,2.5,0.7142857142857143,0.9615384615384615,56.900180135742595,3,322.70000000000005,1,0.0
23,9,4,5,2,2.5,0.6666666666666666,0.7692307692307692,64.9552032607265,4,335.9,2,0.0
43,17,8,9,2,3.75,0.8,1.0389610389610389,56.73241821359589,5,136.79999999999998,4,0.0
38,16,11,5,7,5.5,1.8333333333333333,0.9821428571428572,76.48780395374192,7,517.8,2,0.0
33,11,4,7,2,1.75,0.5,1.081081081081081,58.63883239915282,1,136.70000000000002,2,0.0
20,13,6,7,3,1.75,0.75,1.6216216216216215,61.682825772507606,2,415.2,4,0.0
23,17,8,9,4,2.75,0.8,1.4035087719298245,77.44060445148199,4,233.1,5,0.0
25,12,8,4,2,2.75,1.6,1.4035087719298245,52.440175662874886,2,309.8,2,0.0
23,18,7,11,1,4.0,0.5833333333333334,0.853658536585366,65.99231723143816,8,382.40000000000003,2,0.0
44,9,3,6,2,2.75,0.42857142857142855,0.5263157894736842,64.56852223962655,1,122.89999999999999,3,0.0
26,17,8,9,6,6.75,0.8,0.5839416058394161,66.88420070252046,7,217.1,4,0.0
44,13,7,6,2,3.5,1.0,0.9722222222222222,61.32931302945837,3,118.8,4,0.0
22,20,11,9,3,4.75,1.1,1.1340206185567012,71.75195915683726,5,360.8,2,0.0
37,4,1,3,0,1.75,0.25,0.27027027027027023,63.14982425633561,1,36.4,1,1.0
16,7,3,4,1,4.25,0.6,0.3448275862068966,71.17738140970422,6,190.6,4,0.0
16,22,9,13,4,4.5,0.6428571428571429,0.9782608695652175,69.27737305427871,4,393.4,2,0.0
44,19,10,9,4,4.75,1.0,1.0309278350515465,72.18092517611774,7,583.7,0,0.0
27,14,4,10,1,6.25,0.36363636363636365,0.31496062992125984,86.8190645737782,7,282.5,2,0.0
37,12,7,5,3,4.0,1.1666666666666667,0.853658536585366,69.6198159490859,4,231.2,4,0.0
38,4,4,0,1,3.25,4.0,0.5970149253731343,55.6969906300734,4,232.9,1,0.0
29,19,10,9,7,5.0,1.0,0.9803921568627452,56.13544243121222,4,159.1,5,0.0
26,28,17,11,7,2.75,1.4166666666666667,2.982456140350877,70.41957529122041,4,574.6,5,0.0
29,8,3,5,0,3.75,0.5,0.38961038961038963,67.7578361949648,3,185.0,2,1.0
23,8,1,7,0,6.5,0.125,0.07575757575757576,64.36011933865079,5,75.3,1,1.0
43,4,3,1,2,1.75,1.5,0.8108108108108107,47.442362448465005,0,104.7,0,0.0
25,19,10,9,3,7.25,1.0,0.6802721088435374,85.03965464281536,3,325.4,5,0.0
44,12,10,2,9,2.0,3.3333333333333335,2.380952380952381,49.46491455496803,2,292.5,1,0.0
23,28,16,12,7,5.5,1.2307692307692308,1.4285714285714286,67.38322545575589,4,544.3,5,0.0
22,18,9,9,4,3.25,0.9,1.3432835820895521,67.7305256388127,6,329.0,2,0.0
17,7,4,3,2,1.5,1.0,1.25,48.14839899293554,2,179.2,0,0.0
40,15,6,9,2,5.0,0.6,0.5882352941176471,76.14584935318655,5,398.5,4,0.0
41,17,8,9,3,2.5,0.8,1.5384615384615383,61.559222439520674,6,306.6,2,0.0
34,5,2,3,0,1.5,0.5,0.625,47.502332645970846,0,91.0,0,1.0
44,14,6,8,4,3.5,0.6666666666666666,0.8333333333333333,60.60244794721976,3,174.3,2,0.0
43,15,8,7,4,3.75,1.0,1.0389610389610389,63.96568316666367,6,148.4,2,0.0
34,15,5,10,4,3.75,0.45454545454545453,0.6493506493506493,69.89378660508712,7,366.5,5,0.0
20,21,9,12,3,3.75,0.6923076923076923,1.1688311688311688,58.27983484293611,6,385.5,2,0.0
41,21,14,7,6,8.0,1.75,0.8641975308641976,73.00816344020659,4,262.7,3,0.0
33,11,5,6,1,4.75,0.7142857142857143,0.5154639175257733,67.83683086594199,4,226.8,1,0.0
38,17,7,10,3,4.25,0.6363636363636364,0.8045977011494253,67.64600612573085,6,295.3,4,0.0
37,16,12,4,4,4.75,2.4,1.2371134020618557,65.11429331576238,3,178.29999999999998,4,0.0
36,15,7,8,2,3.0,0.7777777777777778,1.129032258064516,59.323136857673674,2,386.9,5,0.0
32,13,5,8,2,3.5,0.5555555555555556,0.6944444444444444,49.01802974302396,6,269.8,3,0.0
42,20,9,11,5,4.5,0.75,0.9782608695652175,64.54558955769002,3,392.8,5,0.0
26,12,3,9,0,2.25,0.3,0.6382978723404255,48.74913605797325,3,241.20000000000002,4,1.0
39,13,8,5,6,4.25,1.3333333333333333,0.9195402298850576,70.94262076701985,7,382.8,3,0.0
38,16,10,6,5,4.25,1.4285714285714286,1.149425287356322,72.30550458988704,6,411.40000000000003,4,0.0
36,19,7,12,3,7.0,0.5384615384615384,0.49295774647887325,77.06188149563924,8,293.7,7,0.0
23,16,7,9,3,5.0,0.7,0.6862745098039216,69.49364409539547,3,560.4,2,0.0
22,8,5,3,0,2.0,1.25,1.1904761904761905,50.012847692352125,1,182.0,1,1.0
41,7,5,2,2,2.25,1.6666666666666667,1.0638297872340425,60.87586953618206,2,262.59999999999997,4,0.0
27,11,4,7,1,3.25,0.5,0.5970149253731343,74.99686005835717,5,258.4,1,0.0
32,12,4,8,3,2.5,0.4444444444444444,0.7692307692307692,64.1913319419819,3,126.7,1,0.0
44,8,4,4,0,3.5,0.8,0.5555555555555556,73.14158626290583,2,189.79999999999998,2,1.0
24,18,13,5,4,6.0,2.1666666666666665,1.0655737704918034,76.85764156089007,5,159.1,0,0.0
31,18,8,10,4,3.25,0.7272727272727273,1.1940298507462686,64.7189855490051,5,446.0,2,0.0
37,18,9,9,5,5.0,0.9,0.8823529411764707,75.05144084979744,5,300.1,7,0.0
27,26,16,10,5,5.75,1.4545454545454546,1.3675213675213675,81.01475622869968,6,375.1,2,0.0
26,13,4,9,0,2.0,0.4,0.9523809523809523,77.02178287276887,8,643.1,7,1.0
36,12,7,5,3,3.25,1.1666666666666667,1.044776119402985,77.14001739811147,3,457.7,0,0.0
22,4,1,3,0,4.25,0.25,0.1149425287356322,58.25916679531796,3,149.1,3,1.0
41,11,5,6,4,2.5,0.7142857142857143,0.9615384615384615,59.97399232909304,2,161.0,0,0.0
37,24,9,15,5,6.25,0.5625,0.7086614173228347,75.87445668330736,7,239.4,4,0.0
42,13,9,4,4,2.25,1.8,1.9148936170212765,63.334297457280535,2,379.4,1,0.0
38,16,7,9,4,2.75,0.7,1.2280701754385965,65.36486228724515,5,364.2,3,0.0
24,18,10,8,4,3.25,1.1111111111111112,1.4925373134328357,50.692085602600955,5,286.7,1,0.0
20,22,14,8,8,5.25,1.5555555555555556,1.3084112149532712,59.33049925092213,4,396.2,4,0.0
40,7,2,5,1,2.75,0.3333333333333333,0.3508771929824561,61.67883409916479,3,382.6,2,0.0
25,14,10,4,4,2.5,2.0,1.923076923076923,52.003898304549374,5,331.5,3,0.0
19,27,12,15,5,5.25,0.75,1.1214953271028039,73.72300339002665,4,356.2,2,0.0
32,9,5,4,2,3.5,1.0,0.6944444444444444,74.23259075075212,7,466.5,0,0.0
30,11,3,8,2,3.25,0.3333333333333333,0.44776119402985076,58.66583124476415,1,171.9,1,0.0
40,18,11,7,4,4.25,1.375,1.264367816091954,66.88728649543508,4,324.9,0,0.0
37,6,1,5,0,4.5,0.16666666666666666,0.10869565217391305,75.8172259386933,1,126.5,0,1.0
36,15,7,8,4,5.5,0.7777777777777778,0.625,70.25911179486644,5,204.6,2,0.0
31,22,15,7,6,2.75,1.875,2.631578947368421,56.10245015022841,3,204.2,2,0.0
41,23,11,12,7,3.75,0.8461538461538461,1.4285714285714286,75.36290222986129,5,131.5,3,0.0
44,13,6,7,1,3.25,0.75,0.8955223880597015,62.216855331290986,1,249.8,3,0.0
39,22,13,9,6,2.5,1.3,2.5,63.6464882531723,4,229.89999999999998,2,0.0
24,19,6,13,4,3.5,0.42857142857142855,0.8333333333333333,50.235008527773594,4,235.2,3,0.0
16,15,7,8,3,2.0,0.7777777777777778,1.6666666666666665,69.67780184454769,3,151.4,3,0.0
44,17,11,6,4,5.5,1.5714285714285714,0.9821428571428572,67.35722150900753,5,276.59999999999997,1,0.0
26,14,7,7,2,3.75,0.875,0.9090909090909091,81.80853926319458,6,212.39999999999998,1,0.0
29,16,10,6,6,2.25,1.4285714285714286,2.127659574468085,60.04651074056502,6,534.2,1,0.0
43,9,6,3,4,2.0,1.5,1.4285714285714286,59.271249484535765,0,91.69999999999999,0,0.0
31,18,8,10,7,5.5,0.7272727272727273,0.7142857142857143,66.2793843453633,6,400.6,1,0.0
40,20,14,6,8,3.5,2.0,1.9444444444444444,57.836938017506355,6,154.3,3,0.0
19,10,4,6,2,4.5,0.5714285714285714,0.4347826086956522,72.11167584849801,5,372.7,0,0.0
21,16,7,9,4,4.0,0.7,0.853658536585366,67.17022527754114,5,304.0,2,0.0
17,8,3,5,1,1.75,0.5,0.8108108108108107,52.436751873026964,0,122.5,0,0.0
44,26,11,15,6,3.0,0.6875,1.7741935483870968,64.10787501053174,7,349.2,2,0.0
26,16,7,9,3,2.75,0.7,1.2280701754385965,57.55772089969388,2,244.29999999999998,0,0.0
26,17,7,10,5,4.25,0.6363636363636364,0.8045977011494253,78.56142175101441,7,332.3,4,0.0
22,15,3,12,2,4.0,0.23076923076923078,0.3658536585365854,54.96148825961896,6,234.10000000000002,1,0.0
19,20,11,9,8,5.25,1.1,1.0280373831775702,75.89043421609533,8,244.70000000000002,2,0.0
19,12,6,6,3,3.0,0.8571428571428571,0.9677419354838709,69.99131530105555,6,452.9,4,0.0
27,11,5,6,3,2.75,0.7142857142857143,0.8771929824561403,,3,161.4,2,0.0
42,18,11,7,4,4.0,1.375,1.3414634146341464,74.71726493294463,5,447.0,6,0.0
27,22,14,8,10,5.25,1.5555555555555556,1.3084112149532712,63.56272127917739,4,391.7,1,0.0
27,25,15,10,4,5.5,1.3636363636363635,1.3392857142857144,72.76699248791626,3,539.2,0,0.0
28,12,8,4,3,8.25,1.6,0.47904191616766467,68.8114027126409,6,455.2,3,0.0
24,28,9,19,5,4.25,0.45,1.0344827586206897,84.32917910840997,5,990.1,3,0.0
33,11,6,5,6,3.0,1.0,0.9677419354838709,55.16039745964035,3,176.7,2,0.0
26,7,4,3,0,3.5,1.0,0.5555555555555556,60.794702034944706,6,288.9,0,1.0
29,26,14,12,8,5.5,1.0769230769230769,1.25,82.06968274408847,5,587.4,4,0.0
37,14,8,6,4,5.0,1.1428571428571428,0.7843137254901962,61.09028047602935,6,434.8,3,0.0
22,24,8,16,1,5.25,0.47058823529411764,0.7476635514018692,66.4757311011998,7,148.9,5,0.0
37,8,5,3,3,1.5,1.25,1.5625,50.94210895287171,3,146.8,1,0.0
36,17,4,13,0,4.75,0.2857142857142857,0.4123711340206186,79.10437923427459,6,371.1,2,1.0
36,21,9,12,4,5.5,0.6923076923076923,0.8035714285714286,78.38088756834964,3,362.79999999999995,3,0.0
37,4,3,1,0,0.5,1.5,2.5,49.12710027526871,0,42.7,1,1.0
16,8,4,4,4,2.5,0.8,0.7692307692307692,49.356561708245145,3,271.7,1,0.0
32,26,16,10,10,5.0,1.4545454545454546,1.5686274509803924,86.78238415716669,6,540.3,3,0.0
29,6,2,4,0,0.75,0.4,1.1764705882352942,47.962142848790116,1,123.6,0,1.0
27,20,12,8,4,2.5,1.3333333333333333,2.3076923076923075,66.09897432483199,2,295.9,3,0.0
31,17,7,10,1,5.75,0.6363636363636364,0.5982905982905983,76.63502760165746,7,76.8,1,0.0
26,19,9,10,6,3.5,0.8181818181818182,1.25,55.62268066439832,6,348.7,1,0.0
36,12,6,6,3,2.0,0.8571428571428571,1.4285714285714286,64.60644624091617,4,370.5,5,0.0
30,19,10,9,5,4.25,1.0,1.149425287356322,79.8410093995061,7,325.1,4,0.0
19,9,3,6,0,2.5,0.42857142857142855,0.5769230769230769,49.379988126277766,6,151.1,1,1.0
36,17,12,5,6,4.0,2.0,1.4634146341463417,68.01316203017278,4,305.0,3,0.0
25,17,7,10,2,3.75,0.6363636363636364,0.9090909090909091,72.46274655724656,5,395.8,1,0.0
26,10,5,5,3,5.25,0.8333333333333334,0.4672897196261683,71.24341194278179,6,162.1,4,0.0
27,9,3,6,0,2.0,0.42857142857142855,0.7142857142857143,60.22676269787153,4,233.4,2,1.0
25,18,11,7,4,4.0,1.375,1.3414634146341464,58.68916765953062,5,291.1,3,0.0
37,16,6,10,1,3.5,0.5454545454545454,0.8333333333333333,60.80900140533856,3,268.4,0,0.0
18,7,4,3,2,1.75,1.0,1.081081081081081,54.43011698460245,3,101.4,1,0.0
26,15,7,8,3,4.75,0.7777777777777778,0.7216494845360826,68.24279677168805,6,343.9,1,0.0
30,18,8,10,5,5.5,0.7272727272727273,0.7142857142857143,71.55613950869022,7,390.9,6,0.0
24,13,6,7,5,3.75,0.75,0.7792207792207793,69.00202259205203,2,435.79999999999995,3,0.0
25,30,12,18,7,4.0,0.631578947368421,1.4634146341463417,78.50964596379902,7,517.2,4,0.0
27,13,8,5,5,3.5,1.3333333333333333,1.1111111111111112,79.94791311480208,6,460.90000000000003,6,0.0
43,20,6,14,2,3.5,0.4,0.8333333333333333,67.7482129285856,6,231.4,4,0.0
44,22,13,9,6,3.0,1.3,2.096774193548387,60.83951849637069,5,270.8,3,0.0
32,14,5,9,2,3.75,0.5,0.6493506493506493,64.12549025842979,4,229.9,3,0.0
16,11,7,4,0,3.25,1.4,1.044776119402985,46.81854147710473,3,168.9,1,1.0
27,10,6,4,1,2.5,1.2,1.1538461538461537,65.87341069314752,2,219.0,1,0.0
39,12,7,5,5,1.75,1.1666666666666667,1.8918918918918919,66.65560896210798,5,418.09999999999997,2,0.0
17,7,1,6,0,3.0,0.14285714285714285,0.16129032258064516,57.52867318202291,0,71.7,0,1.0
42,7,4,3,2,3.75,1.0,0.5194805194805194,61.4129158425768,1,180.4,1,0.0
31,25,10,15,5,4.0,0.625,1.2195121951219514,63.18460333711527,4,160.1,1,0.0
18,25,13,12,9,5.75,1.0,1.1111111111111112,76.87381699238254,8,509.3,1,0.0
29,16,9,7,6,4.25,1.125,1.0344827586206897,72.19514694099861,6,533.1,0,0.0
42,19,10,9,5,4.75,1.0,1.0309278350515465,70.31294436153252,4,352.8,1,0.0
44,18,9,9,3,2.5,0.9,1.7307692307692306,61.908500063132735,3,449.8,1,0.0
30,17,5,12,3,2.75,0.38461538461538464,0.8771929824561403,59.79428590847752,4,194.8,1,0.0
41,15,7,8,3,4.25,0.7777777777777778,0.8045977011494253,73.85368510076891,5,341.1,4,0.0
20,15,9,6,6,2.5,1.2857142857142858,1.7307692307692306,58.91004938336123,5,215.5,2,0.0
25,21,10,11,7,4.0,0.8333333333333334,1.2195121951219514,69.62031998179054,5,419.5,2,0.0
23,15,8,7,3,3.75,1.0,1.0389610389610389,64.87495694570194,6,361.2,4,0.0
30,17,12,5,5,5.0,2.0,1.1764705882352942,73.70616429065947,8,500.5,1,0.0
21,15,10,5,4,5.75,1.6666666666666667,0.8547008547008548,70.37190809711244,7,318.5,6,0.0
20,24,9,15,4,5.75,0.5625,0.7692307692307693,68.97592631692434,6,264.2,4,0.0
44,17,7,10,4,2.25,0.6363636363636364,1.4893617021276595,47.59122052077956,2,175.7,0,0.0
22,14,5,9,2,2.25,0.5,1.0638297872340425,65.44051662864233,3,405.7,3,0.0
28,16,9,7,6,2.75,1.125,1.5789473684210527,64.85796545817192,6,269.0,2,0.0
30,9,6,3,0,3.25,1.5,0.8955223880597015,54.61313625281218,3,246.8,5,1.0
30,18,6,12,4,4.0,0.46153846153846156,0.7317073170731708,66.92436843257865,7,194.6,4,0.0
22,18,14,4,8,4.5,2.8,1.5217391304347827,66.94486254080489,6,126.9,3,0.0
27,15,10,5,7,2.5,1.6666666666666667,1.923076923076923,67.84382669495476,4,290.5,2,0.0
16,9,2,7,2,4.25,0.25,0.2298850574712644,49.79604716582324,2,302.1,0,0.0
40,5,4,1,0,1.0,2.0,1.8181818181818181,53.401873558829095,1,111.3,2,1.0
24,19,9,10,5,5.75,0.8181818181818182,0.7692307692307693,80.1798191282704,8,584.8,6,0.0
23,8,5,3,1,1.75,1.25,1.3513513513513513,67.64648310618426,4,308.2,3,0.0
29,9,4,5,4,2.75,0.6666666666666666,0.7017543859649122,69.47047528900836,3,225.1,4,0.0
23,10,7,3,5,2.0,1.75,1.6666666666666665,51.85937952993558,3,156.9,4,0.0
27,11,6,5,5,2.25,1.0,1.276595744680851,39.653512493290904,2,133.6,0,0.0
26,22,12,10,5,3.75,1.0909090909090908,1.5584415584415585,71.06572844563627,5,262.5,1,0.0
31,15,9,6,5,4.75,1.2857142857142858,0.9278350515463918,68.86833730292396,4,487.3,4,0.0
34,13,8,5,4,3.75,1.3333333333333333,1.0389610389610389,64.88545774326819,4,324.4,2,0.0
30,21,9,12,8,5.25,0.6923076923076923,0.8411214953271029,74.93530917069538,5,401.2,3,0.0
25,8,5,3,3,3.25,1.25,0.7462686567164178,44.540535909086145,3,341.3,1,0.0
17,12,2,10,1,4.25,0.18181818181818182,0.2298850574712644,79.58019745722603,2,282.9,3,0.0
32,3,1,2,1,0.5,0.3333333333333333,0.8333333333333334,38.667390592111666,1,33.3,0,0.0
42,15,6,9,2,2.0,0.6,1.4285714285714286,70.66447027863155,5,375.6,1,0.0
27,24,13,11,5,5.5,1.0833333333333333,1.1607142857142858,70.18692408670394,6,511.7,2,0.0
25,20,14,6,6,3.25,2.0,2.08955223880597,56.80128558997735,6,301.4,3,0.0
41,25,15,10,7,7.5,1.3636363636363635,0.986842105263158,78.33085595641606,4,302.5,7,0.0
43,12,5,7,1,2.0,0.625,1.1904761904761905,54.52036520871209,2,144.0,1,0.0
22,4,1,3,0,2.75,0.25,0.17543859649122806,44.52782861595573,1,121.60000000000001,2,1.0
40,8,7,1,3,2.5,3.5,1.346153846153846,56.59136021610231,3,156.0,0,0.0
32,14,9,5,5,3.25,1.5,1.3432835820895521,72.15470637802187,7,267.4,3,0.0
21,27,11,16,7,4.25,0.6470588235294118,1.264367816091954,80.69571470306371,6,273.3,4,0.0
36,19,12,7,5,4.5,1.5,1.3043478260869565,61.83191188662829,8,248.9,3,0.0
34,23,13,10,7,4.5,1.1818181818181819,1.4130434782608696,69.74054513777675,6,305.7,1,0.0
29,15,9,6,5,4.25,1.2857142857142858,1.0344827586206897,68.83091646069806,6,322.5,3,0.0
29,10,7,3,3,3.25,1.75,1.044776119402985,65.12786450265308,4,594.6,2,0.0
33,16,8,8,3,3.5,0.8888888888888888,1.1111111111111112,54.27116751027904,4,179.6,1,0.0
17,14,7,7,5,3.25,0.875,1.044776119402985,45.31461695534463,4,259.1,2,0.0
23,24,14,10,8,4.5,1.2727272727272727,1.5217391304347827,81.09779316899404,8,301.1,4,0.0
26,9,2,7,0,2.25,0.25,0.425531914893617,60.60162910934889,4,243.39999999999998,1,1.0
30,13,4,9,3,4.0,0.4,0.48780487804878053,47.10204779664678,5,426.8,0,0.0
16,18,10,8,4,3.0,1.1111111111111112,1.6129032258064515,49.327511275964525,4,830.3,1,0.0
21,10,4,6,3,5.0,0.5714285714285714,0.3921568627450981,74.85770796101502,6,433.3,6,0.0
43,20,11,9,2,3.5,1.1,1.5277777777777777,64.85138916925983,3,264.7,4,0.0
34,9,8,1,1,2.75,4.0,1.4035087719298245,64.77799105896734,4,438.5,3,0.0
17,27,14,13,6,5.25,1.0,1.3084112149532712,74.7641636070649,8,492.5,4,0.0
38,14,7,7,2,4.5,0.875,0.7608695652173914,84.16995774590544,6,456.2,1,0.0
27,18,9,9,6,6.25,0.9,0.7086614173228347,80.81732140041144,8,268.59999999999997,6,0.0
19,13,6,7,1,2.25,0.75,1.276595744680851,64.56429521358812,2,211.0,0,0.0
23,8,4,4,0,3.75,0.8,0.5194805194805194,51.50033259446962,0,148.5,2,1.0
38,4,3,1,1,2.0,1.5,0.7142857142857143,41.447751430624834,0,121.10000000000001,1,0.0
32,10,5,5,3,2.75,0.8333333333333334,0.8771929824561403,62.6639089518463,2,155.0,2,0.0
28,20,7,13,3,4.75,0.5,0.7216494845360826,80.915804056084,6,251.6,3,0.0
24,13,7,6,5,4.25,1.0,0.8045977011494253,65.13871640128043,2,268.1,1,0.0
43,13,4,9,2,4.75,0.4,0.4123711340206186,72.69571455146638,6,229.5,3,0.0
39,7,3,4,1,2.5,0.6,0.5769230769230769,54.18114413711396,3,183.6,0,0.0
38,26,18,8,11,4.75,2.0,1.8556701030927836,73.82804493545792,6,403.7,5,0.0
37,18,10,8,6,4.5,1.1111111111111112,1.0869565217391306,65.47970206123765,5,404.5,0,0.0
40,10,5,5,3,3.5,0.8333333333333334,0.6944444444444444,44.055453117355135,2,262.1,1,0.0
28,15,6,9,5,4.75,0.6,0.6185567010309279,69.43784354870444,4,422.7,1,0.0
37,21,10,11,4,5.0,0.8333333333333334,0.9803921568627452,59.92043444662746,4,363.7,5,0.0
43,18,6,12,3,3.0,0.46153846153846156,0.9677419354838709,42.694192712952756,2,227.6,3,0.0
20,9,2,7,0,3.75,0.25,0.2597402597402597,68.16374663474282,5,335.9,3,1.0
30,2,2,0,0,2.0,2.0,0.47619047619047616,52.60636277476465,1,148.1,2,1.0
31,6,1,5,0,2.75,0.16666666666666666,0.17543859649122806,67.07928025910323,2,162.0,0,1.0
18,22,12,10,4,5.75,1.0909090909090908,1.0256410256410258,83.01301409448342,8,389.0,4,0.0
32,8,3,5,0,5.75,0.5,0.25641025641025644,64.02735213823313,2,232.0,2,1.0
33,21,10,11,6,6.75,0.8333333333333334,0.7299270072992701,79.99785989280905,8,358.5,5,0.0
37,18,7,11,4,3.75,0.5833333333333334,0.9090909090909091,70.74352114835357,7,274.7,5,0.0
22,18,5,13,1,3.25,0.35714285714285715,0.7462686567164178,54.18500493851368,2,322.8,2,0.0
40,4,2,2,0,3.25,0.6666666666666666,0.29850746268656714,90.360415434083,2,139.2,1,1.0
20,12,7,5,4,5.0,1.1666666666666667,0.6862745098039216,75.83809734941094,7,289.8,3,0.0
40,19,12,7,5,4.75,1.5,1.2371134020618557,75.10484473447872,7,459.7,7,0.0
33,28,16,12,8,8.5,1.2307692307692308,0.9302325581395349,76.73857742249359,7,301.09999999999997,7,0.0
31,21,11,10,6,5.25,1.0,1.0280373831775702,82.60840413702202,7,370.4,3,0.0
32,12,9,3,5,3.5,2.25,1.25,54.149783919968705,3,203.6,1,0.0
44,17,13,4,7,3.25,2.6,1.9402985074626866,68.95722796962572,7,239.1,2,0.0
30,22,8,14,3,4.0,0.5333333333333333,0.9756097560975611,80.89092820327986,7,344.2,8,0.0
31,5,2,3,0,0.75,0.5,1.1764705882352942,51.25005534456482,1,116.2,1,1.0
39,6,1,5,1,1.0,0.16666666666666666,0.45454545454545453,,0,84.5,2,0.0
29,15,4,11,3,1.75,0.3333333333333333,1.081081081081081,64.58586490924068,2,109.8,3,0.0
18,13,6,7,2,1.5,0.75,1.875,48.77392438264738,4,142.4,2,0.0
18,20,9,11,4,5.25,0.75,0.8411214953271029,68.53170648187779,6,566.2,2,0.0
30,11,3,8,3,5.5,0.3333333333333333,0.26785714285714285,61.20482678304198,5,321.0,2,0.0
37,6,2,4,1,3.5,0.4,0.2777777777777778,63.89076271906515,4,170.2,2,0.0
40,14,8,6,3,2.75,1.1428571428571428,1.4035087719298245,59.08478733503031,5,264.8,0,0.0
27,19,9,10,5,3.25,0.8181818181818182,1.3432835820895521,66.08520357127375,5,394.09999999999997,2,0.0
39,5,2,3,2,1.25,0.5,0.7407407407407407,44.79290937400064,2,146.7,1,0.0
25,10,6,4,2,6.75,1.2,0.43795620437956206,71.76917127752623,7,636.1,6,0.0
23,12,5,7,3,3.5,0.625,0.6944444444444444,51.60671099458177,3,137.5,3,0.0
21,21,11,10,6,3.0,1.0,1.7741935483870968,61.007131133601106,5,350.6,3,0.0
28,16,6,10,4,2.75,0.5454545454545454,1.0526315789473684,64.39881958151122,4,389.70000000000005,1,0.0
37,13,4,9,0,5.0,0.4,0.3921568627450981,55.248993703134474,3,305.4,2,1.0
42,7,2,5,0,2.25,0.3333333333333333,0.425531914893617,50.09151020621869,1,60.0,0,1.0
40,7,4,3,2,2.0,1.0,0.9523809523809523,56.23214918992098,0,58.7,1,0.0
25,19,8,11,2,7.25,0.6666666666666666,0.54421768707483,77.7055139764288,6,340.1,4,0.0
25,5,1,4,0,1.75,0.2,0.27027027027027023,47.63471873724454,0,192.1,4,1.0
29,22,11,11,6,5.0,0.9166666666666666,1.0784313725490198,67.6790116515821,3,384.1,1,0.0
41,14,8,6,4,2.25,1.1428571428571428,1.702127659574468,69.54788077430172,5,227.3,2,0.0
30,19,10,9,4,5.0,1.0,0.9803921568627452,58.95905545591089,5,651.2,4,0.0
42,21,11,10,5,5.25,1.0,1.0280373831775702,71.69638350325489,3,343.59999999999997,2,0.0
31,14,6,8,3,4.5,0.6666666666666666,0.6521739130434783,56.32123416523345,4,465.1,0,0.0
22,16,7,9,0,5.0,0.7,0.6862745098039216,72.7744969648857,6,396.4,1,1.0
43,11,6,5,5,5.0,1.0,0.5882352941176471,41.71191063667905,2,317.0,1,0.0
32,33,20,13,10,3.25,1.4285714285714286,2.9850746268656714,81.5650947772977,8,408.3,5,0.0
31,16,7,9,2,4.5,0.7,0.7608695652173914,63.85657591347524,8,402.5,1,0.0
34,20,13,7,6,5.5,1.625,1.1607142857142858,71.49439611372715,5,247.7,4,0.0
42,19,10,9,5,4.75,1.0,1.0309278350515465,66.6639984183767,6,144.6,4,0.0
44,4,1,3,0,2.25,0.25,0.2127659574468085,58.56439124839568,2,195.2,0,1.0
29,13,8,5,4,2.75,1.3333333333333333,1.4035087719298245,68.28215253679662,1,282.4,1,0.0
37,10,6,4,2,2.25,1.2,1.276595744680851,33.30675186944758,1,106.5,2,0.0
21,19,4,15,0,4.0,0.25,0.48780487804878053,73.70656657376006,6,249.4,1,1.0
21,19,10,9,6,4.5,1.0,1.0869565217391306,63.81648123722145,7,347.5,5,0.0
19,5,3,2,2,0.75,1.0,1.7647058823529411,52.60938765363843,2,193.1,3,0.0
40,11,1,10,0,3.25,0.09090909090909091,0.14925373134328357,51.853514279625145,2,88.39999999999999,2,1.0
44,8,1,7,0,2.5,0.125,0.1923076923076923,47.20431513839225,1,62.400000000000006,1,1.0
22,12,7,5,4,3.5,1.1666666666666667,0.9722222222222222,62.195294338256645,3,202.0,3,0.0
22,22,9,13,5,5.0,0.6428571428571429,0.8823529411764707,65.95592002796926,6,454.0,4,0.0
31,20,9,11,5,2.75,0.75,1.5789473684210527,65.98116294174697,6,414.3,1,0.0
23,24,14,10,7,2.5,1.2727272727272727,2.692307692307692,39.23252517932817,4,164.1,3,0.0
34,23,12,11,3,4.5,1.0,1.3043478260869565,72.06224981290107,2,389.8,2,0.0
25,12,7,5,5,1.5,1.1666666666666667,2.1875,50.77458083076977,2,190.9,1,0.0
24,6,3,3,3,1.5,0.75,0.9375,37.68721745976832,0,108.89999999999999,0,0.0
32,27,11,16,3,5.0,0.6470588235294118,1.0784313725490198,78.1874951544228,6,387.1,3,0.0
41,17,8,9,5,5.0,0.8,0.7843137254901962,66.15327367024568,5,395.7,1,0.0
19,20,9,11,2,4.25,0.75,1.0344827586206897,78.32569604418829,6,285.8,1,0.0
37,10,6,4,5,1.75,1.2,1.6216216216216215,52.82601778373042,0,183.0,2,0.0
44,10,5,5,1,2.25,0.8333333333333334,1.0638297872340425,71.64181748190545,2,222.4,4,0.0
16,22,13,9,4,5.5,1.3,1.1607142857142858,58.55694908107658,3,191.0,3,0.0
26,13,5,8,2,3.75,0.5555555555555556,0.6493506493506493,59.13339464949714,7,156.20000000000002,2,0.0
28,9,4,5,1,5.5,0.6666666666666666,0.35714285714285715,62.209482272451815,4,271.9,3,0.0
31,19,8,11,5,4.75,0.6666666666666666,0.8247422680412372,70.75668199882621,5,516.2,3,0.0
25,6,1,5,0,5.75,0.16666666666666666,0.08547008547008547,90.83765095325191,2,164.1,1,1.0
40,9,7,2,5,2.0,2.3333333333333335,1.6666666666666665,51.369233782379126,2,151.1,1,0.0
22,8,2,6,1,3.75,0.2857142857142857,0.2597402597402597,61.20693157178221,1,170.1,2,0.0
17,13,3,10,0,3.25,0.2727272727272727,0.44776119402985076,60.24242113968421,3,275.0,1,1.0
44,12,4,8,2,3.5,0.4444444444444444,0.5555555555555556,76.43358952128676,4,137.7,3,0.0
38,10,5,5,2,1.5,0.8333333333333334,1.5625,45.80977018236622,2,148.9,0,0.0
16,9,5,4,3,2.75,1.0,0.8771929824561403,62.075153418636944,3,212.8,0,0.0
25,13,6,7,4,2.5,0.75,1.1538461538461537,48.601903165606274,1,154.6,2,0.0
38,10,4,6,4,1.25,0.5714285714285714,1.4814814814814814,54.338946175625345,5,375.1,2,0.0
21,6,2,4,1,1.5,0.4,0.625,42.90166863311556,1,166.0,2,0.0
26,8,5,3,2,2.5,1.25,0.9615384615384615,56.30636037132741,3,365.90000000000003,0,0.0
39,10,2,8,1,2.25,0.2222222222222222,0.425531914893617,61.3352149233805,1,147.20000000000002,2,0.0
33,8,3,5,2,2.75,0.5,0.5263157894736842,65.77847790738255,3,220.9,0,0.0
22,27,14,13,5,5.0,1.0,1.3725490196078431,75.22501023966198,5,649.6,2,0.0
27,14,7,7,5,4.25,0.875,0.8045977011494253,73.39535394522449,6,323.8,3,0.0
33,17,7,10,3,3.25,0.6363636363636364,1.044776119402985,56.4228642698022,7,256.7,4,0.0
24,24,13,11,7,4.75,1.0833333333333333,1.3402061855670104,78.70038426496299,6,460.6,6,0.0
21,4,1,3,0,2.25,0.25,0.2127659574468085,38.703443738499026,1,80.8,2,1.0
28,22,12,10,4,5.5,1.0909090909090908,1.0714285714285714,78.46702524407446,7,445.7,3,0.0
31,21,13,8,6,2.75,1.4444444444444444,2.280701754385965,70.41273409520177,6,357.3,3,0.0
43,24,12,12,5,4.75,0.9230769230769231,1.2371134020618557,76.01125425429615,8,449.0,3,0.0
34,20,8,12,4,7.25,0.6153846153846154,0.54421768707483,77.69530177889766,6,349.29999999999995,1,0.0
32,20,10,10,3,5.25,0.9090909090909091,0.9345794392523366,65.23186609744073,5,298.7,5,0.0
26,14,4,10,0,3.0,0.36363636363636365,0.6451612903225806,63.93444235535376,5,473.6,1,1.0
34,5,4,1,2,1.0,2.0,1.8181818181818181,45.84176151435326,3,155.79999999999998,0,0.0
43,14,9,5,4,3.75,1.5,1.1688311688311688,69.8603889889399,6,297.8,2,0.0
39,11,5,6,2,3.75,0.7142857142857143,0.6493506493506493,65.57026876451503,6,383.1,3,0.0
43,25,11,14,4,7.0,0.7333333333333333,0.7746478873239437,69.03593436471839,5,396.0,3,0.0
36,6,4,2,1,2.25,1.3333333333333333,0.851063829787234,45.75683728084364,1,74.8,2,0.0
25,15,4,11,2,5.0,0.3333333333333333,0.3921568627450981,66.06764625327155,6,271.5,3,0.0
33,13,3,10,2,4.5,0.2727272727272727,0.32608695652173914,67.63245590728647,7,265.9,1,0.0
35,13,5,8,1,1.5,0.5555555555555556,1.5625,59.508180451354626,1,156.4,1,0.0
16,13,10,3,7,3.0,2.5,1.6129032258064515,46.59605239004094,2,220.8,2,0.0
17,24,12,12,9,4.25,0.9230769230769231,1.3793103448275863,77.60659709307997,6,216.7,1,0.0
29,18,9,9,5,5.0,0.9,0.8823529411764707,75.61986816644956,5,389.4,3,0.0
18,8,3,5,1,1.25,0.5,1.111111111111111,48.63857017484652,1,216.1,2,0.0
37,7,4,3,3,5.0,1.0,0.3921568627450981,76.65691633270121,6,160.8,2,0.0
22,16,8,8,3,4.5,0.8888888888888888,0.8695652173913044,69.75857593771705,3,351.9,3,0.0
32,9,3,6,3,1.5,0.42857142857142855,0.9375,56.84206712330209,2,180.8,0,0.0
16,6,1,5,0,2.0,0.16666666666666666,0.23809523809523808,53.5059047885016,3,46.2,0,1.0
17,18,10,8,6,2.5,1.1111111111111112,1.923076923076923,76.47121843394193,7,192.8,1,0.0
42,12,5,7,1,1.5,0.625,1.5625,71.25472750491497,3,178.6,0,0.0
39,12,4,8,0,1.0,0.4444444444444444,1.8181818181818181,54.53410748493488,2,79.9,1,1.0
39,18,10,8,6,5.0,1.1111111111111112,0.9803921568627452,89.93984158753352,5,384.5,2,0.0
29,14,10,4,4,2.5,2.0,1.923076923076923,62.88188047226446,6,376.8,2,0.0
36,17,11,6,3,3.25,1.5714285714285714,1.6417910447761193,73.58878229830577,4,359.3,2,0.0
40,15,8,7,2,5.25,1.0,0.7476635514018692,80.50127647221211,6,505.3,2,0.0
31,13,9,4,8,4.5,1.8,0.9782608695652175,62.83582447830764,5,540.5999999999999,0,0.0
24,12,4,8,2,2.0,0.4444444444444444,0.9523809523809523,70.67547090195589,1,212.6,5,0.0
30,25,15,10,7,5.25,1.3636363636363635,1.4018691588785048,77.55314035996918,7,670.1,5,0.0
37,19,12,7,7,5.5,1.5,1.0714285714285714,75.22437561877368,8,445.0,8,0.0
18,27,12,15,5,4.25,0.75,1.3793103448275863,76.07463880746806,8,701.3,2,0.0
36,7,1,6,0,4.25,0.14285714285714285,0.1149425287356322,69.81946253575525,2,153.9,0,1.0
42,11,6,5,3,3.25,1.0,0.8955223880597015,59.08993073589383,5,281.90000000000003,2,0.0
33,2,1,1,0,0.5,0.5,0.8333333333333334,19.502102777556793,0,41.0,0,1.0
44,21,9,12,4,4.75,0.6923076923076923,0.9278350515463918,60.25656620662001,4,382.1,3,0.0
22,24,13,11,8,5.25,1.0833333333333333,1.2149532710280375,71.3380433882805,7,434.1,0,0.0
25,17,6,11,5,3.25,0.5,0.8955223880597015,71.00472974670656,5,175.70000000000002,3,0.0
34,25,18,7,9,6.0,2.25,1.4754098360655739,80.40167388082156,8,756.6,2,0.0
21,7,4,3,3,2.5,1.0,0.7692307692307692,59.70092872905745,5,129.6,1,0.0
35,2,2,0,1,1.0,2.0,0.9090909090909091,39.82651412840084,3,94.1,1,0.0
42,19,11,8,5,3.25,1.2222222222222223,1.6417910447761193,62.7292119801969,2,283.8,3,0.0
44,10,5,5,3,2.5,0.8333333333333334,0.9615384615384615,71.65417922016782,4,268.5,4,0.0
21,17,8,9,5,6.0,0.8,0.6557377049180328,63.37401589865884,8,216.5,3,0.0
36,26,16,10,7,4.25,1.4545454545454546,1.8390804597701151,83.15921077353872,8,154.89999999999998,3,0.0
33,6,2,4,2,2.25,0.4,0.425531914893617,49.81040437428938,3,157.2,1,0.0
21,5,1,4,0,2.75,0.2,0.17543859649122806,54.28091139314512,1,146.5,1,1.0
44,9,5,4,2,4.25,1.0,0.574712643678161,54.7311310076314,3,284.90000000000003,1,0.0
34,14,6,8,3,3.75,0.6666666666666666,0.7792207792207793,71.73362685255259,5,328.6,2,0.0
43,19,11,8,2,7.25,1.2222222222222223,0.7482993197278912,76.81942724386748,6,715.3,8,0.0
21,15,11,4,5,3.0,2.2,1.7741935483870968,66.11882740396413,6,418.2,1,0.0
21,27,14,13,9,6.0,1.0,1.1475409836065575,92.41378816941143,8,324.9,4,0.0
36,20,4,16,4,5.0,0.23529411764705882,0.3921568627450981,74.27861242192898,4,408.6,3,0.0
44,21,12,9,6,6.75,1.2,0.8759124087591241,68.70154768019783,7,316.7,6,0.0
31,12,2,10,0,3.0,0.18181818181818182,0.3225806451612903,51.23321681012609,2,117.6,2,1.0
44,6,3,3,0,3.0,0.75,0.48387096774193544,57.204389764289296,3,138.3,1,1.0
27,19,10,9,6,3.75,1.0,1.2987012987012987,52.37551718612433,3,103.1,2,0.0
26,21,10,11,8,4.75,0.8333333333333334,1.0309278350515465,76.29671502607269,7,621.5,2,0.0
18,16,8,8,4,3.0,0.8888888888888888,1.2903225806451613,60.43269665897383,2,684.4,2,0.0
29,7,4,3,2,3.75,1.0,0.5194805194805194,67.97228186521411,3,230.3,4,0.0
25,6,1,5,1,2.5,0.16666666666666666,0.1923076923076923,72.25908989234378,3,320.3,3,0.0
26,15,10,5,7,3.5,1.6666666666666667,1.3888888888888888,51.93656408413684,3,133.5,2,0.0
28,17,10,7,2,3.75,1.25,1.2987012987012987,70.14824537003267,6,305.6,2,0.0
28,12,7,5,3,3.75,1.1666666666666667,0.9090909090909091,85.02326143331251,5,474.2,1,0.0
27,21,11,10,3,3.75,1.0,1.4285714285714286,73.44047386197387,7,322.8,6,0.0
33,17,11,6,8,4.25,1.5714285714285714,1.264367816091954,68.2607052958416,5,540.9,2,0.0
41,15,6,9,5,3.5,0.6,0.8333333333333333,54.47262388499218,4,606.4,1,0.0
28,14,7,7,4,4.75,0.875,0.7216494845360826,68.8815064191749,6,298.59999999999997,4,0.0
41,18,10,8,7,4.75,1.1111111111111112,1.0309278350515465,70.37926832197348,6,155.0,2,0.0
29,4,1,3,1,0.5,0.25,0.8333333333333334,13.743902435721125,4,66.30000000000001,0,0.0
26,12,4,8,2,4.75,0.4444444444444444,0.4123711340206186,74.9658273817788,6,525.9,1,0.0
18,8,4,4,1,1.75,0.8,1.081081081081081,63.41205162674161,1,224.3,1,0.0
19,22,12,10,7,2.5,1.0909090909090908,2.3076923076923075,64.79484762773775,6,151.5,4,0.0
30,21,13,8,8,5.0,1.4444444444444444,1.2745098039215688,80.45379047683484,4,468.4,4,0.0
43,7,3,4,1,5.75,0.6,0.25641025641025644,73.2056616116992,5,305.5,1,0.0
37,29,14,15,7,2.75,0.875,2.456140350877193,75.12193650067474,8,477.0,0,0.0
35,17,11,6,5,6.0,1.5714285714285714,0.9016393442622951,81.43503750193541,8,1141.0,0,0.0
25,20,10,10,8,5.5,0.9090909090909091,0.8928571428571429,73.04583542127506,7,764.6,4,0.0
32,28,17,11,10,6.25,1.4166666666666667,1.3385826771653544,95.06245253699967,8,482.4,1,0.0
24,16,7,9,3,6.0,0.7,0.5737704918032788,66.4534745149112,7,401.0,4,0.0
26,13,8,5,7,2.75,1.3333333333333333,1.4035087719298245,64.5561309787999,5,196.9,2,0.0
43,10,6,4,2,2.25,1.2,1.276595744680851,59.66397635044555,1,289.8,1,0.0
39,15,6,9,5,4.5,0.6,0.6521739130434783,62.46558330303166,7,437.0,1,0.0
23,22,8,14,3,4.5,0.5333333333333333,0.8695652173913044,61.56929533060667,5,346.3,2,0.0
22,10,5,5,2,3.5,0.8333333333333334,0.6944444444444444,56.216885944203604,5,267.0,4,0.0
28,19,13,6,4,5.25,1.8571428571428572,1.2149532710280375,64.20283948255235,8,538.5,4,0.0
26,15,6,9,2,4.75,0.6,0.6185567010309279,58.44393707442081,3,234.0,2,0.0
17,14,6,8,4,2.25,0.6666666666666666,1.276595744680851,71.266895481731,4,326.4,2,0.0
21,25,12,13,8,4.5,0.8571428571428571,1.3043478260869565,75.9717888933072,7,330.1,1,0.0
29,7,3,4,3,1.5,0.6,0.9375,46.61447267594751,0,103.8,0,0.0
42,18,12,6,8,4.75,1.7142857142857142,1.2371134020618557,73.1918372272409,5,158.2,3,0.0
43,20,8,12,3,4.0,0.6153846153846154,0.9756097560975611,62.73583284038183,6,416.5,2,0.0
28,11,4,7,2,1.0,0.5,1.8181818181818181,59.31299817869787,1,339.09999999999997,3,0.0
24,12,8,4,5,2.0,1.6,1.9047619047619047,57.410346742782934,1,178.4,0,0.0
34,7,2,5,0,1.75,0.3333333333333333,0.5405405405405405,65.19272130990319,2,144.4,0,1.0
31,11,6,5,5,3.25,1.0,0.8955223880597015,60.79734283062904,4,324.09999999999997,3,0.0
21,8,6,2,4,3.5,2.0,0.8333333333333333,49.77340571432082,5,334.3,4,0.0
32,21,10,11,5,4.0,0.8333333333333334,1.2195121951219514,60.25366229036312,4,373.0,4,0.0
35,8,1,7,0,4.25,0.125,0.1149425287356322,53.378853703199496,4,67.2,3,1.0
27,14,7,7,4,4.25,0.875,0.8045977011494253,74.32504232629576,7,283.09999999999997,3,0.0
44,10,3,7,1,4.5,0.375,0.32608695652173914,68.6474448419262,2,170.7,0,0.0
29,15,10,5,4,4.25,1.6666666666666667,1.149425287356322,62.907329890112614,6,230.6,4,0.0
37,7,6,1,2,0.5,3.0,5.0,51.826769354063,0,151.6,0,0.0
34,20,6,14,5,3.75,0.4,0.7792207792207793,70.76833572793281,6,435.59999999999997,2,0.0
25,15,8,7,5,4.25,1.0,0.9195402298850576,63.157546580944015,5,252.60000000000002,4,0.0
25,15,7,8,4,5.25,0.7777777777777778,0.6542056074766356,61.12297949009781,5,253.3,4,0.0
21,7,4,3,2,2.0,1.0,0.9523809523809523,57.778228212051225,2,286.2,1,0.0
38,29,14,15,8,6.5,0.875,1.0606060606060606,76.529894786239,8,570.2,6,0.0
22,10,6,4,2,2.25,1.2,1.276595744680851,57.98520803778271,5,160.2,1,0.0
33,21,9,12,4,5.0,0.6923076923076923,0.8823529411764707,74.87385889028963,7,134.9,1,0.0
40,10,6,4,5,2.75,1.2,1.0526315789473684,63.01100432557775,4,249.5,3,0.0
40,24,12,12,5,4.25,0.9230769230769231,1.3793103448275863,89.08475466263711,8,480.9,3,0.0
27,22,9,13,4,5.25,0.6428571428571429,0.8411214953271029,69.82353106818762,6,398.1,1,0.0
31,18,10,8,4,5.5,1.1111111111111112,0.8928571428571429,88.08185488234582,7,339.4,3,0.0
40,17,11,6,6,3.5,1.5714285714285714,1.5277777777777777,57.636649636303844,6,296.8,1,0.0
44,4,3,1,1,0.25,1.5,4.285714285714286,50.893186918439376,1,82.8,0,0.0
42,13,6,7,3,4.75,0.75,0.6185567010309279,78.22051117146658,7,231.6,2,0.0
28,18,7,11,5,2.25,0.5833333333333334,1.4893617021276595,77.04779928582309,3,357.3,2,0.0
36,11,7,4,6,2.25,1.4,1.4893617021276595,57.76438525843927,4,333.5,2,0.0
24,30,10,20,4,5.25,0.47619047619047616,0.9345794392523366,78.4314961483656,6,334.2,3,0.0
28,10,3,7,3,6.25,0.375,0.2362204724409449,66.31404921681356,6,361.3,1,0.0
27,10,6,4,2,3.0,1.2,0.9677419354838709,58.43588230334454,7,385.8,2,0.0
28,17,6,11,3,4.0,0.5,0.7317073170731708,64.81987971879481,5,284.6,2,0.0
25,18,6,12,0,2.75,0.46153846153846156,1.0526315789473684,61.825626547743866,4,331.7,1,1.0
16,10,7,3,2,2.75,1.75,1.2280701754385965,64.24317230296383,1,120.9,3,0.0
25,17,9,8,3,3.5,1.0,1.25,75.78123469008803,7,198.9,1,0.0
44,18,7,11,5,5.5,0.5833333333333334,0.625,69.59795043562849,7,466.5,2,0.0
41,15,7,8,4,5.75,0.7777777777777778,0.5982905982905983,79.40062075784573,7,384.40000000000003,4,0.0
23,19,7,12,3,4.5,0.5384615384615384,0.7608695652173914,83.25551110917424,6,230.8,1,0.0
37,17,10,7,8,3.75,1.25,1.2987012987012987,67.94339736958109,5,541.2,2,0.0
18,21,14,7,8,5.25,1.75,1.3084112149532712,68.29652941300928,4,216.29999999999998,3,0.0
33,12,5,7,4,1.75,0.625,1.3513513513513513,73.7941992059905,3,156.1,1,0.0
31,24,12,12,8,3.5,0.9230769230769231,1.6666666666666665,72.33797046892815,5,446.4,0,0.0
20,21,13,8,6,4.25,1.4444444444444444,1.4942528735632186,66.22108350468348,6,517.3,1,0.0
19,29,14,15,8,4.5,0.875,1.5217391304347827,73.82920125854785,7,596.7,2,0.0
26,21,14,7,7,4.75,1.75,1.4432989690721651,65.81357171432016,4,423.9,3,0.0
29,9,2,7,1,1.25,0.25,0.7407407407407407,59.8014345471845,1,140.1,4,0.0
43,11,5,6,4,5.25,0.7142857142857143,0.4672897196261683,68.8278048166127,6,162.8,2,0.0
44,15,8,7,4,6.25,1.0,0.6299212598425197,69.75825455624152,4,515.4,6,0.0
28,10,4,6,1,4.0,0.5714285714285714,0.48780487804878053,62.349813124530996,5,433.8,1,0.0
30,8,4,4,3,3.75,0.8,0.5194805194805194,65.23384025445712,2,198.0,4,0.0
43,24,13,11,6,6.5,1.0833333333333333,0.9848484848484849,77.04736921401808,6,432.7,2,0.0
42,9,4,5,3,1.75,0.6666666666666666,1.081081081081081,63.20525950839983,3,263.5,3,0.0
40,7,1,6,0,1.25,0.14285714285714285,0.37037037037037035,72.77082013704145,1,126.0,1,1.0
25,16,12,4,4,3.75,2.4,1.5584415584415585,68.55699504405177,5,368.0,4,0.0
40,23,14,9,10,4.75,1.4,1.4432989690721651,70.97061684884184,6,493.1,3,0.0
19,18,5,13,2,4.0,0.35714285714285715,0.6097560975609757,65.66980732466453,3,315.7,4,0.0
22,13,6,7,3,2.0,0.75,1.4285714285714286,48.10548012562826,1,137.6,2,0.0
20,19,5,14,1,3.5,0.3333333333333333,0.6944444444444444,66.26356450514933,5,238.3,2,0.0
31,20,8,12,6,4.25,0.6153846153846154,0.9195402298850576,71.90032747592558,4,310.9,3,0.0
28,11,2,9,2,3.5,0.2,0.2777777777777778,54.05943515430259,5,166.5,2,0.0
24,15,6,9,0,4.25,0.6,0.6896551724137931,69.41957506488492,2,249.4,1,1.0
20,18,9,9,3,5.5,0.9,0.8035714285714286,66.77268509487438,5,202.1,2,0.0
33,19,7,12,4,5.25,0.5384615384615384,0.6542056074766356,67.48377758687897,6,882.4,3,0.0
18,18,6,12,3,4.25,0.46153846153846156,0.6896551724137931,67.04218893202702,8,272.2,3,0.0
30,17,12,5,4,4.0,2.0,1.4634146341463417,73.19544595542386,6,239.3,4,0.0
32,28,18,10,10,3.75,1.6363636363636365,2.3376623376623376,70.95960440780986,6,219.0,3,0.0
28,15,9,6,3,2.5,1.2857142857142858,1.7307692307692306,66.0337669437061,7,560.4,1,0.0
37,3,1,2,0,2.25,0.3333333333333333,0.2127659574468085,46.4961893159416,3,127.5,1,1.0
36,21,14,7,5,4.0,1.75,1.707317073170732,80.18763142010923,4,416.1,1,0.0
30,11,7,4,4,3.25,1.4,1.044776119402985,63.13581026724981,3,141.3,3,0.0
18,12,7,5,4,2.25,1.1666666666666667,1.4893617021276595,59.96031394601425,2,145.70000000000002,1,0.0
17,21,11,10,5,3.75,1.0,1.4285714285714286,61.494622171524284,3,255.60000000000002,3,0.0
26,6,2,4,2,2.25,0.4,0.425531914893617,58.87327168119297,2,194.1,2,0.0
38,8,4,4,3,4.25,0.8,0.4597701149425288,70.82057187371467,4,275.3,2,0.0
25,4,2,2,1,1.75,0.6666666666666666,0.5405405405405405,56.29087180296594,2,175.2,2,0.0
17,19,9,10,5,3.0,0.8181818181818182,1.4516129032258065,71.51718290507773,5,581.0,3,0.0
35,3,2,1,0,1.0,1.0,0.9090909090909091,36.21353619784671,0,92.3,0,1.0
28,12,7,5,3,3.5,1.1666666666666667,0.9722222222222222,59.054756403652966,3,433.9,2,0.0
36,16,5,11,3,4.25,0.4166666666666667,0.574712643678161,66.12353558260855,4,338.7,5,0.0
28,17,13,4,8,5.25,2.6,1.2149532710280375,62.839459985359724,3,441.9,3,0.0
35,19,11,8,8,2.75,1.2222222222222223,1.9298245614035088,50.75765043425629,4,329.2,2,0.0
33,10,3,7,2,2.5,0.375,0.5769230769230769,55.988396354163164,4,117.4,3,0.0
35,8,6,2,2,4.0,2.0,0.7317073170731708,72.07640458819387,2,147.70000000000002,1,0.0
36,17,10,7,7,4.5,1.25,1.0869565217391306,90.99087691209415,5,541.6999999999999,3,0.0
27,20,8,12,3,3.5,0.6153846153846154,1.1111111111111112,74.14283135704483,7,499.9,1,0.0
39,15,7,8,3,2.75,0.7777777777777778,1.2280701754385965,58.38490392435011,4,304.9,3,0.0
42,4,1,3,0,1.0,0.25,0.45454545454545453,,0,126.4,1,1.0
23,17,11,6,5,3.75,1.5714285714285714,1.4285714285714286,75.45964258053229,5,340.5,1,0.0
38,7,1,6,1,3.25,0.14285714285714285,0.14925373134328357,60.885506013009355,3,279.4,1,0.0
25,10,1,9,0,4.75,0.1,0.10309278350515465,82.25178198962904,2,151.1,1,1.0
34,20,11,9,6,3.5,1.1,1.5277777777777777,72.3423261690037,4,335.5,3,0.0
26,18,9,9,1,6.0,0.9,0.7377049180327869,68.48164463149315,6,443.90000000000003,2,0.0
22,26,8,18,2,6.25,0.42105263157894735,0.6299212598425197,69.66672983545813,7,558.9,3,0.0
17,8,4,4,1,1.75,0.8,1.081081081081081,51.83255295595064,1,130.9,1,0.0
16,16,9,7,5,1.25,1.125,3.333333333333333,46.98595581306377,1,357.5,3,0.0
16,7,5,2,2,1.25,1.6666666666666667,1.8518518518518516,51.75350856582359,1,65.3,0,0.0
18,6,1,5,0,2.0,0.16666666666666666,0.23809523809523808,31.61868208506037,2,194.0,0,1.0
38,11,3,8,1,5.5,0.3333333333333333,0.26785714285714285,59.766598455994206,6,392.5,2,0.0
44,13,9,4,4,2.75,1.8,1.5789473684210527,50.60142858050662,5,227.20000000000002,2,0.0
18,17,5,12,2,2.25,0.38461538461538464,1.0638297872340425,59.800327230248264,2,315.40000000000003,1,0.0
44,20,7,13,3,5.25,0.5,0.6542056074766356,82.53486802372555,6,464.1,4,0.0
40,8,2,6,0,1.75,0.2857142857142857,0.5405405405405405,57.15233533231427,3,155.1,0,1.0
37,30,14,16,4,7.5,0.8235294117647058,0.9210526315789475,75.97482920003532,7,720.1,3,0.0
34,2,1,1,0,0.25,0.5,1.4285714285714286,44.241575849726665,0,134.0,1,1.0
22,11,5,6,4,2.5,0.7142857142857143,0.9615384615384615,57.50827880436337,1,177.39999999999998,1,0.0
21,14,9,5,4,4.5,1.5,0.9782608695652175,83.68794577774042,8,421.4,5,0.0
37,7,5,2,3,2.25,1.6666666666666667,1.0638297872340425,55.60855715895255,4,125.89999999999999,0,0.0
36,14,9,5,2,5.25,1.5,0.8411214953271029,71.2966062121479,6,150.4,2,0.0
27,18,10,8,5,5.25,1.1111111111111112,0.9345794392523366,64.64739964510312,6,297.4,2,0.0
23,21,15,6,10,3.25,2.142857142857143,2.2388059701492535,59.63967653780964,5,302.1,2,0.0
43,16,8,8,4,3.75,0.8888888888888888,1.0389610389610389,72.67398781880085,4,295.3,1,0.0
44,9,3,6,1,3.0,0.42857142857142855,0.48387096774193544,51.45553282411113,3,336.7,0,0.0
22,20,8,12,3,3.25,0.6153846153846154,1.1940298507462686,56.62955969376845,5,206.4,1,0.0
39,10,2,8,1,3.25,0.2222222222222222,0.29850746268656714,66.92887085568611,2,139.70000000000002,1,0.0
28,28,16,12,12,2.75,1.2307692307692308,2.807017543859649,76.5648285140661,6,381.0,5,0.0
36,15,10,5,7,3.5,1.6666666666666667,1.3888888888888888,51.47989885049503,5,243.3,1,0.0
19,10,5,5,0,3.75,0.8333333333333334,0.6493506493506493,65.743867936583,4,615.2,2,1.0
29,17,6,11,1,4.25,0.5,0.6896551724137931,67.0513000630206,4,274.6,3,0.0
19,17,8,9,3,4.0,0.8,0.9756097560975611,67.12602725871396,5,306.2,3,0.0
36,22,7,15,2,4.25,0.4375,0.8045977011494253,68.24306796331456,6,507.7,4,0.0
25,21,10,11,2,3.75,0.8333333333333334,1.2987012987012987,71.26387439408616,6,613.1999999999999,2,0.0
35,10,3,7,1,2.75,0.375,0.5263157894736842,53.57747795496866,3,363.4,0,0.0
30,21,14,7,8,4.0,1.75,1.707317073170732,68.16895269346334,8,590.1,2,0.0
27,1,1,0,0,0.0,1.0,5.0,,0,45.7,0,1.0
38,4,1,3,0,0.75,0.25,0.5882352941176471,,0,70.0,1,1.0
39,8,1,7,0,3.0,0.125,0.16129032258064516,62.942626989216585,5,391.3,2,1.0
37,5,3,2,3,3.25,1.0,0.44776119402985076,43.88158018005844,2,164.3,0,0.0
36,16,9,7,4,5.5,1.125,0.8035714285714286,65.40142287033017,6,488.6,2,0.0
42,23,9,14,3,4.75,0.6,0.9278350515463918,61.465795120468535,7,308.0,1,0.0
26,29,14,15,7,5.25,0.875,1.3084112149532712,84.59706555325826,7,202.29999999999998,4,0.0
22,7,4,3,2,0.5,1.0,3.3333333333333335,40.03061662182964,3,234.4,0,0.0
42,19,12,7,5,6.0,1.5,0.9836065573770493,73.3590780971793,4,387.7,4,0.0
34,9,5,4,1,3.5,1.0,0.6944444444444444,46.16235792273038,2,234.8,1,0.0
19,21,11,10,4,4.25,1.0,1.264367816091954,78.86979668481078,6,648.4,2,0.0
40,18,9,9,3,5.5,0.9,0.8035714285714286,54.12024489404098,6,256.7,1,0.0
20,16,10,6,4,7.0,1.4285714285714286,0.7042253521126761,67.4790208015113,4,465.6,1,0.0
33,17,12,5,6,3.0,2.0,1.9354838709677418,60.08227984020668,2,126.2,0,0.0
33,13,8,5,3,4.0,1.3333333333333333,0.9756097560975611,71.22417988936844,6,356.2,1,0.0
35,10,5,5,3,3.25,0.8333333333333334,0.7462686567164178,69.01180101725193,4,309.2,1,0.0
22,14,9,5,7,5.0,1.5,0.8823529411764707,73.94290078950677,2,326.1,1,0.0
34,13,8,5,3,3.75,1.3333333333333333,1.0389610389610389,69.69064650945487,4,148.8,3,0.0
16,9,6,3,2,3.75,1.5,0.7792207792207793,58.2466668298324,4,298.0,1,0.0
37,8,3,5,0,3.0,0.5,0.48387096774193544,61.23045045681765,5,201.2,2,1.0
39,15,7,8,3,3.0,0.7777777777777778,1.129032258064516,75.16067048528156,6,419.8,5,0.0
16,7,5,2,2,2.25,1.6666666666666667,1.0638297872340425,68.53078374632308,5,164.5,1,0.0
42,17,7,10,4,3.0,0.6363636363636364,1.129032258064516,58.43291323832574,4,370.2,3,0.0
28,18,1,17,1,5.25,0.05555555555555555,0.09345794392523366,71.16077468712285,3,156.2,3,0.0
31,27,14,13,9,3.5,1.0,1.9444444444444444,76.65581607528424,6,448.6,3,0.0
32,7,4,3,4,3.25,1.0,0.5970149253731343,64.18808052993774,5,226.2,3,0.0
27,17,7,10,2,6.0,0.6363636363636364,0.5737704918032788,64.06296756119696,6,565.9,2,0.0
37,8,4,4,2,4.0,0.8,0.48780487804878053,57.68293907718177,4,511.1,2,0.0
22,12,5,7,2,3.5,0.625,0.6944444444444444,62.4627470723459,4,344.5,2,0.0
33,2,1,1,0,1.5,0.5,0.3125,48.99461636259116,1,33.7,2,1.0
19,7,2,5,0,2.25,0.3333333333333333,0.425531914893617,54.32257510586735,2,84.8,0,1.0
23,18,8,10,3,4.5,0.7272727272727273,0.8695652173913044,69.31848695837729,6,352.59999999999997,1,0.0
42,13,6,7,4,3.25,0.75,0.8955223880597015,61.73177742084482,4,150.6,3,0.0
40,12,7,5,1,1.0,1.1666666666666667,3.1818181818181817,43.389156101104675,2,104.4,0,0.0
35,18,12,6,4,5.5,1.7142857142857142,1.0714285714285714,79.44588711535677,5,492.8,1,0.0
44,16,11,5,6,4.75,1.8333333333333333,1.1340206185567012,58.677279638531786,4,267.1,1,0.0
23,17,9,8,3,4.25,1.0,1.0344827586206897,74.58298083826178,5,500.0,2,0.0
17,7,3,4,2,3.25,0.6,0.44776119402985076,51.333448663448905,2,141.7,0,0.0
43,12,5,7,3,2.5,0.625,0.9615384615384615,63.56943882529316,6,228.3,1,0.0
35,25,9,16,6,5.25,0.5294117647058824,0.8411214953271029,73.10767714482574,6,494.79999999999995,7,0.0
19,7,3,4,1,2.5,0.6,0.5769230769230769,52.50106745735686,3,163.9,0,0.0
34,12,6,6,0,3.5,0.8571428571428571,0.8333333333333333,59.59777059311994,5,262.8,1,1.0
34,18,12,6,6,5.75,1.7142857142857142,1.0256410256410258,71.16256904010393,7,513.6,6,0.0
24,22,13,9,7,4.5,1.3,1.4130434782608696,53.22602269957616,5,247.4,2,0.0
41,11,6,5,2,1.5,1.0,1.875,41.37117675137738,2,96.7,3,0.0
43,15,8,7,3,4.75,1.0,0.8247422680412372,60.57457180095833,3,274.1,3,0.0
22,24,14,10,7,5.25,1.2727272727272727,1.3084112149532712,73.25068328877215,8,404.40000000000003,2,0.0
42,7,1,6,0,5.25,0.14285714285714285,0.09345794392523366,67.35641382514994,2,130.4,1,1.0
16,13,8,5,3,2.75,1.3333333333333333,1.4035087719298245,69.37751932199816,5,195.39999999999998,0,0.0
30,13,3,10,2,4.5,0.2727272727272727,0.32608695652173914,79.73012152404117,5,631.7,3,0.0
20,15,3,12,3,3.25,0.23076923076923078,0.44776119402985076,66.22577370711291,2,128.6,4,0.0
16,12,5,7,3,5.5,0.625,0.44642857142857145,60.75701386393987,7,581.1999999999999,3,0.0
27,16,8,8,3,4.5,0.8888888888888888,0.8695652173913044,80.30267731276543,6,206.6,7,0.0
17,10,4,6,3,2.5,0.5714285714285714,0.7692307692307692,60.49109903712597,4,156.2,1,0.0
32,21,11,10,8,2.5,1.0,2.1153846153846154,71.79873000513994,6,354.8,2,0.0
29,21,9,12,5,4.0,0.6923076923076923,1.0975609756097562,58.96627069896192,7,165.6,4,0.0
40,14,5,9,4,4.5,0.5,0.5434782608695653,62.25775551982496,4,306.0,1,0.0
29,25,12,13,7,2.75,0.8571428571428571,2.1052631578947367,69.92599334265648,6,220.8,2,0.0
38,18,8,10,4,7.0,0.7272727272727273,0.5633802816901409,57.67712696503001,7,242.9,4,0.0
36,20,9,11,4,4.75,0.75,0.9278350515463918,60.29441139596105,4,482.20000000000005,5,0.0
23,19,12,7,4,4.5,1.5,1.3043478260869565,80.3725987011834,5,454.2,3,0.0
30,8,6,2,3,3.5,2.0,0.8333333333333333,57.47548769542826,4,327.6,3,0.0
20,16,8,8,3,2.5,0.8888888888888888,1.5384615384615383,63.56170175555607,5,272.5,2,0.0
27,5,1,4,0,2.75,0.2,0.17543859649122806,79.59528544361078,4,251.4,0,1.0
39,12,3,9,0,3.75,0.3,0.38961038961038963,81.2531576374455,3,71.5,4,1.0
25,18,5,13,1,4.25,0.35714285714285715,0.574712643678161,70.09321662844431,5,307.4,0,0.0
39,15,5,10,1,4.75,0.45454545454545453,0.5154639175257733,64.93595090420122,5,282.4,1,0.0
18,16,7,9,5,3.5,0.7,0.9722222222222222,55.32188100870739,6,420.0,2,0.0
44,11,3,8,1,2.25,0.3333333333333333,0.6382978723404255,56.68123068336448,2,147.1,0,0.0
38,5,5,0,3,1.0,5.0,2.2727272727272725,33.082097095536554,1,123.5,1,0.0
36,15,7,8,2,5.25,0.7777777777777778,0.6542056074766356,82.37579662662186,2,191.9,2,0.0
30,9,5,4,2,2.25,1.0,1.0638297872340425,68.90920391779649,2,147.5,2,0.0
41,15,8,7,3,3.5,1.0,1.1111111111111112,65.23682158845828,7,751.9,6,0.0
41,10,5,5,1,2.0,0.8333333333333334,1.1904761904761905,57.82099741171804,4,166.3,2,0.0
41,16,9,7,7,4.75,1.125,0.9278350515463918,66.98702438478092,6,345.8,2,0.0
24,11,4,7,2,3.5,0.5,0.5555555555555556,62.97099562903442,4,186.20000000000002,4,0.0
28,18,7,11,3,4.5,0.5833333333333334,0.7608695652173914,65.70647279671986,6,430.0,4,0.0
34,20,11,9,5,2.5,1.1,2.1153846153846154,73.51246779362302,6,212.1,0,0.0
21,22,13,9,8,7.0,1.3,0.9154929577464789,82.2536512298961,6,326.4,4,0.0
23,18,8,10,3,3.75,0.7272727272727273,1.0389610389610389,78.4169384121677,4,614.3,3,0.0
29,15,9,6,3,2.75,1.2857142857142858,1.5789473684210527,55.56473803655531,4,242.8,0,0.0
17,22,13,9,5,7.25,1.3,0.8843537414965987,64.04443812233558,7,447.7,6,0.0
42,11,4,7,3,3.25,0.5,0.5970149253731343,57.66592305844176,7,219.0,3,0.0
22,15,7,8,3,2.5,0.7777777777777778,1.346153846153846,66.98520175678004,3,111.9,2,0.0
18,14,6,8,4,4.75,0.6666666666666666,0.6185567010309279,69.23463591539561,5,394.5,5,0.0
31,27,15,12,9,4.25,1.1538461538461537,1.7241379310344829,83.41599366575016,7,559.6,8,0.0
42,12,6,6,3,4.75,0.8571428571428571,0.6185567010309279,62.42352979613192,5,454.29999999999995,3,0.0
16,19,10,9,8,2.5,1.0,1.923076923076923,66.65937935203361,6,452.0,2,0.0
42,17,9,8,4,5.0,1.0,0.8823529411764707,77.92955630714053,6,380.1,3,0.0
41,22,10,12,6,3.25,0.7692307692307693,1.4925373134328357,89.36517583255359,8,404.9,2,0.0
20,19,10,9,5,4.25,1.0,1.149425287356322,83.37241875791634,7,917.7,4,0.0
34,16,6,10,3,4.75,0.5454545454545454,0.6185567010309279,64.870493130254,5,445.2,2,0.0
40,17,12,5,10,0.75,2.0,7.0588235294117645,55.4151373687846,5,220.7,2,0.0
35,20,10,10,3,7.25,0.9090909090909091,0.6802721088435374,78.12740852036627,8,450.2,5,0.0
29,21,10,11,4,5.75,0.8333333333333334,0.8547008547008548,74.49019315203778,6,551.5,6,0.0
34,10,3,7,2,3.5,0.375,0.41666666666666663,65.05413053741252,6,215.5,3,0.0
40,13,8,5,2,5.0,1.3333333333333333,0.7843137254901962,66.18358956260256,3,403.8,2,0.0
42,8,5,3,4,2.25,1.25,1.0638297872340425,52.3330970540949,2,116.4,2,0.0
25,19,9,10,3,4.5,0.8181818181818182,0.9782608695652175,66.72597335609356,5,727.8,1,0.0
16,17,11,6,6,4.0,1.5714285714285714,1.3414634146341464,67.08451828575842,5,518.0,1,0.0
19,11,4,7,1,4.5,0.5,0.4347826086956522,61.086355893837066,2,158.0,3,0.0
34,14,8,6,6,3.5,1.1428571428571428,1.1111111111111112,63.83869611946082,3,216.5,2,0.0
35,19,16,3,5,4.5,4.0,1.7391304347826089,50.58991634285526,4,375.3,2,0.0
32,12,7,5,4,3.0,1.1666666666666667,1.129032258064516,64.01565458889864,3,385.4,3,0.0
19,8,3,5,0,4.0,0.5,0.3658536585365854,56.582489727523495,6,288.3,9,1.0
24,7,5,2,2,3.5,1.6666666666666667,0.6944444444444444,63.99045310773882,4,326.3,3,0.0
33,20,10,10,5,7.25,0.9090909090909091,0.6802721088435374,77.1171719019233,8,370.9,2,0.0
27,11,4,7,3,3.25,0.5,0.5970149253731343,63.726205212472934,1,473.09999999999997,1,0.0
34,30,12,18,6,6.5,0.631578947368421,0.9090909090909092,87.42709807257643,8,545.5,7,0.0
25,22,14,8,9,4.75,1.5555555555555556,1.4432989690721651,71.41915637283836,4,451.6,2,0.0
33,14,9,5,3,4.25,1.5,1.0344827586206897,75.14357879589622,4,413.6,2,0.0
24,16,8,8,2,4.75,0.8888888888888888,0.8247422680412372,61.915825052472165,7,405.0,5,0.0
24,21,10,11,5,7.0,0.8333333333333334,0.7042253521126761,68.61136850401057,6,258.2,2,0.0
21,20,13,7,7,6.75,1.625,0.9489051094890512,76.09264303972975,7,360.1,6,0.0
39,13,2,11,0,2.5,0.16666666666666666,0.3846153846153846,54.95189952093019,2,142.9,0,1.0
43,17,7,10,5,4.0,0.6363636363636364,0.853658536585366,69.92784057513603,3,283.6,3,0.0
33,5,5,0,0,2.5,5.0,0.9615384615384615,41.57325497791552,4,268.2,3,1.0
35,9,6,3,2,5.5,1.5,0.5357142857142857,59.954401542229064,3,269.7,6,0.0
24,21,7,14,5,6.75,0.4666666666666667,0.5109489051094891,80.29396839766771,7,269.0,2,0.0
34,21,9,12,6,5.0,0.6923076923076923,0.8823529411764707,72.01288014262188,8,190.9,6,0.0
23,20,13,7,6,6.5,1.625,0.9848484848484849,68.90804794144391,6,278.8,6,0.0
18,12,5,7,3,3.0,0.625,0.8064516129032258,63.94657131155038,2,205.0,4,0.0
37,27,15,12,9,4.5,1.1538461538461537,1.6304347826086958,80.0250366772404,6,452.4,4,0.0
33,19,9,10,7,4.25,0.8181818181818182,1.0344827586206897,74.85863596911184,2,563.6,1,0.0
25,16,7,9,2,3.75,0.7,0.9090909090909091,61.68876817535411,3,679.7,3,0.0
26,14,5,9,2,4.75,0.5,0.5154639175257733,55.589380736010156,3,322.6,1,0.0
33,12,6,6,2,4.0,0.8571428571428571,0.7317073170731708,53.547906195470766,3,539.5,1,0.0
44,19,9,10,3,5.0,0.8181818181818182,0.8823529411764707,62.553941019244085,5,272.1,1,0.0
32,19,5,14,3,3.75,0.3333333333333333,0.6493506493506493,55.300381639841675,4,224.6,2,0.0
43,17,11,6,5,4.75,1.5714285714285714,1.1340206185567012,75.5705307516186,6,132.6,0,0.0
39,21,11,10,1,2.5,1.0,2.1153846153846154,64.18325716032224,5,191.7,1,0.0
38,8,5,3,1,2.75,1.25,0.8771929824561403,62.01616668586757,2,288.0,5,0.0
23,9,5,4,1,3.0,1.0,0.8064516129032258,56.4433521475313,3,143.1,4,0.0
44,4,2,2,1,1.75,0.6666666666666666,0.5405405405405405,46.97895361270909,2,125.4,0,0.0
42,18,9,9,5,3.75,0.9,1.1688311688311688,60.33063763195648,5,395.8,2,0.0
33,15,9,6,5,5.0,1.2857142857142858,0.8823529411764707,72.70439289252315,6,414.7,4,0.0
36,18,9,9,6,4.5,0.9,0.9782608695652175,78.00319714052496,7,358.3,2,0.0
41,7,4,3,3,4.25,1.0,0.4597701149425288,71.415666689962,6,129.4,4,0.0
18,13,4,9,4,4.5,0.4,0.4347826086956522,73.4638312898757,4,291.0,4,0.0
28,10,4,6,2,4.25,0.5714285714285714,0.4597701149425288,67.0341930271009,4,441.0,2,0.0
16,18,10,8,5,4.5,1.1111111111111112,1.0869565217391306,63.93497255782928,3,411.1,1,0.0
39,15,5,10,3,5.0,0.45454545454545453,0.4901960784313726,78.99375115966951,7,293.4,5,0.0
38,19,9,10,6,5.5,0.8181818181818182,0.8035714285714286,70.91335911467722,7,296.5,3,0.0
31,17,6,11,0,4.25,0.5,0.6896551724137931,69.27864236397632,5,222.9,1,1.0
35,11,7,4,4,4.25,1.4,0.8045977011494253,54.92211262805653,5,303.7,1,0.0
28,17,9,8,5,2.5,1.0,1.7307692307692306,74.05551455771442,4,384.2,3,0.0
28,18,10,8,3,2.75,1.1111111111111112,1.7543859649122806,64.64786761712551,4,306.2,1,0.0
20,6,5,1,4,2.75,2.5,0.8771929824561403,51.66300077090859,0,245.6,0,0.0
35,17,10,7,3,5.25,1.25,0.9345794392523366,65.89661118195049,5,351.1,0,0.0
24,14,5,9,5,5.25,0.5,0.4672897196261683,70.01752006159307,4,453.5,2,0.0
30,6,1,5,1,1.25,0.16666666666666666,0.37037037037037035,46.63697101873562,2,176.0,2,0.0
36,7,1,6,0,3.75,0.14285714285714285,0.12987012987012986,52.79040110166706,3,65.7,0,1.0
36,28,13,15,8,7.75,0.8125,0.8280254777070064,80.42709389880666,7,369.5,6,0.0
16,3,2,1,2,3.25,1.0,0.29850746268656714,51.33078516666056,2,149.4,2,0.0
38,4,3,1,2,2.0,1.5,0.7142857142857143,46.93337850970895,1,127.9,0,0.0
28,21,11,10,6,7.25,1.0,0.7482993197278912,89.56759052792768,7,998.3,5,0.0
37,24,9,15,3,8.0,0.5625,0.5555555555555556,76.00764389643993,6,388.6,4,0.0
18,14,9,5,5,5.25,1.5,0.8411214953271029,73.48323720340645,6,731.4,4,0.0
31,21,11,10,5,3.25,1.0,1.6417910447761193,33.44399479201001,5,189.0,1,0.0
16,21,10,11,6,2.25,0.8333333333333334,2.127659574468085,65.49395385317189,6,434.3,0,0.0
20,23,15,8,9,4.75,1.6666666666666667,1.5463917525773196,65.93316368347668,3,442.7,4,0.0
18,20,6,14,3,3.25,0.4,0.8955223880597015,62.6976549450689,3,239.0,3,0.0
23,19,10,9,6,6.0,1.0,0.819672131147541,80.03930644281722,3,485.5,3,0.0
43,17,10,7,3,4.25,1.25,1.149425287356322,64.3454737710698,3,230.9,3,0.0
44,17,7,10,3,2.75,0.6363636363636364,1.2280701754385965,89.82967653439124,6,545.5,0,0.0
22,14,5,9,2,4.75,0.5,0.5154639175257733,77.17649833963623,5,132.20000000000002,3,0.0
21,16,10,6,3,4.0,1.4285714285714286,1.2195121951219514,68.10742290363685,6,231.0,4,0.0
22,20,11,9,7,3.5,1.1,1.5277777777777777,63.58450307062966,6,125.6,3,0.0
20,7,4,3,3,2.25,1.0,0.851063829787234,65.04931224476861,3,293.3,1,0.0
20,25,13,12,5,8.25,1.0,0.7784431137724551,70.18953153176622,6,400.4,4,0.0
22,8,3,5,0,5.0,0.5,0.29411764705882354,70.01418939203973,4,398.6,0,1.0
40,16,11,5,4,4.25,1.8333333333333333,1.264367816091954,60.23732854275201,5,186.5,5,0.0
34,12,3,9,1,3.25,0.3,0.44776119402985076,51.3767551860024,0,147.79999999999998,0,0.0
19,17,6,11,2,2.5,0.5,1.1538461538461537,65.02233636682628,4,439.3,4,0.0
40,16,5,11,0,3.0,0.4166666666666667,0.8064516129032258,64.52707736890754,5,320.5,4,1.0
38,19,9,10,5,5.0,0.8181818181818182,0.8823529411764707,79.35667081176632,8,1000.0,1,0.0
25,16,9,7,5,3.5,1.125,1.25,58.12640773409359,6,449.09999999999997,9,0.0
25,34,19,15,9,4.25,1.1875,2.1839080459770117,78.40324232551504,7,354.8,3,0.0
25,17,7,10,4,7.0,0.6363636363636364,0.49295774647887325,74.24823668303982,6,378.5,1,0.0
29,11,7,4,2,2.5,1.4,1.346153846153846,53.33975763516797,4,205.3,2,0.0
28,11,9,2,2,5.25,3.0,0.8411214953271029,74.44863949876466,4,444.8,1,0.0
35,14,6,8,4,3.5,0.6666666666666666,0.8333333333333333,67.57207961321512,3,185.8,2,0.0
29,14,10,4,3,5.0,2.0,0.9803921568627452,70.22236961977113,3,197.0,3,0.0
38,21,11,10,6,5.75,1.0,0.9401709401709403,71.23762052949085,7,627.8000000000001,2,0.0
24,21,9,12,6,4.25,0.6923076923076923,1.0344827586206897,71.99278876910675,4,358.6,5,0.0
25,22,13,9,4,5.0,1.3,1.2745098039215688,68.17161498082976,6,410.5,1,0.0
20,19,5,14,4,2.75,0.3333333333333333,0.8771929824561403,66.87517899743955,4,461.8,1,0.0
24,14,7,7,4,3.5,0.875,0.9722222222222222,60.017600015179156,4,240.1,1,0.0
19,17,8,9,5,2.25,0.8,1.702127659574468,52.97074232752472,4,196.2,7,0.0
38,20,10,10,3,4.0,0.9090909090909091,1.2195121951219514,71.5328062098441,4,256.7,1,0.0
23,1,1,0,0,1.25,1.0,0.37037037037037035,20.250386012295014,0,114.0,0,1.0
42,19,9,10,4,9.0,0.8181818181818182,0.4945054945054945,75.35905046761019,7,566.3,4,0.0
23,9,4,5,2,6.0,0.6666666666666666,0.3278688524590164,58.98978377021466,7,255.3,4,0.0
19,23,12,11,6,5.25,1.0,1.1214953271028039,66.22133066772935,4,317.9,1,0.0
18,24,11,13,7,6.5,0.7857142857142857,0.8333333333333334,67.14164555031195,4,275.5,3,0.0
34,18,7,11,5,4.25,0.5833333333333334,0.8045977011494253,69.08934959400972,4,315.2,2,0.0
34,4,1,3,0,0.5,0.25,0.8333333333333334,,1,27.799999999999997,0,1.0
21,10,4,6,0,4.0,0.5714285714285714,0.48780487804878053,57.89790428826749,3,116.5,1,1.0
41,16,8,8,6,4.5,0.8888888888888888,0.8695652173913044,67.50870547150973,6,341.6,2,0.0
24,16,5,11,2,4.25,0.4166666666666667,0.574712643678161,73.92004589537173,4,519.9,2,0.0
33,18,9,9,0,4.75,0.9,0.9278350515463918,66.42512303985542,5,105.3,3,1.0
33,20,11,9,5,4.25,1.1,1.264367816091954,65.79164172134972,6,266.7,0,0.0
37,10,5,5,4,3.0,0.8333333333333334,0.8064516129032258,65.61834123996061,1,391.8,0,0.0
42,13,4,9,0,3.25,0.4,0.5970149253731343,57.86846801221765,1,364.0,1,1.0
41,11,6,5,3,4.25,1.0,0.6896551724137931,61.72885210295338,4,275.1,1,0.0
26,9,5,4,4,5.75,1.0,0.4273504273504274,68.98980759697787,5,385.0,3,0.0
21,10,3,7,1,3.5,0.375,0.41666666666666663,43.47027175665886,1,164.6,3,0.0
41,7,1,6,0,3.75,0.14285714285714285,0.12987012987012986,55.77280514632059,2,147.1,0,1.0
39,22,8,14,5,6.75,0.5333333333333333,0.5839416058394161,74.55169875439734,7,660.9,4,0.0
22,21,10,11,7,5.5,0.8333333333333334,0.8928571428571429,78.18676884453448,6,630.1,3,0.0
23,13,5,8,3,1.5,0.5555555555555556,1.5625,69.24658936967175,2,218.7,2,0.0
31,12,6,6,2,2.75,0.8571428571428571,1.0526315789473684,64.5689912386445,2,248.3,1,0.0
37,21,6,15,2,3.5,0.375,0.8333333333333333,64.07785192578051,3,214.7,4,0.0
34,15,8,7,4,4.0,1.0,0.9756097560975611,77.33052258084106,2,280.8,1,0.0
24,3,1,2,0,1.25,0.3333333333333333,0.37037037037037035,40.23971116544956,0,39.3,0,1.0
39,19,8,11,6,2.5,0.6666666666666666,1.5384615384615383,57.105736361714555,5,272.0,3,0.0
26,14,4,10,1,3.75,0.36363636363636365,0.5194805194805194,73.67680456649134,5,386.5,2,0.0
17,20,8,12,3,3.5,0.6153846153846154,1.1111111111111112,69.26842489267548,7,352.3,5,0.0
27,24,14,10,5,3.5,1.2727272727272727,1.9444444444444444,62.36409153942369,6,298.1,1,0.0
30,5,4,1,2,4.5,2.0,0.4347826086956522,59.556591513994846,2,165.3,0,0.0
20,12,1,11,0,4.0,0.08333333333333333,0.12195121951219513,65.48431641461465,4,130.6,2,1.0
41,15,8,7,5,3.75,1.0,1.0389610389610389,79.18082421676466,5,500.1,3,0.0
17,11,6,5,2,3.25,1.0,0.8955223880597015,64.06232414505536,4,165.2,1,0.0
44,24,13,11,7,4.5,1.0833333333333333,1.4130434782608696,62.96030905662182,5,148.2,1,0.0
25,16,11,5,8,3.25,1.8333333333333333,1.6417910447761193,63.37700857054022,4,186.4,2,0.0
44,9,4,5,2,2.0,0.6666666666666666,0.9523809523809523,50.261510137969964,2,246.8,0,0.0
21,19,10,9,6,2.5,1.0,1.923076923076923,71.05748590491883,6,286.40000000000003,2,0.0
38,21,12,9,3,5.25,1.2,1.1214953271028039,74.7330946195047,6,429.4,9,0.0
40,22,12,10,9,7.0,1.0909090909090908,0.8450704225352114,80.48602022348436,7,370.2,3,0.0
36,17,8,9,3,5.75,0.8,0.6837606837606838,59.66293330593931,6,302.4,3,0.0
35,11,5,6,2,3.5,0.7142857142857143,0.6944444444444444,65.609281895776,6,506.0,3,0.0
34,7,4,3,3,2.25,1.0,0.851063829787234,43.50671936565564,4,226.1,1,0.0
40,8,2,6,1,3.25,0.2857142857142857,0.29850746268656714,55.50958373777206,1,208.9,0,0.0
40,14,7,7,1,3.5,0.875,0.9722222222222222,58.56834688279578,4,123.0,2,0.0
20,14,7,7,4,4.5,0.875,0.7608695652173914,56.5326879410828,2,318.0,2,0.0
31,29,14,15,6,5.25,0.875,1.3084112149532712,68.64675585123067,8,403.8,5,0.0
34,24,10,14,5,4.75,0.6666666666666666,1.0309278350515465,73.02831527955762,7,704.6,2,0.0
43,19,7,12,6,3.75,0.5384615384615384,0.9090909090909091,67.2464943950909,6,493.7,5,0.0
32,10,6,4,3,3.0,1.2,0.9677419354838709,72.01456781828713,2,305.4,2,0.0
20,22,11,11,8,5.5,0.9166666666666666,0.9821428571428572,58.48952557868492,7,414.5,3,0.0
25,22,10,12,5,4.0,0.7692307692307693,1.2195121951219514,75.1454384322383,8,618.6,1,0.0
28,14,7,7,5,4.0,0.875,0.853658536585366,61.41680283846285,5,115.5,3,0.0
19,25,15,10,7,6.0,1.3636363636363635,1.2295081967213115,83.81421960202181,7,271.1,5,0.0
34,17,8,9,4,4.0,0.8,0.9756097560975611,74.41140969342867,5,327.2,4,0.0
28,18,8,10,2,6.0,0.7272727272727273,0.6557377049180328,65.63070849446493,8,525.7,1,0.0
36,18,8,10,5,5.0,0.7272727272727273,0.7843137254901962,76.37509857506006,2,171.7,1,0.0
20,11,7,4,5,2.5,1.4,1.346153846153846,42.67718299079325,5,273.4,3,0.0
22,16,8,8,5,3.5,0.8888888888888888,1.1111111111111112,58.65903333513163,4,361.40000000000003,2,0.0
42,5,4,1,3,1.25,2.0,1.4814814814814814,38.728229544044424,2,211.20000000000002,2,0.0
18,22,11,11,5,5.0,0.9166666666666666,1.0784313725490198,61.959258957700456,5,287.2,3,0.0
40,2,1,1,0,0.75,0.5,0.5882352941176471,56.50565338091883,2,84.0,0,1.0
41,4,1,3,0,1.75,0.25,0.27027027027027023,47.25582710276303,1,57.2,0,1.0
34,17,6,11,4,4.75,0.5,0.6185567010309279,72.88543515053514,4,293.79999999999995,1,0.0
33,12,7,5,3,5.0,1.1666666666666667,0.6862745098039216,63.32168717519279,4,361.0,3,0.0
28,18,9,9,3,4.25,0.9,1.0344827586206897,72.55905078418492,6,391.4,6,0.0
33,17,9,8,5,3.25,1.0,1.3432835820895521,64.36075222257712,5,350.1,3,0.0
18,13,4,9,1,4.25,0.4,0.4597701149425288,59.08845390844017,4,214.5,1,0.0
17,10,7,3,4,2.75,1.75,1.2280701754385965,65.95571549605906,2,92.6,2,0.0
41,18,7,11,3,6.25,0.5833333333333334,0.5511811023622047,70.52864924362737,3,221.5,1,0.0
44,19,8,11,6,4.25,0.6666666666666666,0.9195402298850576,66.10911670947986,4,494.8,3,0.0
25,19,12,7,2,4.5,1.5,1.3043478260869565,69.39584320056483,5,236.5,1,0.0
26,20,9,11,4,5.25,0.75,0.8411214953271029,72.67326109056283,5,259.0,3,0.0
23,20,10,10,7,4.0,0.9090909090909091,1.2195121951219514,63.9777636807392,3,297.4,1,0.0
34,18,7,11,2,4.5,0.5833333333333334,0.7608695652173914,80.02217802145972,8,623.6,3,0.0
26,9,3,6,0,3.0,0.42857142857142855,0.48387096774193544,74.85773330233721,2,116.3,2,1.0
29,24,17,7,11,4.25,2.125,1.9540229885057472,75.73298850928894,5,446.2,3,0.0
21,3,3,0,1,1.75,3.0,0.8108108108108107,21.00247985343161,2,179.4,0,0.0
20,22,9,13,7,2.5,0.6428571428571429,1.7307692307692306,66.43397645601907,8,551.9,2,0.0
34,13,4,9,3,2.0,0.4,0.9523809523809523,56.54452929055264,6,261.1,0,0.0
23,18,10,8,5,5.0,1.1111111111111112,0.9803921568627452,65.1679831824406,7,689.8,3,0.0
43,7,3,4,2,3.0,0.6,0.48387096774193544,61.02686462962744,4,208.4,2,0.0
43,18,7,11,2,5.5,0.5833333333333334,0.625,48.48066321977447,3,228.29999999999998,7,0.0
22,7,5,2,3,3.5,1.6666666666666667,0.6944444444444444,61.01932248356153,3,88.0,3,0.0
34,16,6,10,2,3.5,0.5454545454545454,0.8333333333333333,73.26075592990809,6,299.0,6,0.0
21,14,9,5,2,4.0,1.5,1.0975609756097562,62.57076129510104,6,237.6,1,0.0
31,8,3,5,2,4.5,0.5,0.32608695652173914,68.0364409344279,5,150.70000000000002,1,0.0
25,12,4,8,2,3.75,0.4444444444444444,0.5194805194805194,56.21283425140868,4,177.20000000000002,0,0.0
29,13,5,8,2,3.0,0.5555555555555556,0.8064516129032258,56.48372025829871,2,177.20000000000002,1,0.0
33,18,6,12,4,5.25,0.46153846153846156,0.5607476635514019,69.63570956727533,5,188.29999999999998,5,0.0
43,11,6,5,2,4.5,1.0,0.6521739130434783,75.54027414051878,5,232.5,5,0.0
24,10,4,6,1,2.25,0.5714285714285714,0.851063829787234,61.14265609336017,2,354.9,1,0.0
41,20,13,7,9,3.5,1.625,1.8055555555555556,78.84889842285146,6,414.70000000000005,2,0.0
32,22,11,11,8,4.0,0.9166666666666666,1.3414634146341464,72.64388505973344,5,572.5,3,0.0
29,8,5,3,3,1.75,1.25,1.3513513513513513,60.3059541430532,4,177.0,2,0.0
36,7,2,5,2,3.25,0.3333333333333333,0.29850746268656714,59.042004361318824,3,240.5,2,0.0
19,19,6,13,1,3.5,0.42857142857142855,0.8333333333333333,61.49562278046037,4,239.5,5,0.0
34,5,3,2,1,2.25,1.0,0.6382978723404255,50.379391988135566,1,287.7,1,0.0
32,8,6,2,2,2.75,2.0,1.0526315789473684,67.91907458547752,7,284.4,2,0.0
24,12,6,6,1,6.0,0.8571428571428571,0.49180327868852464,66.18355938166793,6,348.0,3,0.0
38,10,4,6,1,4.5,0.5714285714285714,0.4347826086956522,65.94233172366759,4,430.8,2,0.0
32,19,7,12,1,5.0,0.5384615384615384,0.6862745098039216,79.82621945318645,4,131.0,2,0.0
42,24,14,10,5,5.5,1.2727272727272727,1.25,72.28375164348977,8,607.7,4,0.0
22,16,9,7,4,4.75,1.125,0.9278350515463918,70.65109435968267,7,347.8,2,0.0
41,8,5,3,0,2.75,1.25,0.8771929824561403,47.44806783361203,2,277.7,1,1.0
38,10,2,8,2,2.75,0.2222222222222222,0.3508771929824561,53.68595569120103,3,182.0,5,0.0
41,22,7,15,4,2.75,0.4375,1.2280701754385965,67.76887812220149,6,457.0,2,0.0
42,18,10,8,6,4.5,1.1111111111111112,1.0869565217391306,70.10225886290232,5,269.40000000000003,4,0.0
30,3,2,1,1,1.5,1.0,0.625,38.77588325087996,0,171.6,1,0.0
38,11,7,4,5,2.25,1.4,1.4893617021276595,41.720750009125155,3,200.8,1,0.0
21,15,9,6,6,4.5,1.2857142857142858,0.9782608695652175,69.87130907640665,4,298.6,1,0.0
38,19,13,6,8,5.0,1.8571428571428572,1.2745098039215688,64.58007009662732,6,572.5,1,0.0
24,5,1,4,0,4.0,0.2,0.12195121951219513,58.62601910963345,3,95.1,0,1.0
36,18,7,11,3,4.25,0.5833333333333334,0.8045977011494253,57.91276109950303,4,243.20000000000002,4,0.0
22,17,6,11,4,3.5,0.5,0.8333333333333333,57.897898549416475,4,432.6,1,0.0
35,11,5,6,2,3.75,0.7142857142857143,0.6493506493506493,48.99931403018739,4,257.3,0,0.0
42,4,3,1,2,0.25,1.5,4.285714285714286,,1,78.4,0,0.0
31,16,11,5,4,3.25,1.8333333333333333,1.6417910447761193,59.47545283660236,2,273.5,2,0.0
35,8,3,5,1,3.0,0.5,0.48387096774193544,69.58340054568829,3,572.3000000000001,0,0.0
44,14,9,5,4,3.5,1.5,1.25,60.89476703650238,4,372.5,7,0.0
19,3,2,1,0,2.25,1.0,0.425531914893617,53.5081739616316,2,182.5,1,1.0
35,19,11,8,7,4.25,1.2222222222222223,1.264367816091954,57.45229771611317,4,248.6,1,0.0
30,14,7,7,1,4.75,0.875,0.7216494845360826,50.38727159654593,7,203.2,1,0.0
33,23,11,12,5,6.5,0.8461538461538461,0.8333333333333334,78.78461630304228,8,556.7,2,0.0
18,8,2,6,1,4.75,0.2857142857142857,0.2061855670103093,68.31362717629895,5,208.9,1,0.0
16,11,7,4,4,2.5,1.4,1.346153846153846,48.4215378470903,2,292.4,2,0.0
33,9,5,4,2,4.0,1.0,0.6097560975609757,56.57868232986186,5,363.1,1,0.0
21,9,2,7,0,5.0,0.25,0.19607843137254904,86.77184675774933,2,115.19999999999999,3,1.0
33,5,2,3,0,1.0,0.5,0.9090909090909091,50.82328157529058,2,71.9,2,1.0
39,13,4,9,0,5.25,0.4,0.3738317757009346,80.73468162225066,5,261.5,1,1.0
25,13,3,10,3,2.25,0.2727272727272727,0.6382978723404255,59.032254475106726,4,321.3,0,0.0
31,6,1,5,0,3.75,0.16666666666666666,0.12987012987012986,56.66540233574044,1,116.6,0,1.0
34,11,6,5,3,4.75,1.0,0.6185567010309279,64.722349748867,6,383.8,4,0.0
44,25,13,12,6,6.25,1.0,1.0236220472440944,71.28900053962482,4,340.40000000000003,4,0.0
33,21,11,10,7,4.0,1.0,1.3414634146341464,84.19944012901497,8,366.8,2,0.0
24,30,13,17,7,7.5,0.7222222222222222,0.8552631578947368,74.455749162464,7,439.9,6,0.0
21,18,11,7,4,4.75,1.375,1.1340206185567012,77.62910611683559,8,269.5,0,0.0
35,8,2,6,0,1.0,0.2857142857142857,0.9090909090909091,57.97723075650424,3,213.7,1,1.0
37,5,2,3,0,2.75,0.5,0.3508771929824561,52.77864413716029,1,104.5,0,1.0
37,5,1,4,0,2.0,0.2,0.23809523809523808,44.86173839668868,1,108.2,2,1.0
42,14,6,8,4,4.75,0.6666666666666666,0.6185567010309279,54.913257783137695,7,305.4,3,0.0
16,25,8,17,1,6.0,0.4444444444444444,0.6557377049180328,74.36370603237356,8,283.3,2,0.0
32,22,11,11,5,4.75,0.9166666666666666,1.1340206185567012,67.72500284189826,1,344.4,2,0.0
41,7,1,6,0,3.0,0.14285714285714285,0.16129032258064516,55.099908518931926,3,164.8,2,1.0
22,17,12,5,5,2.75,2.0,2.1052631578947367,62.03746446702073,5,238.4,2,0.0
36,5,2,3,0,5.5,0.5,0.17857142857142858,76.04352530560939,5,159.5,0,1.0
41,10,5,5,3,2.75,0.8333333333333334,0.8771929824561403,48.48666099886859,4,216.4,2,0.0
33,13,7,6,3,5.0,1.0,0.6862745098039216,57.711144115180645,4,187.6,1,0.0
20,11,4,7,2,3.5,0.5,0.5555555555555556,64.81035442006933,0,207.6,1,0.0
37,13,3,10,1,2.5,0.2727272727272727,0.5769230769230769,69.54042678516832,7,179.9,1,0.0
37,20,10,10,7,4.5,0.9090909090909091,1.0869565217391306,66.42503619004488,4,280.6,4,0.0
28,24,15,9,6,5.25,1.5,1.4018691588785048,66.52495709967148,4,321.0,4,0.0
30,12,7,5,4,3.5,1.1666666666666667,0.9722222222222222,78.26734423157137,7,286.7,0,0.0
37,11,6,5,3,2.5,1.0,1.1538461538461537,40.40999479864136,1,162.1,1,0.0
22,23,10,13,3,3.0,0.7142857142857143,1.6129032258064515,62.413635501733914,5,291.4,2,0.0
43,18,9,9,3,2.25,0.9,1.9148936170212765,75.11019586007642,4,367.6,3,0.0
19,12,7,5,3,3.5,1.1666666666666667,0.9722222222222222,56.925836661876446,3,338.8,3,0.0
38,15,5,10,0,4.75,0.45454545454545453,0.5154639175257733,67.28869642326254,6,495.3,1,1.0
37,17,9,8,6,4.5,1.0,0.9782608695652175,74.59581504986197,5,484.8,4,0.0
20,11,5,6,3,1.5,0.7142857142857143,1.5625,57.92569239880984,4,162.4,0,0.0
35,15,7,8,3,3.5,0.7777777777777778,0.9722222222222222,68.21448552204396,3,310.59999999999997,4,0.0
23,9,5,4,4,2.0,1.0,1.1904761904761905,65.90298930432779,3,339.1,1,0.0
18,14,6,8,2,3.5,0.6666666666666666,0.8333333333333333,55.18848716536113,6,556.8,6,0.0
38,18,12,6,8,5.5,1.7142857142857142,1.0714285714285714,71.28085998690769,6,253.9,3,0.0
32,22,15,7,5,3.5,1.875,2.0833333333333335,71.79527795837963,6,418.0,3,0.0
28,17,7,10,3,3.25,0.6363636363636364,1.044776119402985,68.84101254999277,6,367.7,2,0.0
33,15,6,9,4,3.5,0.6,0.8333333333333333,47.62956953308032,7,271.5,2,0.0
20,20,9,11,6,3.5,0.75,1.25,66.26663102770637,4,205.6,4,0.0
30,21,11,10,6,3.5,1.0,1.5277777777777777,62.230808177955005,3,364.3,4,0.0
40,7,3,4,3,3.5,0.6,0.41666666666666663,55.899731112122915,3,324.4,4,0.0
33,11,4,7,3,2.0,0.5,0.9523809523809523,57.762718017679425,4,185.8,0,0.0
43,13,9,4,5,5.5,1.8,0.8035714285714286,77.43608456670044,6,525.9,1,0.0
39,23,14,9,3,6.25,1.4,1.1023622047244095,77.26024171701015,4,280.1,1,0.0
37,11,6,5,4,5.75,1.0,0.5128205128205129,75.71707185462071,5,334.0,0,0.0
26,12,6,6,3,2.5,0.8571428571428571,1.1538461538461537,58.284383538766754,4,188.7,1,0.0
26,23,7,16,1,5.75,0.4117647058823529,0.5982905982905983,74.7787703073401,7,550.1,3,0.0
41,15,6,9,3,4.0,0.6,0.7317073170731708,44.7631546717305,5,314.3,2,0.0
21,6,2,4,0,1.5,0.4,0.625,64.73533195374968,1,190.8,2,1.0
23,10,3,7,2,3.0,0.375,0.48387096774193544,44.43978186455382,3,401.5,2,0.0
41,21,13,8,8,5.75,1.4444444444444444,1.1111111111111112,81.25533844662664,5,608.9,4,0.0
25,20,6,14,1,5.75,0.4,0.5128205128205129,61.39014307805502,5,498.5,2,0.0
42,25,11,14,7,4.0,0.7333333333333333,1.3414634146341464,74.42248507231065,6,471.4,5,0.0
30,12,5,7,1,6.5,0.625,0.3787878787878788,77.9443475203974,6,279.3,4,0.0
39,15,3,12,2,1.75,0.23076923076923078,0.8108108108108107,51.039099617083494,3,252.9,0,0.0
42,6,3,3,1,1.5,0.75,0.9375,48.83035107056727,3,179.8,2,0.0
32,15,9,6,4,3.0,1.2857142857142858,1.4516129032258065,66.87616985981862,3,459.6,2,0.0
16,9,5,4,3,4.5,1.0,0.5434782608695653,71.87642583280048,4,386.90000000000003,2,0.0
28,7,3,4,2,3.25,0.6,0.44776119402985076,47.04484712012396,3,117.2,3,0.0
42,18,12,6,6,6.0,1.7142857142857142,0.9836065573770493,72.6058148323343,6,229.0,9,0.0
26,14,7,7,2,5.5,0.875,0.625,69.92828658195285,3,172.6,1,0.0
41,24,9,15,6,4.5,0.5625,0.9782608695652175,74.92503546967322,5,316.6,2,0.0
22,8,3,5,3,3.5,0.5,0.41666666666666663,44.13577182561764,3,295.3,3,0.0
38,10,5,5,4,2.75,0.8333333333333334,0.8771929824561403,68.09051971260872,2,293.4,2,0.0
30,11,6,5,3,1.25,1.0,2.222222222222222,65.34858722815684,3,133.9,0,0.0
21,19,9,10,2,4.25,0.8181818181818182,1.0344827586206897,62.987791645678755,5,179.6,3,0.0
38,7,7,0,3,2.75,7.0,1.2280701754385965,52.65392716808527,3,172.5,2,0.0
25,15,7,8,0,3.5,0.7777777777777778,0.9722222222222222,72.21253178521764,4,372.70000000000005,4,1.0
36,22,13,9,6,5.0,1.3,1.2745098039215688,61.488685868842424,7,173.6,5,0.0
43,14,4,10,2,3.5,0.36363636363636365,0.5555555555555556,66.72984941206194,3,284.0,1,0.0
36,19,11,8,5,5.5,1.2222222222222223,0.9821428571428572,77.23980233588982,7,911.8,3,0.0
29,6,4,2,0,3.5,1.3333333333333333,0.5555555555555556,50.38503030084975,2,181.0,2,1.0
29,15,10,5,3,4.5,1.6666666666666667,1.0869565217391306,59.47745652083332,6,288.59999999999997,1,0.0
16,18,11,7,6,5.0,1.375,1.0784313725490198,69.36146075775488,6,364.4,1,0.0
38,16,7,9,4,5.25,0.7,0.6542056074766356,65.88646746450962,6,415.5,0,0.0
40,12,4,8,3,1.75,0.4444444444444444,1.081081081081081,60.532164887030795,3,110.1,2,0.0
44,15,6,9,4,4.0,0.6,0.7317073170731708,58.16505698502312,4,492.6,1,0.0
38,22,10,12,3,6.0,0.7692307692307693,0.819672131147541,72.92555448633516,5,315.6,0,0.0
23,19,10,9,5,7.25,1.0,0.6802721088435374,84.5853050967909,8,542.5,3,0.0
40,13,8,5,5,5.75,1.3333333333333333,0.6837606837606838,71.32851955451923,6,245.8,0,0.0
16,13,10,3,2,3.75,2.5,1.2987012987012987,66.6506128965972,6,161.3,1,0.0
40,16,7,9,4,4.0,0.7,0.853658536585366,72.45803995979118,4,178.3,4,0.0
32,2,2,0,2,0.25,2.0,2.857142857142857,46.532077807903235,0,52.3,0,0.0
40,8,4,4,2,6.5,0.8,0.30303030303030304,68.00362626131408,8,249.4,3,0.0
34,9,3,6,1,3.0,0.42857142857142855,0.48387096774193544,58.74653251686189,3,323.0,0,0.0
32,7,2,5,1,0.75,0.3333333333333333,1.1764705882352942,27.990104207037177,0,276.90000000000003,1,0.0
39,17,9,8,7,5.75,1.0,0.7692307692307693,65.85236056986996,4,250.2,2,0.0
30,2,1,1,0,1.75,0.5,0.27027027027027023,,0,34.0,1,1.0
19,17,10,7,7,6.75,1.25,0.7299270072992701,72.24243755903053,5,539.4,4,0.0
18,8,3,5,0,1.75,0.5,0.8108108108108107,58.70595463338371,4,308.5,2,1.0
28,8,3,5,0,1.5,0.5,0.9375,61.24669097536752,3,306.8,2,1.0
17,17,7,10,4,4.5,0.6363636363636364,0.7608695652173914,66.1626231029001,6,269.2,6,0.0
30,18,7,11,5,7.25,0.5833333333333334,0.4761904761904762,80.13822041658995,7,360.8,2,0.0
17,27,17,10,11,6.25,1.5454545454545454,1.3385826771653544,69.69510876401611,4,286.3,5,0.0
38,17,7,10,3,5.75,0.6363636363636364,0.5982905982905983,73.46223091282704,4,258.09999999999997,4,0.0
19,22,11,11,5,7.5,0.9166666666666666,0.7236842105263158,75.37968941683322,7,304.2,5,0.0
38,7,5,2,4,2.0,1.6666666666666667,1.1904761904761905,46.689716114811596,3,196.0,4,0.0
41,9,1,8,0,2.0,0.1111111111111111,0.23809523809523808,57.497847263788906,4,246.0,2,1.0
44,16,7,9,0,3.25,0.7,1.044776119402985,66.43785944477824,3,413.3,4,1.0
38,25,16,9,9,4.75,1.6,1.6494845360824744,75.2461029986872,5,460.6,2,0.0
30,9,4,5,2,3.25,0.6666666666666666,0.5970149253731343,68.56394333283752,4,563.8,2,0.0
29,10,1,9,0,2.25,0.1,0.2127659574468085,48.06992964859855,2,179.4,2,1.0
19,20,11,9,6,2.5,1.1,2.1153846153846154,59.85091315743006,4,481.4,5,0.0
39,22,6,16,2,3.75,0.35294117647058826,0.7792207792207793,68.09316834770121,5,478.8,1,0.0
44,10,7,3,3,2.75,1.75,1.2280701754385965,68.36210983536392,1,174.3,2,0.0
25,13,6,7,4,3.0,0.75,0.9677419354838709,70.95681451686315,6,332.8,3,0.0
17,27,15,12,5,5.5,1.1538461538461537,1.3392857142857144,67.62353093211576,5,353.2,5,0.0
35,14,9,5,2,4.25,1.5,1.0344827586206897,66.88349178688223,5,317.7,2,0.0
24,13,9,4,4,1.25,1.8,3.333333333333333,63.6589288880066,5,243.5,3,0.0
21,24,16,8,7,4.5,1.7777777777777777,1.7391304347826089,69.71065908443494,6,307.3,1,0.0
18,11,4,7,4,3.5,0.5,0.5555555555555556,66.93643194415424,3,193.2,1,0.0
35,23,8,15,4,6.5,0.5,0.6060606060606061,70.22695974849945,5,426.90000000000003,5,0.0
33,19,12,7,3,3.25,1.5,1.791044776119403,51.65441558502172,2,363.2,3,0.0
25,20,15,5,6,4.75,2.5,1.5463917525773196,82.09389319866992,7,586.9,3,0.0
40,19,7,12,3,4.5,0.5384615384615384,0.7608695652173914,65.5004156217526,3,293.2,1,0.0
31,7,7,0,4,3.75,7.0,0.9090909090909091,49.40726774328897,3,199.29999999999998,2,0.0
16,5,3,2,2,0.5,1.0,2.5,40.80267886592912,0,36.8,0,0.0
33,8,6,2,2,3.5,2.0,0.8333333333333333,56.77369721879278,0,145.0,0,0.0
21,9,4,5,3,1.75,0.6666666666666666,1.081081081081081,67.94204090383863,4,119.5,2,0.0
18,20,3,17,1,3.0,0.16666666666666666,0.48387096774193544,68.7063885065041,4,146.1,2,0.0
29,22,13,9,8,1.5,1.3,4.0625,74.53998279263794,6,501.29999999999995,3,0.0
37,15,7,8,4,3.25,0.7777777777777778,1.044776119402985,85.61223350933335,7,429.0,4,0.0
31,16,7,9,2,3.75,0.7,0.9090909090909091,71.57461297806584,6,509.6,3,0.0
26,12,8,4,4,1.75,1.6,2.162162162162162,56.08820576545575,4,361.6,1,0.0
40,8,5,3,3,3.0,1.25,0.8064516129032258,50.711654519421124,4,154.6,0,0.0
17,27,13,14,5,6.25,0.8666666666666667,1.0236220472440944,57.28975573085815,5,413.40000000000003,4,0.0
30,27,11,16,6,4.5,0.6470588235294118,1.1956521739130437,63.10064539817198,6,586.6,4,0.0
32,15,7,8,4,4.25,0.7777777777777778,0.8045977011494253,56.92910356459185,4,264.6,2,0.0
27,21,12,9,5,4.25,1.2,1.3793103448275863,76.57796863252372,6,241.5,2,0.0
26,22,10,12,6,3.75,0.7692307692307693,1.2987012987012987,67.89846744232406,3,277.1,2,0.0
22,13,5,8,2,4.75,0.5555555555555556,0.5154639175257733,71.02396223319256,4,253.3,3,0.0
29,23,9,14,4,4.75,0.6,0.9278350515463918,76.66917486095335,7,620.6,2,0.0
26,9,7,2,5,4.75,2.3333333333333335,0.7216494845360826,61.357062229210015,5,213.7,3,0.0
38,21,9,12,5,2.75,0.6923076923076923,1.5789473684210527,78.23858078223309,5,249.7,1,0.0
39,28,16,12,5,2.25,1.2307692307692308,3.404255319148936,68.99088876973886,4,273.8,3,0.0
18,18,11,7,5,5.75,1.375,0.9401709401709403,75.20740477379054,6,205.3,4,0.0
26,21,14,7,10,5.75,1.75,1.1965811965811965,79.12439500139541,8,765.1,2,0.0
28,16,7,9,4,4.25,0.7,0.8045977011494253,58.8969916513904,4,267.3,2,0.0
17,11,4,7,2,2.5,0.5,0.7692307692307692,38.354529484977775,5,231.2,1,0.0
28,5,2,3,0,5.75,0.5,0.17094017094017094,74.07246568729781,4,271.3,3,1.0
38,25,16,9,9,4.5,1.6,1.7391304347826089,70.4163376834035,6,512.4,1,0.0
32,10,6,4,4,4.25,1.2,0.6896551724137931,58.412344593568804,2,94.4,3,0.0
18,21,11,10,6,4.25,1.0,1.264367816091954,68.79126674590286,3,264.90000000000003,1,0.0
22,10,7,3,2,1.25,1.75,2.5925925925925926,57.515709078813046,2,185.0,2,0.0
28,14,4,10,3,4.75,0.36363636363636365,0.4123711340206186,59.80182289224559,5,220.9,2,0.0
41,9,2,7,0,2.0,0.25,0.47619047619047616,33.769797594671694,1,182.70000000000002,1,1.0
33,16,8,8,4,4.0,0.8888888888888888,0.9756097560975611,74.1528398616961,8,514.3,2,0.0
16,8,5,3,2,3.5,1.25,0.6944444444444444,47.03192971485512,4,105.3,2,0.0
44,14,4,10,0,3.75,0.36363636363636365,0.5194805194805194,66.51319865427313,5,164.1,1,1.0
31,12,5,7,2,3.25,0.625,0.7462686567164178,72.83193121452604,5,569.8,3,0.0
20,10,5,5,1,2.25,0.8333333333333334,1.0638297872340425,61.23089101564355,4,161.7,2,0.0
17,13,8,5,3,2.0,1.3333333333333333,1.9047619047619047,76.13429905571864,3,316.8,4,0.0
28,12,9,3,2,4.0,2.25,1.0975609756097562,68.53947905897945,3,331.0,3,0.0
25,14,11,3,6,2.75,2.75,1.9298245614035088,61.84003628381449,2,231.0,3,0.0
34,18,8,10,4,5.25,0.7272727272727273,0.7476635514018692,72.8929190569963,6,214.70000000000002,2,0.0
17,12,4,8,0,4.25,0.4444444444444444,0.4597701149425288,55.81915165652671,3,133.6,3,1.0
18,12,5,7,1,3.0,0.625,0.8064516129032258,52.72848230628352,3,263.6,3,0.0
20,12,5,7,3,2.0,0.625,1.1904761904761905,55.0866362776884,3,191.7,1,0.0
38,5,2,3,1,1.75,0.5,0.5405405405405405,47.82433054951483,1,85.1,1,0.0
44,16,6,10,3,4.0,0.5454545454545454,0.7317073170731708,78.43018684169289,7,594.6,3,0.0
23,10,6,4,5,1.75,1.2,1.6216216216216215,60.32653571111491,6,390.1,0,0.0
28,14,4,10,3,5.75,0.36363636363636365,0.3418803418803419,60.42480871822563,4,309.7,2,0.0
33,17,10,7,4,5.0,1.25,0.9803921568627452,73.43868759512394,5,439.40000000000003,3,0.0
41,11,8,3,2,4.25,2.0,0.9195402298850576,64.03912207674142,5,163.0,1,0.0
35,3,1,2,0,0.75,0.3333333333333333,0.5882352941176471,54.700724073884615,0,39.7,0,1.0
39,5,3,2,1,2.0,1.0,0.7142857142857143,64.41262073284723,4,112.10000000000001,3,0.0
28,15,10,5,8,3.0,1.6666666666666667,1.6129032258064515,54.602253889949786,4,440.3,3,0.0
33,20,10,10,5,4.75,0.9090909090909091,1.0309278350515465,75.9322559188696,5,415.20000000000005,2,0.0
33,20,10,10,4,3.0,0.9090909090909091,1.6129032258064515,73.21353606628307,3,363.9,2,0.0
33,17,9,8,4,6.25,1.0,0.7086614173228347,72.39463226937438,4,557.9,2,0.0
22,20,12,8,7,4.0,1.3333333333333333,1.4634146341463417,64.80096524032669,4,242.7,2,0.0
23,20,7,13,3,2.5,0.5,1.346153846153846,62.9650014309898,4,338.7,1,0.0
29,20,11,9,2,3.25,1.1,1.6417910447761193,56.12713169309104,7,223.4,4,0.0
33,27,16,11,10,5.5,1.3333333333333333,1.4285714285714286,76.24328403438834,7,387.2,3,0.0
22,24,14,10,6,3.75,1.2727272727272727,1.8181818181818181,66.91864386182462,5,488.2,3,0.0
25,5,2,3,1,0.75,0.5,1.1764705882352942,56.33146414348438,1,148.6,0,0.0
35,19,9,10,5,6.25,0.8181818181818182,0.7086614173228347,75.44470915488083,5,167.6,2,0.0
20,20,12,8,5,6.0,1.3333333333333333,0.9836065573770493,72.25344940495813,5,565.2,3,0.0
24,13,1,12,0,4.25,0.07692307692307693,0.1149425287356322,78.43901788079458,2,253.8,1,1.0
44,8,1,7,1,1.5,0.125,0.3125,47.91985828419774,5,186.7,1,0.0
20,11,2,9,0,6.25,0.2,0.15748031496062992,57.496437925291296,1,87.3,2,1.0
20,18,8,10,6,5.75,0.7272727272727273,0.6837606837606838,76.23016708825894,5,293.0,1,0.0
36,14,6,8,4,0.75,0.6666666666666666,3.5294117647058822,46.10963671476013,4,294.2,2,0.0
19,24,9,15,5,5.5,0.5625,0.8035714285714286,74.006660642686,8,662.4,4,0.0
32,12,5,7,2,1.75,0.625,1.3513513513513513,62.521248152720176,5,315.8,4,0.0
28,11,2,9,1,4.0,0.2,0.24390243902439027,59.53191275197867,2,272.6,0,0.0
36,16,9,7,5,5.0,1.125,0.8823529411764707,74.21151186151694,7,422.6,0,0.0
16,17,5,12,3,4.25,0.38461538461538464,0.574712643678161,57.4918313449773,5,273.3,1,0.0
30,6,1,5,0,1.5,0.16666666666666666,0.3125,39.54503265869184,0,46.199999999999996,0,1.0
22,15,10,5,6,4.75,1.6666666666666667,1.0309278350515465,62.45256333357783,2,227.9,2,0.0
24,17,10,7,7,3.75,1.25,1.2987012987012987,65.4408211682474,4,250.2,3,0.0
36,13,8,5,3,2.25,1.3333333333333333,1.702127659574468,75.77021082376882,2,219.20000000000002,3,0.0
32,16,10,6,6,4.5,1.4285714285714286,1.0869565217391306,63.99168937499455,7,443.1,5,0.0
32,21,13,8,7,4.5,1.4444444444444444,1.4130434782608696,73.90956517125255,8,642.3000000000001,0,0.0
43,20,6,14,5,6.0,0.4,0.49180327868852464,79.82466998772398,8,393.6,6,0.0
44,9,5,4,3,2.5,1.0,0.9615384615384615,60.0427675106239,5,136.0,3,0.0
32,20,10,10,5,2.75,0.9090909090909091,1.7543859649122806,59.855178345562,4,323.9,2,0.0
22,27,13,14,5,4.75,0.8666666666666667,1.3402061855670104,82.75252176600532,8,636.2,2,0.0
28,15,6,9,2,5.75,0.6,0.5128205128205129,58.42220862296884,4,476.59999999999997,0,0.0
17,5,1,4,1,0.5,0.2,0.8333333333333334,36.4833539446504,0,104.2,1,0.0
23,14,8,6,6,5.5,1.1428571428571428,0.7142857142857143,62.431016314555706,5,185.0,3,0.0
34,2,1,1,0,0.75,0.5,0.5882352941176471,,2,34.2,0,1.0
21,6,2,4,0,2.75,0.4,0.3508771929824561,83.03209130342624,3,277.8,1,1.0
18,7,2,5,0,0.75,0.3333333333333333,1.1764705882352942,57.55788210174043,4,80.6,2,1.0
35,20,6,14,4,1.75,0.4,1.6216216216216215,69.67712070731626,7,299.0,3,0.0
23,17,8,9,5,4.0,0.8,0.9756097560975611,58.17762328121439,3,230.8,0,0.0
16,12,3,9,0,4.0,0.3,0.3658536585365854,67.68041009104057,4,300.9,4,1.0
25,13,6,7,3,3.5,0.75,0.8333333333333333,70.85336345563353,7,342.4,3,0.0
38,18,4,14,3,9.0,0.26666666666666666,0.21978021978021978,76.93983222261011,5,148.0,1,0.0
32,6,2,4,0,3.0,0.4,0.3225806451612903,56.65577015720424,2,87.1,2,1.0
18,6,4,2,2,2.25,1.3333333333333333,0.851063829787234,47.10512379365827,3,90.19999999999999,1,0.0
19,10,4,6,2,1.5,0.5714285714285714,1.25,66.59840295658991,4,314.5,0,0.0
35,15,6,9,2,5.5,0.6,0.5357142857142857,76.37096785129229,8,704.3000000000001,3,0.0
23,19,12,7,5,2.5,1.5,2.3076923076923075,62.5310568408159,6,269.3,2,0.0
39,10,8,2,4,2.75,2.6666666666666665,1.4035087719298245,52.44360625651518,6,291.0,0,0.0
30,11,6,5,4,2.75,1.0,1.0526315789473684,58.00663695474756,5,170.0,1,0.0
40,10,4,6,1,2.25,0.5714285714285714,0.851063829787234,56.65724096397955,1,149.1,2,0.0
32,19,10,9,8,4.5,1.0,1.0869565217391306,77.01958995345146,5,576.0,3,0.0
44,11,6,5,1,3.5,1.0,0.8333333333333333,51.65446795431459,3,181.6,2,0.0
26,16,6,10,1,5.5,0.5454545454545454,0.5357142857142857,59.80204743700966,6,358.9,1,0.0
34,12,9,3,3,3.25,2.25,1.3432835820895521,58.77419055601691,5,333.5,2,0.0
27,11,4,7,1,5.5,0.5,0.35714285714285715,64.02245071751022,3,518.0,1,0.0
40,7,3,4,0,4.75,0.6,0.30927835051546393,56.67187091796977,1,221.20000000000002,1,1.0
42,11,4,7,0,4.0,0.5,0.48780487804878053,59.802615029718,2,221.4,2,1.0
41,23,12,11,7,7.0,1.0,0.8450704225352114,76.33196470004046,7,365.0,5,0.0
21,17,9,8,3,4.75,1.0,0.9278350515463918,67.9460159276624,4,243.9,3,0.0
18,17,11,6,4,4.0,1.5714285714285714,1.3414634146341464,59.26688137800824,4,285.3,1,0.0
44,5,1,4,0,3.25,0.2,0.14925373134328357,48.044521287558496,3,90.19999999999999,0,1.0
22,20,9,11,5,6.5,0.75,0.6818181818181819,74.21082071630431,5,358.2,2,0.0
36,13,9,4,4,4.25,1.8,1.0344827586206897,62.59713706882449,4,229.0,1,0.0
18,17,7,10,2,6.25,0.6363636363636364,0.5511811023622047,56.745477597602644,5,411.79999999999995,3,0.0
16,19,10,9,4,5.25,1.0,0.9345794392523366,64.71909469165162,7,376.1,1,0.0
35,18,8,10,4,3.25,0.7272727272727273,1.1940298507462686,74.50468295694826,5,335.4,1,0.0
19,23,13,10,9,4.75,1.1818181818181819,1.3402061855670104,72.78173719782119,5,421.1,4,0.0
33,5,3,2,0,1.25,1.0,1.111111111111111,58.89821411389713,2,114.3,1,1.0
26,26,10,16,4,6.25,0.5882352941176471,0.7874015748031497,75.3008944758671,7,324.09999999999997,4,0.0
33,13,6,7,3,5.25,0.75,0.5607476635514019,68.61869999775213,5,222.3,4,0.0
20,18,11,7,8,5.75,1.375,0.9401709401709403,72.37538991422363,7,403.5,3,0.0
23,15,11,4,6,3.0,2.2,1.7741935483870968,60.20324336104899,6,135.2,1,0.0
27,14,9,5,3,3.75,1.5,1.1688311688311688,62.56388215583864,4,334.1,6,0.0
39,11,7,4,5,3.5,1.4,0.9722222222222222,79.86119466214308,6,372.0,4,0.0
34,9,5,4,1,2.5,1.0,0.9615384615384615,42.54283991520287,3,233.2,1,0.0
40,7,5,2,4,1.75,1.6666666666666667,1.3513513513513513,,0,184.9,0,0.0
29,7,6,1,2,3.25,3.0,0.8955223880597015,53.995208872740484,2,134.8,3,0.0
41,11,4,7,2,1.5,0.5,1.25,51.29662725304607,2,160.7,1,0.0
20,18,8,10,3,5.0,0.7272727272727273,0.7843137254901962,72.47607865225021,5,518.3,4,0.0
16,27,12,15,3,4.75,0.75,1.2371134020618557,84.86694176508844,8,481.09999999999997,3,0.0
19,9,1,8,0,4.25,0.1111111111111111,0.1149425287356322,73.94096405580099,5,253.2,2,1.0
35,18,9,9,5,6.0,0.9,0.7377049180327869,74.75451360307548,7,571.1,4,0.0
27,10,4,6,1,2.5,0.5714285714285714,0.7692307692307692,69.26070666012316,3,95.10000000000001,4,0.0
29,15,10,5,3,4.75,1.6666666666666667,1.0309278350515465,61.86149801694503,6,429.5,3,0.0
38,21,15,6,9,2.75,2.142857142857143,2.631578947368421,73.24801499730576,5,610.3000000000001,1,0.0
31,22,13,9,5,4.5,1.3,1.4130434782608696,73.570857721412,7,435.1,8,0.0
29,10,5,5,4,5.25,0.8333333333333334,0.4672897196261683,71.56334123107534,6,618.8000000000001,0,0.0
28,18,11,7,5,4.25,1.375,1.264367816091954,64.83175270021417,4,308.7,1,0.0
24,16,9,7,5,3.5,1.125,1.25,71.15263937677508,7,488.20000000000005,4,0.0
21,16,9,7,4,4.25,1.125,1.0344827586206897,53.730666948764416,1,239.0,3,0.0
35,18,8,10,3,2.75,0.7272727272727273,1.4035087719298245,64.90911885452014,2,182.8,1,0.0
40,17,12,5,5,4.0,2.0,1.4634146341463417,75.34792668198452,6,521.9,1,0.0
18,20,10,10,4,6.25,0.9090909090909091,0.7874015748031497,75.57841180342506,4,559.7,2,0.0
40,18,8,10,5,4.75,0.7272727272727273,0.8247422680412372,71.38448244012329,6,431.2,0,0.0
17,10,7,3,5,1.25,1.75,2.5925925925925926,56.56703280659427,3,179.3,1,0.0
37,8,2,6,0,4.25,0.2857142857142857,0.2298850574712644,55.15360527731538,0,128.0,0,1.0
38,13,4,9,2,4.25,0.4,0.4597701149425288,57.41319579741055,3,362.4,2,0.0
22,8,4,4,3,2.5,0.8,0.7692307692307692,62.303433870191476,3,162.6,1,0.0
16,18,8,10,4,5.0,0.7272727272727273,0.7843137254901962,78.11823575779485,5,616.8000000000001,5,0.0
32,6,5,1,4,1.5,2.5,1.5625,48.7111099014874,2,293.8,2,0.0
21,22,16,6,7,5.25,2.2857142857142856,1.4953271028037385,85.96349457489694,5,651.5,4,0.0
42,19,9,10,3,3.25,0.8181818181818182,1.3432835820895521,76.09946025964732,7,147.2,2,0.0
34,8,3,5,2,3.5,0.5,0.41666666666666663,75.5720397526744,3,225.60000000000002,0,0.0
38,2,1,1,0,2.0,0.5,0.23809523809523808,37.17136471762393,3,182.7,0,1.0
21,14,5,9,1,2.0,0.5,1.1904761904761905,60.58090984445067,4,233.0,4,0.0
39,13,6,7,2,5.0,0.75,0.5882352941176471,62.613602326986985,6,240.4,1,0.0
18,10,4,6,0,3.0,0.5714285714285714,0.6451612903225806,53.15694808283583,3,203.6,2,1.0
23,20,11,9,3,5.75,1.1,0.9401709401709403,66.14755835201458,6,350.8,1,0.0
29,10,2,8,0,2.0,0.2222222222222222,0.47619047619047616,62.91436610391,2,252.6,1,1.0
30,11,6,5,3,3.0,1.0,0.9677419354838709,66.40996427101058,5,415.7,2,0.0
39,7,6,1,4,1.0,3.0,2.727272727272727,46.79761217231708,1,140.6,1,0.0
28,17,10,7,2,4.25,1.25,1.149425287356322,63.8387486460421,2,186.7,0,0.0
36,19,11,8,6,3.75,1.2222222222222223,1.4285714285714286,70.58879676605797,7,342.0,3,0.0
19,6,4,2,2,1.25,1.3333333333333333,1.4814814814814814,47.48233132096908,2,168.1,1,0.0
29,5,2,3,0,0.75,0.5,1.1764705882352942,55.07556937328937,1,266.4,0,1.0
17,14,2,12,2,2.25,0.15384615384615385,0.425531914893617,71.78522193774347,5,290.40000000000003,6,0.0
25,23,10,13,7,4.75,0.7142857142857143,1.0309278350515465,80.0412396365901,8,182.1,5,0.0
26,23,12,11,8,4.75,1.0,1.2371134020618557,79.36360645663201,5,547.1,4,0.0
41,27,12,15,7,5.5,0.75,1.0714285714285714,74.2400669293965,8,372.6,3,0.0
20,19,11,8,2,3.5,1.2222222222222223,1.5277777777777777,64.19892699627849,4,390.7,3,0.0
37,12,2,10,0,2.25,0.18181818181818182,0.425531914893617,62.94788314174724,6,319.8,5,1.0
25,20,9,11,2,3.5,0.75,1.25,75.78538861043376,3,229.3,4,0.0
29,8,4,4,1,1.5,0.8,1.25,55.458446404916174,1,140.0,1,0.0
41,18,10,8,4,4.5,1.1111111111111112,1.0869565217391306,80.46916990810672,8,324.2,3,0.0
35,20,8,12,2,3.75,0.6153846153846154,1.0389610389610389,66.82517704393351,2,132.70000000000002,4,0.0
24,6,3,3,1,1.5,0.75,0.9375,60.85300816811808,3,248.70000000000002,3,0.0
22,12,6,6,4,2.75,0.8571428571428571,1.0526315789473684,52.210775166616486,5,249.6,4,0.0
17,5,2,3,2,1.75,0.5,0.5405405405405405,46.392610679729884,3,35.1,0,0.0
31,27,17,10,7,8.5,1.5454545454545454,0.9883720930232559,86.49454183205683,7,686.3,5,0.0
44,11,5,6,4,4.75,0.7142857142857143,0.5154639175257733,66.20285798972962,7,325.7,3,0.0
25,20,12,8,5,6.75,1.3333333333333333,0.8759124087591241,83.90538580638945,6,565.8,4,0.0
18,7,4,3,2,3.0,1.0,0.6451612903225806,57.86708820008482,3,191.5,1,0.0
37,21,7,14,1,6.25,0.4666666666666667,0.5511811023622047,68.20367283782412,6,267.5,4,0.0
44,22,13,9,8,5.5,1.3,1.1607142857142858,56.652185072350456,5,377.8,1,0.0
20,22,17,5,8,5.5,2.8333333333333335,1.517857142857143,70.78310403347349,4,150.2,0,0.0
26,10,6,4,2,2.75,1.2,1.0526315789473684,52.78376399178317,3,299.3,1,0.0
27,13,4,9,0,3.25,0.4,0.5970149253731343,59.00337688693927,1,124.2,0,1.0
37,18,7,11,2,5.5,0.5833333333333334,0.625,75.71123053055402,6,249.6,3,0.0
36,6,3,3,2,4.25,0.75,0.3448275862068966,44.644363312327265,5,263.1,0,0.0
28,16,9,7,2,2.75,1.125,1.5789473684210527,56.414635562194164,1,192.3,1,0.0
39,9,3,6,1,3.25,0.42857142857142855,0.44776119402985076,55.745615325948776,1,170.2,0,0.0
40,3,1,2,1,0.25,0.3333333333333333,1.4285714285714286,38.09031815055354,0,117.10000000000001,1,0.0
39,13,6,7,2,3.0,0.75,0.9677419354838709,56.33101493055522,3,355.0,0,0.0
18,21,11,10,6,5.25,1.0,1.0280373831775702,83.85739470910133,6,698.0,5,0.0
28,16,8,8,3,2.5,0.8888888888888888,1.5384615384615383,58.9245752502383,5,296.2,2,0.0
37,9,3,6,2,5.0,0.42857142857142855,0.29411764705882354,56.27573827532029,7,206.9,3,0.0
41,17,9,8,7,5.25,1.0,0.8411214953271029,69.93226608821202,3,250.2,3,0.0
26,6,3,3,2,4.0,0.75,0.3658536585365854,69.16979447089763,3,174.8,2,0.0
37,10,5,5,1,4.25,0.8333333333333334,0.574712643678161,60.3599016604654,1,276.9,2,0.0
32,18,7,11,2,3.25,0.5833333333333334,1.044776119402985,63.979257889868336,4,675.6999999999999,4,0.0
22,8,4,4,4,1.5,0.8,1.25,36.50402129808909,2,152.0,3,0.0
41,15,6,9,4,4.0,0.6,0.7317073170731708,73.26364824061339,7,204.0,1,0.0
24,13,6,7,5,4.5,0.75,0.6521739130434783,70.9719144187905,5,327.8,3,0.0
29,9,5,4,2,2.25,1.0,1.0638297872340425,57.53109156299984,2,128.3,5,0.0
37,11,6,5,2,4.0,1.0,0.7317073170731708,54.1460477526023,4,191.7,3,0.0
34,12,8,4,4,4.0,1.6,0.9756097560975611,59.73612280805544,5,193.9,2,0.0
40,17,6,11,4,2.0,0.5,1.4285714285714286,61.27557700587383,6,564.9,1,0.0
36,30,16,14,6,4.5,1.0666666666666667,1.7391304347826089,71.55222209986498,5,411.5,1,0.0
40,19,6,13,3,4.5,0.42857142857142855,0.6521739130434783,64.88399497189285,4,401.9,1,0.0
19,8,4,4,3,2.25,0.8,0.851063829787234,59.585822653931295,6,184.7,2,0.0
40,13,4,9,2,2.75,0.4,0.7017543859649122,60.29929552705493,4,266.3,2,0.0
35,10,5,5,2,3.75,0.8333333333333334,0.6493506493506493,50.19631063704287,2,239.3,2,0.0
42,23,14,9,6,6.0,1.4,1.1475409836065575,76.40669354303694,6,169.3,3,0.0
16,8,1,7,0,4.5,0.125,0.10869565217391305,70.05826683776752,6,401.6,3,1.0
20,15,9,6,4,3.0,1.2857142857142858,1.4516129032258065,52.853209409182824,4,199.2,2,0.0
30,23,13,10,6,5.75,1.1818181818181819,1.1111111111111112,71.54793890557998,5,528.4,1,0.0
26,15,6,9,4,2.75,0.6,1.0526315789473684,72.24467696077478,4,190.4,3,0.0
22,15,7,8,2,5.75,0.7777777777777778,0.5982905982905983,71.3521528373528,6,291.5,2,0.0
41,17,8,9,6,4.75,0.8,0.8247422680412372,81.31395025163101,3,407.9,1,0.0
32,12,7,5,1,4.25,1.1666666666666667,0.8045977011494253,65.74352657211783,4,125.2,1,0.0
44,10,7,3,6,2.5,1.75,1.346153846153846,55.1273024092481,3,257.3,0,0.0
42,24,9,15,3,6.5,0.5625,0.6818181818181819,71.2833015768394,7,522.0,4,0.0
24,7,6,1,5,3.25,3.0,0.8955223880597015,56.94757392985821,1,207.9,1,0.0
37,23,12,11,6,5.25,1.0,1.1214953271028039,79.61087421662575,7,339.2,6,0.0
40,13,6,7,3,3.75,0.75,0.7792207792207793,69.99077391419513,4,347.1,2,0.0
